,fromnode,tonode,key,linknwid,highway,name,oneway,reversed,length,lanes,maxspeed,ref,access,junction,bridge,tunnel,geometry,inundationDepth,LS_0,DS_0,DS_1,time,recov,mean_downtime,std_downtime
0,7185334298,10137915981,0,"[436237643, 11507757]",residential,"['McNair Road', 'Sims Road']",0,False,167.58800902580379,,,,,,no,,"LINESTRING (-76.4872519 38.9850158, -76.48718359999999 38.9849943, -76.48650170000001 38.9856163, -76.4864735 38.985642, -76.4857367 38.9858171)",13.809748482304316,0.7352393338,0.26476066620000005,0.7352393338,[0. 1. 2. 3. 4. 5. 6. 7. 8. 9.],"[0.26476067 0.26476067 0.26476088 0.63238033 0.99999979 1.
 1.         1.         1.         1.        ]",2.2057180014,1.3236173712708792
1,7185334298,4835974738,0,436237643,residential,Sims Road,0,True,164.37963855348607,,,,,,no,,"LINESTRING (-76.4872519 38.9850158, -76.4876098 38.9851286, -76.4877508 38.9851668, -76.4878866 38.9851961, -76.48802190000001 38.9851952, -76.4881364 38.9851667, -76.4882508 38.9851041, -76.4887973 38.9846186)",13.73518764634679,0.7345868844,0.2654131156,0.7345868844,[0. 1. 2. 3. 4. 5. 6. 7. 8. 9.],"[0.26541312 0.26541312 0.26541333 0.63270656 0.99999979 1.
 1.         1.         1.         1.        ]",2.2037606532000003,1.3246591204115303
2,102629495,102614539,0,11514655,residential,Giddings Avenue,0,False,113.32696815077662,,,,,,no,,"LINESTRING (-76.4994059 38.9923131, -76.50029600000001 38.9915647)",0.0,0.0,1.0,0.0,[0. 1. 2. 3. 4. 5. 6. 7. 8. 9.],[1. 1. 1. 1. 1. 1. 1. 1. 1. 1.],0.0,0.0
3,102629495,102610258,0,11514655,residential,Giddings Avenue,0,True,117.49687750634276,,,,,,no,,"LINESTRING (-76.4994059 38.9923131, -76.4984876 38.9930923)",0.0,0.0,1.0,0.0,[0. 1. 2. 3. 4. 5. 6. 7. 8. 9.],[1. 1. 1. 1. 1. 1. 1. 1. 1. 1.],0.0,0.0
4,102629495,102593333,0,11518241,residential,Shiley Street,0,False,141.5495629981769,,,,,,no,,"LINESTRING (-76.4994059 38.9923131, -76.50060360000001 38.9931814)",0.0,0.0,1.0,0.0,[0. 1. 2. 3. 4. 5. 6. 7. 8. 9.],[1. 1. 1. 1. 1. 1. 1. 1. 1. 1.],0.0,0.0
5,102629499,102593331,0,11516423,residential,Tucker Street,0,False,142.529155269972,,,,,,no,,"LINESTRING (-76.501229 38.9907677, -76.50242590000001 38.9916495)",0.0,0.0,1.0,0.0,[0. 1. 2. 3. 4. 5. 6. 7. 8. 9.],[1. 1. 1. 1. 1. 1. 1. 1. 1. 1.],0.0,0.0
6,102629499,8413536022,0,1071788458,residential,Tucker Street,0,True,48.90307817853396,,,,,,no,,"LINESTRING (-76.501229 38.9907677, -76.5008076 38.9904742)",0.0,0.0,1.0,0.0,[0. 1. 2. 3. 4. 5. 6. 7. 8. 9.],[1. 1. 1. 1. 1. 1. 1. 1. 1. 1.],0.0,0.0
7,102629499,3590614203,0,1303091350,residential,Giddings Avenue,0,False,56.008230561614624,,,,,,no,,"LINESTRING (-76.501229 38.9907677, -76.50167190000001 38.9904)",0.0,0.0,1.0,0.0,[0. 1. 2. 3. 4. 5. 6. 7. 8. 9.],[1. 1. 1. 1. 1. 1. 1. 1. 1. 1.],0.0,0.0
8,102629499,102614539,0,11514655,residential,Giddings Avenue,0,True,119.86590710843561,,,,,,no,,"LINESTRING (-76.501229 38.9907677, -76.500826 38.9911314, -76.50061820000001 38.9912927, -76.50029600000001 38.9915647)",0.0,0.0,1.0,0.0,[0. 1. 2. 3. 4. 5. 6. 7. 8. 9.],[1. 1. 1. 1. 1. 1. 1. 1. 1. 1.],0.0,0.0
9,1486127380,102614143,0,437649001,residential,Vandergrift Road,0,True,22.651648140079296,,,,,,no,,"LINESTRING (-76.49532979999999 38.9859356, -76.4954073 38.985741)",0.9190967846802405,0.3563917871,0.6436082129,0.3563917871,[0. 1. 2. 3. 4. 5. 6. 7. 8. 9.],"[0.64360821 0.64360821 0.64360832 0.82180411 0.9999999  1.
 1.         1.         1.         1.        ]",1.0691753613,1.436798712182774
10,1486127380,7221536327,0,41194550,residential,Wainwright Drive,0,True,232.2614939806758,,,,,,no,,"LINESTRING (-76.49532979999999 38.9859356, -76.49560870000001 38.9860502, -76.4958781 38.9862211, -76.4968774 38.986855, -76.4971898 38.9870632, -76.49731850000001 38.9872696, -76.49730099999999 38.9872862)",0.24425418862616333,0.1961019385,0.8038980615,0.1961019385,[0. 1. 2. 3. 4. 5. 6. 7. 8. 9.],"[0.80389806 0.80389806 0.80389812 0.90194903 0.99999994 1.
 1.         1.         1.         1.        ]",0.5883058155000002,1.1911397645954886
11,1486127380,8390795753,0,437649001,residential,Vandergrift Road,0,False,193.85259756093805,,,,,,no,,"LINESTRING (-76.49532979999999 38.9859356, -76.4950896 38.9860875, -76.494816 38.9862459, -76.4945666 38.986321, -76.49432779999999 38.9864753, -76.4941324 38.9866473, -76.4939014 38.9868506, -76.4936431 38.9870564)",3.0572162736347845,0.5295037647,0.47049623529999995,0.5295037647,[0. 1. 2. 3. 4. 5. 6. 7. 8. 9.],"[0.47049624 0.47049624 0.47049639 0.73524812 0.99999985 1.
 1.         1.         1.         1.        ]",1.5885112941000001,1.4973865092049843
12,10245603663,102563660,0,50319297,secondary,Compromise Street,0,False,36.525179904349336,,,,,,no,,"LINESTRING (-76.48626849999999 38.9758556, -76.4864353 38.9761574)",2.215120276003839,0.4822499221,0.5177500778999999,0.4822499221,[0. 1. 2. 3. 4. 5. 6. 7. 8. 9.],"[0.51775008 0.51775008 0.51775022 0.75887504 0.99999986 1.
 1.         1.         1.         1.        ]",1.4467497663000002,1.4990546906506412
13,10245603663,102576071,0,50319297,secondary,Compromise Street,0,True,35.523679229131034,,,,,,no,,"LINESTRING (-76.48626849999999 38.9758556, -76.48610619999999 38.9755621)",2.0229660473165527,0.4689579255,0.5310420745,0.4689579255,[0. 1. 2. 3. 4. 5. 6. 7. 8. 9.],"[0.53104207 0.53104207 0.53104221 0.76552104 0.99999987 1.
 1.         1.         1.         1.        ]",1.4068737765000001,1.497106557398883
14,3158507895,102589402,0,11509199,residential,Saint Johns Street,0,False,86.7859525743469,,,,,,no,,"LINESTRING (-76.4926877 38.9810717, -76.4934495 38.9815801)",0.0,0.0,1.0,0.0,[0. 1. 2. 3. 4. 5. 6. 7. 8. 9.],[1. 1. 1. 1. 1. 1. 1. 1. 1. 1.],0.0,0.0
15,3158507895,3158666142,0,11509199,residential,Saint Johns Street,0,True,142.13410937763473,,,,,,no,,"LINESTRING (-76.4926877 38.9810717, -76.4914424 38.9802882, -76.49141 38.9802671)",0.0,0.0,1.0,0.0,[0. 1. 2. 3. 4. 5. 6. 7. 8. 9.],[1. 1. 1. 1. 1. 1. 1. 1. 1. 1.],0.0,0.0
16,3158507919,3158507933,0,43931120,secondary,King George Street,0,False,77.49643453057509,2,25 mph,MD 450,,,no,,"LINESTRING (-76.4903224 38.982498, -76.4910155 38.9829401)",6.602831509309512,0.6395616684,0.36043833160000005,0.6395616684,[0. 1. 2. 3. 4. 5. 6. 7. 8. 9.],"[0.36043833 0.36043833 0.36043851 0.68021917 0.99999982 1.
 1.         1.         1.         1.        ]",1.9186850051999997,1.4403831433844632
17,3158507919,102562636,0,43931120,secondary,King George Street,0,True,8.043565289309512,2,25 mph,MD 450,,,no,,"LINESTRING (-76.4903224 38.982498, -76.490246 38.9824567)",0.0,0.0,1.0,0.0,[0. 1. 2. 3. 4. 5. 6. 7. 8. 9.],[1. 1. 1. 1. 1. 1. 1. 1. 1. 1.],0.0,0.0
18,3158507933,3158507937,0,43931120,secondary,King George Street,0,False,61.56236824373652,2,25 mph,MD 450,,,no,,"LINESTRING (-76.4910155 38.9829401, -76.4915683 38.9832892)",7.008904602723819,0.6477464715,0.3522535285,0.6477464715,[0. 1. 2. 3. 4. 5. 6. 7. 8. 9.],"[0.35225353 0.35225353 0.35225371 0.67612676 0.99999981 1.
 1.         1.         1.         1.        ]",1.9432394145000003,1.4330176426492012
19,3158507933,3158507919,0,43931120,secondary,King George Street,0,True,77.49643453057509,2,25 mph,MD 450,,,no,,"LINESTRING (-76.4910155 38.9829401, -76.4903224 38.982498)",6.602831509309512,0.6395616684,0.36043833160000005,0.6395616684,[0. 1. 2. 3. 4. 5. 6. 7. 8. 9.],"[0.36043833 0.36043833 0.36043851 0.68021917 0.99999982 1.
 1.         1.         1.         1.        ]",1.9186850051999997,1.4403831433844632
20,3158507937,3148256782,0,43931120,secondary,King George Street,0,False,238.2961775218379,2,25 mph,MD 450,,,no,,"LINESTRING (-76.4915683 38.9832892, -76.4936893 38.9846583)",8.960600998597842,0.6806850322,0.3193149678,0.6806850322,[0. 1. 2. 3. 4. 5. 6. 7. 8. 9.],"[0.31931497 0.31931497 0.31931516 0.65965748 0.9999998  1.
 1.         1.         1.         1.        ]",2.0420550966,1.398633995270994
21,3158507937,3158507933,0,43931120,secondary,King George Street,0,True,61.56236824373652,2,25 mph,MD 450,,,no,,"LINESTRING (-76.4915683 38.9832892, -76.4910155 38.9829401)",7.008904602723819,0.6477464715,0.3522535285,0.6477464715,[0. 1. 2. 3. 4. 5. 6. 7. 8. 9.],"[0.35225353 0.35225353 0.35225371 0.67612676 0.99999981 1.
 1.         1.         1.         1.        ]",1.9432394145000003,1.4330176426492012
22,102564288,102562800,0,11512063,residential,Granada Avenue,0,False,84.56999050733224,,,,,,no,,"LINESTRING (-76.4999856 38.9720976, -76.5008792 38.9717881)",0.0,0.0,1.0,0.0,[0. 1. 2. 3. 4. 5. 6. 7. 8. 9.],[1. 1. 1. 1. 1. 1. 1. 1. 1. 1.],0.0,0.0
23,102564288,102622198,0,11519668,residential,Monticello Avenue,0,False,45.05257289266066,,,,,,no,,"LINESTRING (-76.4999856 38.9720976, -76.500193 38.9724693)",0.0,0.0,1.0,0.0,[0. 1. 2. 3. 4. 5. 6. 7. 8. 9.],[1. 1. 1. 1. 1. 1. 1. 1. 1. 1.],0.0,0.0
24,102597243,10759362319,0,11517306,residential,Phythian Road,0,True,21.813536960436764,,,,,,no,,"LINESTRING (-76.492188 38.9883692, -76.4923953 38.9884811)",0.0,0.0,1.0,0.0,[0. 1. 2. 3. 4. 5. 6. 7. 8. 9.],[1. 1. 1. 1. 1. 1. 1. 1. 1. 1.],0.0,0.0
25,102597243,102554613,0,"[11509752, 11509754]",residential,Longshaw Road,0,"[False, True]",255.88754464055788,,,,,,no,,"LINESTRING (-76.492188 38.9883692, -76.491837 38.9887109, -76.492125 38.988897, -76.49368219999999 38.9899015)",0.0,0.0,1.0,0.0,[0. 1. 2. 3. 4. 5. 6. 7. 8. 9.],[1. 1. 1. 1. 1. 1. 1. 1. 1. 1.],0.0,0.0
26,102597243,102581993,0,11517306,residential,Phythian Road,0,False,92.1210546270133,,,,,,no,,"LINESTRING (-76.492188 38.9883692, -76.4919275 38.9882295, -76.49176199999999 38.9881101, -76.4915056 38.9879832, -76.4914103 38.9878958, -76.4913751 38.9878468)",5.165987160402041,0.6052688509,0.39473114909999996,0.6052688509,[0. 1. 2. 3. 4. 5. 6. 7. 8. 9.],"[0.39473115 0.39473115 0.39473132 0.69736557 0.99999983 1.
 1.         1.         1.         1.        ]",1.8158065527000002,1.4663788443907706
27,6495077016,3583517825,0,352595209,residential,Ridgely Avenue,0,False,57.04286829212137,,,,,,no,,"LINESTRING (-76.5011957 38.9873408, -76.5012004 38.9873887, -76.50121679999999 38.9876099, -76.50123670000001 38.9878528)",0.0,0.0,1.0,0.0,[0. 1. 2. 3. 4. 5. 6. 7. 8. 9.],[1. 1. 1. 1. 1. 1. 1. 1. 1. 1.],0.0,0.0
28,6495077016,6496830115,0,352595209,residential,Ridgely Avenue,0,True,60.53852762635096,,,,,,no,,"LINESTRING (-76.5011957 38.9873408, -76.501193 38.9873131, -76.50107970000001 38.986978, -76.5010456 38.9868099)",0.0,0.0,1.0,0.0,[0. 1. 2. 3. 4. 5. 6. 7. 8. 9.],[1. 1. 1. 1. 1. 1. 1. 1. 1. 1.],0.0,0.0
29,9898623652,102631414,0,11514938,residential,School Street,1,False,12.033777920347928,,,,,,no,,"LINESTRING (-76.4915577 38.978598, -76.4914225 38.9786238)",0.0,0.0,1.0,0.0,[0. 1. 2. 3. 4. 5. 6. 7. 8. 9.],[1. 1. 1. 1. 1. 1. 1. 1. 1. 1.],0.0,0.0
30,9898623654,1304022800,0,115397810,residential,School Street,1,False,24.126528756118113,,,,,,no,,"LINESTRING (-76.4915591 38.9786945, -76.4916023 38.9786552, -76.4917013 38.9786045, -76.4917923 38.978586)",0.0,0.0,1.0,0.0,[0. 1. 2. 3. 4. 5. 6. 7. 8. 9.],[1. 1. 1. 1. 1. 1. 1. 1. 1. 1.],0.0,0.0
31,9898623661,102582125,0,115391770,residential,North Street,0,False,4.771246046003927,2,,,,,no,,"LINESTRING (-76.4910105 38.9794729, -76.4909992 38.9794309)",0.0,0.0,1.0,0.0,[0. 1. 2. 3. 4. 5. 6. 7. 8. 9.],[1. 1. 1. 1. 1. 1. 1. 1. 1. 1.],0.0,0.0
32,9898623661,1303929720,0,115391770,residential,North Street,0,True,71.51224225403072,2,,,,,no,,"LINESTRING (-76.4910105 38.9794729, -76.4911805 38.9801023)",0.0,0.0,1.0,0.0,[0. 1. 2. 3. 4. 5. 6. 7. 8. 9.],[1. 1. 1. 1. 1. 1. 1. 1. 1. 1.],0.0,0.0
33,6495077042,639282744,0,50320187,primary,Roscoe Rowe Boulevard,1,False,271.45117680353275,2,,MD 70,,,no,,"LINESTRING (-76.5003573 38.9856058, -76.50054 38.9857203, -76.501104 38.9860712, -76.50194620000001 38.9865674, -76.502656 38.9869981, -76.50268370000001 38.9870149, -76.5028343 38.9871064)",0.0,0.0,1.0,0.0,[0. 1. 2. 3. 4. 5. 6. 7. 8. 9.],[1. 1. 1. 1. 1. 1. 1. 1. 1. 1.],0.0,0.0
34,6495077044,102645118,0,192889419,primary,Roscoe Rowe Boulevard,1,False,8.503396018022054,2,,MD 70,,,no,,"LINESTRING (-76.5004778 38.9854973, -76.50040079999999 38.9854497)",0.0,0.0,1.0,0.0,[0. 1. 2. 3. 4. 5. 6. 7. 8. 9.],[1. 1. 1. 1. 1. 1. 1. 1. 1. 1.],0.0,0.0
35,2286912254,102554613,0,11509752,residential,Longshaw Road,0,False,14.573385684346793,,,,,,no,,"LINESTRING (-76.4938033 38.9899927, -76.49368219999999 38.9899015)",0.0,0.0,1.0,0.0,[0. 1. 2. 3. 4. 5. 6. 7. 8. 9.],[1. 1. 1. 1. 1. 1. 1. 1. 1. 1.],0.0,0.0
36,2286912254,102591775,0,824427029,primary,Baltimore Annapolis Boulevard,0,True,39.324255014220306,2,,MD 450,,,no,,"LINESTRING (-76.4938033 38.9899927, -76.49417099999999 38.9897844)",0.0,0.0,1.0,0.0,[0. 1. 2. 3. 4. 5. 6. 7. 8. 9.],[1. 1. 1. 1. 1. 1. 1. 1. 1. 1.],0.0,0.0
37,2286912254,2286912259,0,824427029,primary,Baltimore Annapolis Boulevard,0,False,119.89412706335298,2,,MD 450,,,no,,"LINESTRING (-76.4938033 38.9899927, -76.4929872 38.990503, -76.4927182 38.9906644)",7.28479638357709,0.6530051733,0.34699482670000004,0.6530051733,[0. 1. 2. 3. 4. 5. 6. 7. 8. 9.],"[0.34699483 0.34699483 0.34699501 0.67349741 0.99999981 1.
 1.         1.         1.         1.        ]",1.9590155199000001,1.4280425418140632
38,2286912259,102635911,0,11517728,residential,Ramsey Road,0,True,339.03784167040425,,,,,,no,,"LINESTRING (-76.4927182 38.9906644, -76.4925949 38.9906049, -76.492487 38.9905687, -76.492424 38.9905742, -76.49223189999999 38.9906556, -76.4921544 38.9906789, -76.49207989999999 38.9906901, -76.49187740000001 38.9907258, -76.4918139 38.9907431, -76.4917257 38.9907824, -76.4915953 38.9909084, -76.4914321 38.9908903, -76.49135 38.9908866, -76.4912617 38.9909073, -76.4911931 38.9909356, -76.4909689 38.9910649, -76.49090510000001 38.9910738, -76.4908367 38.9910472, -76.4905739 38.990873, -76.49042799999999 38.9907455, -76.49028199999999 38.9905777, -76.49018479999999 38.9904418, -76.4901031 38.9902811, -76.4900669 38.9901557, -76.4900643 38.9900784, -76.4902242 38.9898958)",12.916675594049197,0.7271254062,0.2728745938,0.7271254062,[0. 1. 2. 3. 4. 5. 6. 7. 8. 9.],"[0.27287459 0.27287459 0.2728748  0.6364373  0.99999979 1.
 1.         1.         1.         1.        ]",2.1813762186,1.3363110724875882
39,2286912259,2286912254,0,824427029,primary,Baltimore Annapolis Boulevard,0,True,119.89412706335298,2,,MD 450,,,no,,"LINESTRING (-76.4927182 38.9906644, -76.4929872 38.990503, -76.4938033 38.9899927)",7.28479638357709,0.6530051733,0.34699482670000004,0.6530051733,[0. 1. 2. 3. 4. 5. 6. 7. 8. 9.],"[0.34699483 0.34699483 0.34699501 0.67349741 0.99999981 1.
 1.         1.         1.         1.        ]",1.9590155199000001,1.4280425418140632
40,10245669636,4699361904,0,50319305,secondary,Compromise Street,1,False,28.38491790086148,,,,,,no,,"LINESTRING (-76.48719490000001 38.9772904, -76.4870669 38.9772574, -76.4870068 38.9772208, -76.48697780000001 38.977192, -76.4869434 38.9771445)",2.0086090765295044,0.4679159121,0.5320840879,0.4679159121,[0. 1. 2. 3. 4. 5. 6. 7. 8. 9.],"[0.53208409 0.53208409 0.53208422 0.76604204 0.99999987 1.
 1.         1.         1.         1.        ]",1.4037477363000002,1.4969088276337852
41,7308543060,102584600,0,396308142,residential,South Street,1,False,91.8324861491921,,,,,,no,,"LINESTRING (-76.49285949999999 38.9780247, -76.4927529 38.977203)",0.0,0.0,1.0,0.0,[0. 1. 2. 3. 4. 5. 6. 7. 8. 9.],[1. 1. 1. 1. 1. 1. 1. 1. 1. 1.],0.0,0.0
42,11485643862,11485643864,0,11513597,residential,Madison Place,0,False,26.151371604087483,,,,,,no,,"LINESTRING (-76.5010695 38.9772515, -76.5011827 38.9774696)",0.0,0.0,1.0,0.0,[0. 1. 2. 3. 4. 5. 6. 7. 8. 9.],[1. 1. 1. 1. 1. 1. 1. 1. 1. 1.],0.0,0.0
43,11485643862,102607817,0,11513597,residential,Madison Place,0,True,29.854634787973914,,,,,,no,,"LINESTRING (-76.5010695 38.9772515, -76.5009429 38.9770017)",0.0,0.0,1.0,0.0,[0. 1. 2. 3. 4. 5. 6. 7. 8. 9.],[1. 1. 1. 1. 1. 1. 1. 1. 1. 1.],0.0,0.0
44,11485643864,11485643862,0,11513597,residential,Madison Place,0,True,26.151371604087483,,,,,,no,,"LINESTRING (-76.5011827 38.9774696, -76.5010695 38.9772515)",0.0,0.0,1.0,0.0,[0. 1. 2. 3. 4. 5. 6. 7. 8. 9.],[1. 1. 1. 1. 1. 1. 1. 1. 1. 1.],0.0,0.0
45,11485643864,102607361,0,11513597,residential,Madison Place,0,False,123.27398321156014,,,,,,no,,"LINESTRING (-76.5011827 38.9774696, -76.5015136 38.9781249, -76.5017027 38.9785019)",0.0,0.0,1.0,0.0,[0. 1. 2. 3. 4. 5. 6. 7. 8. 9.],[1. 1. 1. 1. 1. 1. 1. 1. 1. 1.],0.0,0.0
46,7611024585,102584606,0,11508366,residential,Perry Circle,0,False,25.672426423381282,,,,,,no,,"LINESTRING (-76.49612380000001 38.9892248, -76.4960442 38.9891104, -76.49598159999999 38.9890221)",0.0,0.0,1.0,0.0,[0. 1. 2. 3. 4. 5. 6. 7. 8. 9.],[1. 1. 1. 1. 1. 1. 1. 1. 1. 1.],0.0,0.0
47,7611024585,3814033151,0,11508366,residential,Perry Circle,0,True,214.82897828235173,,,,,,no,,"LINESTRING (-76.49612380000001 38.9892248, -76.4961326 38.9892375, -76.4962372 38.9893161, -76.4963764 38.9893568, -76.49651830000001 38.9893555, -76.4966242 38.9893295, -76.49673420000001 38.9892655, -76.497085 38.9889838, -76.4975486 38.988604, -76.4976813 38.9885642, -76.4978302 38.9885665, -76.49790900000001 38.9886092, -76.4979664 38.988674, -76.4979972 38.988761)",0.0,0.0,1.0,0.0,[0. 1. 2. 3. 4. 5. 6. 7. 8. 9.],[1. 1. 1. 1. 1. 1. 1. 1. 1. 1.],0.0,0.0
48,3812721913,102559048,0,11508219,residential,Santee Road,0,False,80.72783489316151,,,,private,,no,,"LINESTRING (-76.4817601 38.9835124, -76.48104499999999 38.9830454)",10.987505289298063,0.7069972795,0.2930027205,0.7069972795,[0. 1. 2. 3. 4. 5. 6. 7. 8. 9.],"[0.29300272 0.29300272 0.29300292 0.64650136 0.9999998  1.
 1.         1.         1.         1.        ]",2.1209918385,1.365419330156094
49,3812721913,3812721933,0,11508219,residential,Santee Road,0,True,18.070351371567646,,,,private,,no,,"LINESTRING (-76.4817601 38.9835124, -76.4819201 38.983617)",10.944147678595549,0.7064967836,0.2935032164,0.7064967836,[0. 1. 2. 3. 4. 5. 6. 7. 8. 9.],"[0.29350322 0.29350322 0.29350342 0.64675161 0.9999998  1.
 1.         1.         1.         1.        ]",2.1194903508,1.3661012097715697
50,3812721933,3812721913,0,11508219,residential,Santee Road,0,False,18.070351371567646,,,,private,,no,,"LINESTRING (-76.4819201 38.983617, -76.4817601 38.9835124)",10.944147678595549,0.7064967836,0.2935032164,0.7064967836,[0. 1. 2. 3. 4. 5. 6. 7. 8. 9.],"[0.29350322 0.29350322 0.29350342 0.64675161 0.9999998  1.
 1.         1.         1.         1.        ]",2.1194903508,1.3661012097715697
51,3812721933,102555936,0,11508219,residential,Santee Road,0,True,17.70120190687375,,,,private,,no,,"LINESTRING (-76.4819201 38.983617, -76.4820769 38.9837194)",11.22169253466702,0.7096602045,0.2903397955,0.7096602045,[0. 1. 2. 3. 4. 5. 6. 7. 8. 9.],"[0.2903398 0.2903398 0.29034   0.6451699 0.9999998 1.        1.
 1.        1.        1.       ]",2.1289806134999996,1.3617577616969978
52,102597965,1727065894,0,192889395,primary,Baltimore Boulevard,0,True,52.51541501929792,2,,MD 435,,,no,,"LINESTRING (-76.5007396 38.9889832, -76.500327 38.9886365)",0.0,0.0,1.0,0.0,[0. 1. 2. 3. 4. 5. 6. 7. 8. 9.],[1. 1. 1. 1. 1. 1. 1. 1. 1. 1.],0.0,0.0
53,102597965,7085887671,0,160669677,tertiary,Annapolis Street,0,True,25.33087969213097,,,,,,no,,"LINESTRING (-76.5007396 38.9889832, -76.5008223 38.9890511, -76.500941 38.9891487)",0.0,0.0,1.0,0.0,[0. 1. 2. 3. 4. 5. 6. 7. 8. 9.],[1. 1. 1. 1. 1. 1. 1. 1. 1. 1.],0.0,0.0
54,102597965,1727065807,0,192889420,primary,Taylor Avenue,0,True,49.735897727482374,2,,MD 435,,,no,,"LINESTRING (-76.5007396 38.9889832, -76.50082620000001 38.9889054, -76.5011162 38.988645)",0.0,0.0,1.0,0.0,[0. 1. 2. 3. 4. 5. 6. 7. 8. 9.],[1. 1. 1. 1. 1. 1. 1. 1. 1. 1.],0.0,0.0
55,102597968,8389550499,0,160669677,tertiary,Annapolis Street,0,False,44.11406158557285,,,,,,no,,"LINESTRING (-76.50212639999999 38.9900225, -76.50175900000001 38.9897471)",0.0,0.0,1.0,0.0,[0. 1. 2. 3. 4. 5. 6. 7. 8. 9.],[1. 1. 1. 1. 1. 1. 1. 1. 1. 1.],0.0,0.0
56,102597968,7094900479,0,160669677,tertiary,Annapolis Street,0,True,45.55103293290209,,,,,,no,,"LINESTRING (-76.50212639999999 38.9900225, -76.5025141 38.9903)",0.0,0.0,1.0,0.0,[0. 1. 2. 3. 4. 5. 6. 7. 8. 9.],[1. 1. 1. 1. 1. 1. 1. 1. 1. 1.],0.0,0.0
57,102597968,102587077,0,1303091350,residential,Giddings Avenue,0,False,117.34715339952332,,,,,,no,,"LINESTRING (-76.50212639999999 38.9900225, -76.5030435 38.9892443)",0.0,0.0,1.0,0.0,[0. 1. 2. 3. 4. 5. 6. 7. 8. 9.],[1. 1. 1. 1. 1. 1. 1. 1. 1. 1.],0.0,0.0
58,102597968,10031702909,0,1303091350,residential,Giddings Avenue,0,True,37.892522731935415,,,,,,no,,"LINESTRING (-76.50212639999999 38.9900225, -76.5018268 38.9902713)",0.0,0.0,1.0,0.0,[0. 1. 2. 3. 4. 5. 6. 7. 8. 9.],[1. 1. 1. 1. 1. 1. 1. 1. 1. 1.],0.0,0.0
59,3615881096,3615881099,0,534660291,residential,Porter Road,0,False,9.581471272624205,,,,,,no,,"LINESTRING (-76.4851638 38.9799939, -76.4850789 38.9799385)",0.19944812872982176,0.1761389073,0.8238610927,0.1761389073,[0. 1. 2. 3. 4. 5. 6. 7. 8. 9.],"[0.82386109 0.82386109 0.82386114 0.91193055 0.99999995 1.
 1.         1.         1.         1.        ]",0.5284167219000001,1.1428150050110635
60,3615881096,5184736572,0,534660291,residential,Porter Road,0,True,26.231918085663356,,,,,,no,,"LINESTRING (-76.4851638 38.9799939, -76.4853961 38.9801457)",0.19944812872982176,0.1761389073,0.8238610927,0.1761389073,[0. 1. 2. 3. 4. 5. 6. 7. 8. 9.],"[0.82386109 0.82386109 0.82386114 0.91193055 0.99999995 1.
 1.         1.         1.         1.        ]",0.5284167219000001,1.1428150050110635
61,10031891817,1304062166,0,1107988360,residential,King George Street,1,False,11.106220572461346,1,,,private,,no,,"LINESTRING (-76.4830091 38.9778473, -76.4829579 38.9778006, -76.48293390000001 38.9777669)",12.598541923331906,0.7240675265,0.27593247350000005,0.7240675265,[0. 1. 2. 3. 4. 5. 6. 7. 8. 9.],"[0.27593247 0.27593247 0.27593268 0.63796624 0.99999979 1.
 1.         1.         1.         1.        ]",2.1722025795,1.3409491125072288
62,10031891819,10031891824,0,534660285,residential,Brownson Road,1,False,76.7262486334786,,,,private,,no,,"LINESTRING (-76.48272179999999 38.9778969, -76.4821539 38.9784272)",13.028220005798032,0.7281758491,0.2718241509,0.7281758491,[0. 1. 2. 3. 4. 5. 6. 7. 8. 9.],"[0.27182415 0.27182415 0.27182436 0.63591208 0.99999979 1.
 1.         1.         1.         1.        ]",2.1845275473,1.3346995436870623
63,10031891824,7983788962,0,534660285,residential,Brownson Road,1,False,45.52285705519364,,,,private,,no,,"LINESTRING (-76.4821539 38.9784272, -76.4818169 38.9787418)",12.976672538089444,0.7276917855,0.2723082145,0.7276917855,[0. 1. 2. 3. 4. 5. 6. 7. 8. 9.],"[0.27230821 0.27230821 0.27230842 0.63615411 0.99999979 1.
 1.         1.         1.         1.        ]",2.1830753565000003,1.3354433315264165
64,3615881115,3615881112,0,534660291,residential,Porter Road,0,True,9.472404207382299,,,,,,no,,"LINESTRING (-76.4844494 38.9795273, -76.4845333 38.9795821)",12.281678863334347,0.7209268439,0.27907315610000005,0.7209268439,[0. 1. 2. 3. 4. 5. 6. 7. 8. 9.],"[0.27907316 0.27907316 0.27907336 0.63953658 0.99999979 1.
 1.         1.         1.         1.        ]",2.1627805317,1.345631001953625
65,3615881115,102557194,0,534660291,residential,Porter Road,0,False,50.66079336733317,,,,,,no,,"LINESTRING (-76.4844494 38.9795273, -76.484138 38.9793239, -76.4840007 38.9792342)",12.508071132468869,0.7231806921,0.2768193079,0.7231806921,[0. 1. 2. 3. 4. 5. 6. 7. 8. 9.],"[0.27681931 0.27681931 0.27681952 0.63840965 0.99999979 1.
 1.         1.         1.         1.        ]",2.1695420763000004,1.3422794929773059
66,102631015,102631017,0,11514883,residential,Southgate Court,0,False,54.20091581571184,,,,,,no,,"LINESTRING (-76.4943778 38.9735978, -76.4940847 38.9740287)",0.0,0.0,1.0,0.0,[0. 1. 2. 3. 4. 5. 6. 7. 8. 9.],[1. 1. 1. 1. 1. 1. 1. 1. 1. 1.],0.0,0.0
67,102631015,102607662,0,1303089562,residential,Southgate Avenue,0,False,189.3294729469793,,,,,,no,,"LINESTRING (-76.4943778 38.9735978, -76.4962735 38.9744505)",0.0,0.0,1.0,0.0,[0. 1. 2. 3. 4. 5. 6. 7. 8. 9.],[1. 1. 1. 1. 1. 1. 1. 1. 1. 1.],0.0,0.0
68,102631015,102639736,0,1303089562,residential,Southgate Avenue,0,True,44.64361551365734,,,,,,no,,"LINESTRING (-76.4943778 38.9735978, -76.4939292 38.9733989)",0.0,0.0,1.0,0.0,[0. 1. 2. 3. 4. 5. 6. 7. 8. 9.],[1. 1. 1. 1. 1. 1. 1. 1. 1. 1.],0.0,0.0
69,102631017,102631015,0,11514883,residential,Southgate Court,0,True,54.20091581571184,,,,,,no,,"LINESTRING (-76.4940847 38.9740287, -76.4943778 38.9735978)",0.0,0.0,1.0,0.0,[0. 1. 2. 3. 4. 5. 6. 7. 8. 9.],[1. 1. 1. 1. 1. 1. 1. 1. 1. 1.],0.0,0.0
70,10032187116,102618080,0,11512872,secondary,College Avenue,0,False,56.52138232647116,2,25 mph,MD 450,,,no,,"LINESTRING (-76.4900423 38.9813758, -76.4904592 38.9809842)",0.0,0.0,1.0,0.0,[0. 1. 2. 3. 4. 5. 6. 7. 8. 9.],[1. 1. 1. 1. 1. 1. 1. 1. 1. 1.],0.0,0.0
71,10032187116,7300289220,0,11512872,secondary,College Avenue,0,True,72.49064921928948,2,25 mph,MD 450,,,no,,"LINESTRING (-76.4900423 38.9813758, -76.4895077 38.9818781)",0.0,0.0,1.0,0.0,[0. 1. 2. 3. 4. 5. 6. 7. 8. 9.],[1. 1. 1. 1. 1. 1. 1. 1. 1. 1.],0.0,0.0
72,3814033151,7611024585,0,11508366,residential,Perry Circle,0,False,214.8289782823517,,,,,,no,,"LINESTRING (-76.4979972 38.988761, -76.4979664 38.988674, -76.49790900000001 38.9886092, -76.4978302 38.9885665, -76.4976813 38.9885642, -76.4975486 38.988604, -76.497085 38.9889838, -76.49673420000001 38.9892655, -76.4966242 38.9893295, -76.49651830000001 38.9893555, -76.4963764 38.9893568, -76.4962372 38.9893161, -76.4961326 38.9892375, -76.49612380000001 38.9892248)",0.0,0.0,1.0,0.0,[0. 1. 2. 3. 4. 5. 6. 7. 8. 9.],[1. 1. 1. 1. 1. 1. 1. 1. 1. 1.],0.0,0.0
73,3814033151,7018809936,0,11508366,residential,Perry Circle,0,True,44.61439517730064,,,,,,no,,"LINESTRING (-76.4979972 38.988761, -76.49796240000001 38.9888364, -76.4977622 38.9891173)",0.0,0.0,1.0,0.0,[0. 1. 2. 3. 4. 5. 6. 7. 8. 9.],[1. 1. 1. 1. 1. 1. 1. 1. 1. 1.],0.0,0.0
74,3814033151,7018809966,0,750670158,residential,,0,True,20.388774600219783,,,,,,no,,"LINESTRING (-76.4979972 38.988761, -76.4981114 38.9888305, -76.49817160000001 38.9888834)",0.0,0.0,1.0,0.0,[0. 1. 2. 3. 4. 5. 6. 7. 8. 9.],[1. 1. 1. 1. 1. 1. 1. 1. 1. 1.],0.0,0.0
75,102598422,5184562695,0,11518478,residential,Parker Lane,1,False,9.716031533455471,,,,,,no,,"LINESTRING (-76.4882326 38.9830868, -76.4881582 38.9831523)",8.729194786744815,0.677238293,0.32276170699999995,0.677238293,[0. 1. 2. 3. 4. 5. 6. 7. 8. 9.],"[0.32276171 0.32276171 0.3227619  0.66138085 0.99999981 1.
 1.         1.         1.         1.        ]",2.0317148790000004,1.4025976129937263
76,102598425,1304061903,0,377851562,residential,Maryland Avenue,0,False,17.83629781289986,,,,,,no,,"LINESTRING (-76.48736359999999 38.982145, -76.4874945 38.982021)",0.0,0.0,1.0,0.0,[0. 1. 2. 3. 4. 5. 6. 7. 8. 9.],[1. 1. 1. 1. 1. 1. 1. 1. 1. 1.],0.0,0.0
77,102598425,5184562697,0,377851562,residential,Maryland Avenue,0,True,41.67197703789539,,,,,,no,,"LINESTRING (-76.48736359999999 38.982145, -76.4870576 38.9824346)",0.0,0.0,1.0,0.0,[0. 1. 2. 3. 4. 5. 6. 7. 8. 9.],[1. 1. 1. 1. 1. 1. 1. 1. 1. 1.],0.0,0.0
78,102598428,102580423,0,534660291,residential,Porter Road,0,False,44.13063775860462,,,,,,no,,"LINESTRING (-76.4863039 38.9812657, -76.48662729999999 38.9809586)",0.0,0.0,1.0,0.0,[0. 1. 2. 3. 4. 5. 6. 7. 8. 9.],[1. 1. 1. 1. 1. 1. 1. 1. 1. 1.],0.0,0.0
79,102565667,102622188,0,11520090,residential,Larch Road,1,False,42.703049576799955,,,,,,no,,"LINESTRING (-76.496971 38.9774853, -76.49746399999999 38.9774608)",0.0,0.0,1.0,0.0,[0. 1. 2. 3. 4. 5. 6. 7. 8. 9.],[1. 1. 1. 1. 1. 1. 1. 1. 1. 1.],0.0,0.0
80,102565667,102565669,0,11503764,residential,Water Street,0,False,97.30763921297682,,,,,,no,,"LINESTRING (-76.496971 38.9774853, -76.496939 38.9771129, -76.49694150000001 38.9769407, -76.4969704 38.9766118)",0.0,0.0,1.0,0.0,[0. 1. 2. 3. 4. 5. 6. 7. 8. 9.],[1. 1. 1. 1. 1. 1. 1. 1. 1. 1.],0.0,0.0
81,102565669,102593348,0,11509085,residential,Shaw Street,0,True,38.67051107984022,,,,,,no,,"LINESTRING (-76.4969704 38.9766118, -76.4974149 38.976651)",0.0,0.0,1.0,0.0,[0. 1. 2. 3. 4. 5. 6. 7. 8. 9.],[1. 1. 1. 1. 1. 1. 1. 1. 1. 1.],0.0,0.0
82,102565669,102565667,0,11503764,residential,Water Street,0,True,97.30763921297682,,,,,,no,,"LINESTRING (-76.4969704 38.9766118, -76.49694150000001 38.9769407, -76.496939 38.9771129, -76.496971 38.9774853)",0.0,0.0,1.0,0.0,[0. 1. 2. 3. 4. 5. 6. 7. 8. 9.],[1. 1. 1. 1. 1. 1. 1. 1. 1. 1.],0.0,0.0
83,102565669,102572724,0,11509085,residential,Shaw Street,0,False,54.522087026698344,,,,,,no,,"LINESTRING (-76.4969704 38.9766118, -76.4967917 38.9765893, -76.4966859 38.9765736, -76.49657259999999 38.9765453, -76.4963712 38.9764709)",0.0,0.0,1.0,0.0,[0. 1. 2. 3. 4. 5. 6. 7. 8. 9.],[1. 1. 1. 1. 1. 1. 1. 1. 1. 1.],0.0,0.0
84,102631414,9898653893,0,799299908,residential,State Circle,1,False,5.562610503883645,2,20 mph,,,roundabout,no,,"LINESTRING (-76.4914225 38.9786238, -76.49137589999999 38.9785893)",0.0,0.0,1.0,0.0,[0. 1. 2. 3. 4. 5. 6. 7. 8. 9.],[1. 1. 1. 1. 1. 1. 1. 1. 1. 1.],0.0,0.0
85,102631416,639278285,0,509105505,secondary,Church Circle,1,False,24.2008621382587,,,MD 450,,roundabout,no,,"LINESTRING (-76.4923185 38.9785692, -76.4923756 38.9786376, -76.4924457 38.9786808, -76.4925149 38.97872)",0.0,0.0,1.0,0.0,[0. 1. 2. 3. 4. 5. 6. 7. 8. 9.],[1. 1. 1. 1. 1. 1. 1. 1. 1. 1.],0.0,0.0
86,11419846902,102585916,0,11516103,residential,Juniper Street,0,False,24.111131818235496,,,,,,no,,"LINESTRING (-76.4975031 38.9868166, -76.49731370000001 38.9869758)",0.0,0.0,1.0,0.0,[0. 1. 2. 3. 4. 5. 6. 7. 8. 9.],[1. 1. 1. 1. 1. 1. 1. 1. 1. 1.],0.0,0.0
87,11419846902,102637302,0,11516103,residential,Juniper Street,0,True,44.28060062568176,,,,,,no,,"LINESTRING (-76.4975031 38.9868166, -76.49753250000001 38.9867919, -76.4978509 38.9865242)",0.0,0.0,1.0,0.0,[0. 1. 2. 3. 4. 5. 6. 7. 8. 9.],[1. 1. 1. 1. 1. 1. 1. 1. 1. 1.],0.0,0.0
88,102566153,473363995,0,50319297,secondary,Compromise Street,0,False,108.2417424713313,,,,,,no,,"LINESTRING (-76.4857087 38.9739489, -76.4858536 38.9749158)",1.0455974541006103,0.3742259414,0.6257740586,0.3742259414,[0. 1. 2. 3. 4. 5. 6. 7. 8. 9.],"[0.62577406 0.62577406 0.62577417 0.81288703 0.99999989 1.
 1.         1.         1.         1.        ]",1.1226778242,1.4517673383636136
89,102566156,102566153,0,11503849,secondary,Duke of Gloucester Street,1,False,162.71862401074068,2,25 mph,,,,no,,"LINESTRING (-76.4871658 38.9748753, -76.4858155 38.9740168, -76.4857087 38.9739489)",2.3667643866834656,0.4919628007,0.5080371993,0.4919628007,[0. 1. 2. 3. 4. 5. 6. 7. 8. 9.],"[0.5080372  0.5080372  0.50803734 0.7540186  0.99999986 1.
 1.         1.         1.         1.        ]",1.4758884021,1.4998063858159658
90,102566156,102576071,0,11505478,residential,Saint Mary's Street,0,False,121.05202128323323,,,,,,no,,"LINESTRING (-76.4871658 38.9748753, -76.4868137 38.9752229, -76.48610619999999 38.9755621)",1.5073050461111084,0.4261694441,0.5738305559,0.4261694441,[0. 1. 2. 3. 4. 5. 6. 7. 8. 9.],"[0.57383056 0.57383056 0.57383068 0.78691528 0.99999988 1.
 1.         1.         1.         1.        ]",1.2785083323,1.4835571879061613
91,102566159,3618163247,0,11504428,residential,Green Street,1,False,153.09330584758322,,,,,,no,,"LINESTRING (-76.489042 38.9760546, -76.4879275 38.9771246)",0.12746526816463621,0.1367838258,0.8632161742,0.1367838258,[0. 1. 2. 3. 4. 5. 6. 7. 8. 9.],"[0.86321617 0.86321617 0.86321621 0.93160809 0.99999996 1.
 1.         1.         1.         1.        ]",0.4103514774000001,1.0308570483014763
92,102566159,6799429600,0,1075128736,secondary,Duke of Gloucester Street,1,False,24.801167261277335,2,25 mph,,,,no,,"LINESTRING (-76.489042 38.9760546, -76.4888215 38.9759119)",0.0,0.0,1.0,0.0,[0. 1. 2. 3. 4. 5. 6. 7. 8. 9.],[1. 1. 1. 1. 1. 1. 1. 1. 1. 1.],0.0,0.0
93,102566160,7036618076,0,1075128735,secondary,Duke of Gloucester Street,1,False,54.926412950373866,2,25 mph,,,,no,,"LINESTRING (-76.4896305 38.9764277, -76.48913810000001 38.9761155)",0.0,0.0,1.0,0.0,[0. 1. 2. 3. 4. 5. 6. 7. 8. 9.],[1. 1. 1. 1. 1. 1. 1. 1. 1. 1.],0.0,0.0
94,102566161,12112044787,0,11507408,residential,Conduit Street,1,False,7.077517013260754,,,,,,no,,"LINESTRING (-76.49037509999999 38.9769023, -76.4904272 38.9768532)",0.0,0.0,1.0,0.0,[0. 1. 2. 3. 4. 5. 6. 7. 8. 9.],[1. 1. 1. 1. 1. 1. 1. 1. 1. 1.],0.0,0.0
95,102566161,12112044797,0,402077770,residential,Conduit Street,0,False,7.142042557862298,,,,,,no,,"LINESTRING (-76.49037509999999 38.9769023, -76.490354 38.9769644)",0.0,0.0,1.0,0.0,[0. 1. 2. 3. 4. 5. 6. 7. 8. 9.],[1. 1. 1. 1. 1. 1. 1. 1. 1. 1.],0.0,0.0
96,102566161,12112044800,0,1075128734,secondary,Duke of Gloucester Street,1,False,3.733314237174953,2,25 mph,,,,no,,"LINESTRING (-76.49037509999999 38.9769023, -76.4903413 38.9768814)",0.0,0.0,1.0,0.0,[0. 1. 2. 3. 4. 5. 6. 7. 8. 9.],[1. 1. 1. 1. 1. 1. 1. 1. 1. 1.],0.0,0.0
97,102566164,12112044799,0,1075128734,secondary,Duke of Gloucester Street,1,False,81.36351341554385,2,25 mph,,,,no,,"LINESTRING (-76.4911716 38.9774212, -76.4904502 38.9769512)",0.0,0.0,1.0,0.0,[0. 1. 2. 3. 4. 5. 6. 7. 8. 9.],[1. 1. 1. 1. 1. 1. 1. 1. 1. 1.],0.0,0.0
98,102566166,7308538338,0,114751046,secondary,Church Circle,1,False,21.357715067176986,,,MD 450,,roundabout,no,,"LINESTRING (-76.49260769999999 38.9781608, -76.49253330000001 38.9781906, -76.4924795 38.9782174, -76.4924257 38.9782541, -76.4924046 38.9782683)",0.0,0.0,1.0,0.0,[0. 1. 2. 3. 4. 5. 6. 7. 8. 9.],[1. 1. 1. 1. 1. 1. 1. 1. 1. 1.],0.0,0.0
99,102566166,7308468739,0,1075128734,secondary,Duke of Gloucester Street,1,False,23.252520585575592,2,25 mph,,,,no,,"LINESTRING (-76.49260769999999 38.9781608, -76.4924584 38.978168, -76.4924109 38.9781636, -76.4923769 38.9781639, -76.4923422 38.9781527)",0.0,0.0,1.0,0.0,[0. 1. 2. 3. 4. 5. 6. 7. 8. 9.],[1. 1. 1. 1. 1. 1. 1. 1. 1. 1.],0.0,0.0
100,3814033864,102589750,0,11508370,residential,Perry Circle,1,False,29.078256016177257,,,,,,no,,"LINESTRING (-76.4974484 38.9897585, -76.49749 38.989499)",0.0,0.0,1.0,0.0,[0. 1. 2. 3. 4. 5. 6. 7. 8. 9.],[1. 1. 1. 1. 1. 1. 1. 1. 1. 1.],0.0,0.0
101,3814033864,3814033869,0,377989349,residential,Perry Circle,0,True,28.03957735962527,,,,,,no,,"LINESTRING (-76.4974484 38.9897585, -76.497412 38.9897081, -76.4973744 38.989658, -76.4973047 38.9896247, -76.49721769999999 38.9895978)",0.0,0.0,1.0,0.0,[0. 1. 2. 3. 4. 5. 6. 7. 8. 9.],[1. 1. 1. 1. 1. 1. 1. 1. 1. 1.],0.0,0.0
102,3814033869,7018809968,0,750670159,residential,,0,False,28.35632684381587,,,,,,no,,"LINESTRING (-76.49721769999999 38.9895978, -76.4970687 38.9893706)",0.0,0.0,1.0,0.0,[0. 1. 2. 3. 4. 5. 6. 7. 8. 9.],[1. 1. 1. 1. 1. 1. 1. 1. 1. 1.],0.0,0.0
103,3814033869,3623992290,0,11508370,residential,Perry Circle,1,False,80.02657931927732,,,,,,no,,"LINESTRING (-76.49721769999999 38.9895978, -76.4971434 38.9896248, -76.49687539999999 38.9897254, -76.49680069999999 38.9897748, -76.4967755 38.9898471, -76.4967876 38.9899397, -76.4968203 38.9900173, -76.4969 38.9900942)",0.0,0.0,1.0,0.0,[0. 1. 2. 3. 4. 5. 6. 7. 8. 9.],[1. 1. 1. 1. 1. 1. 1. 1. 1. 1.],0.0,0.0
104,3814033869,3814033864,0,377989349,residential,Perry Circle,0,False,28.039577359625273,,,,,,no,,"LINESTRING (-76.49721769999999 38.9895978, -76.4973047 38.9896247, -76.4973744 38.989658, -76.497412 38.9897081, -76.4974484 38.9897585)",0.0,0.0,1.0,0.0,[0. 1. 2. 3. 4. 5. 6. 7. 8. 9.],[1. 1. 1. 1. 1. 1. 1. 1. 1. 1.],0.0,0.0
105,4836067814,102614135,0,43931120,secondary,King George Street,0,True,9.274284628685603,2,25 mph,MD 450,,,no,,"LINESTRING (-76.489536 38.9819926, -76.4894513 38.9819414)",0.0,0.0,1.0,0.0,[0. 1. 2. 3. 4. 5. 6. 7. 8. 9.],[1. 1. 1. 1. 1. 1. 1. 1. 1. 1.],0.0,0.0
106,4836067814,102562636,0,43931120,secondary,King George Street,0,False,80.18379628582102,2,25 mph,MD 450,,,no,,"LINESTRING (-76.489536 38.9819926, -76.4899083 38.982237, -76.490246 38.9824567)",0.0,0.0,1.0,0.0,[0. 1. 2. 3. 4. 5. 6. 7. 8. 9.],[1. 1. 1. 1. 1. 1. 1. 1. 1. 1.],0.0,0.0
107,4836067817,503729146,0,41226282,residential,College Avenue,0,False,105.563505724709,,,,,,no,,"LINESTRING (-76.4894165 38.9819784, -76.4886314 38.9827056)",7.349087383943301,0.6541979183,0.34580208170000004,0.6541979183,[0. 1. 2. 3. 4. 5. 6. 7. 8. 9.],"[0.34580208 0.34580208 0.34580227 0.67290104 0.99999981 1.
 1.         1.         1.         1.        ]",1.9625937548999999,1.4268874405624872
108,4836067817,102614135,0,41226282,residential,College Avenue,0,True,5.096554381701191,,,,,,no,,"LINESTRING (-76.4894165 38.9819784, -76.4894513 38.9819414)",0.0,0.0,1.0,0.0,[0. 1. 2. 3. 4. 5. 6. 7. 8. 9.],[1. 1. 1. 1. 1. 1. 1. 1. 1. 1.],0.0,0.0
109,4836067819,102614135,0,633517746,tertiary,King George Street,0,False,4.376476861139607,2,25 mph,,,,no,,"LINESTRING (-76.4894141 38.9819147, -76.4894513 38.9819414)",0.0,0.0,1.0,0.0,[0. 1. 2. 3. 4. 5. 6. 7. 8. 9.],[1. 1. 1. 1. 1. 1. 1. 1. 1. 1.],0.0,0.0
110,4836067819,102614133,0,633517746,tertiary,King George Street,0,True,119.66975919641578,2,25 mph,,,,no,,"LINESTRING (-76.4894141 38.9819147, -76.4883991 38.9812518, -76.4883541 38.9812224)",0.0,0.0,1.0,0.0,[0. 1. 2. 3. 4. 5. 6. 7. 8. 9.],[1. 1. 1. 1. 1. 1. 1. 1. 1. 1.],0.0,0.0
111,7018809936,102589750,0,11508366,residential,Perry Circle,0,True,48.527096118157345,,,,,,no,,"LINESTRING (-76.4977622 38.9891173, -76.49749 38.989499)",0.0,0.0,1.0,0.0,[0. 1. 2. 3. 4. 5. 6. 7. 8. 9.],[1. 1. 1. 1. 1. 1. 1. 1. 1. 1.],0.0,0.0
112,7018809936,3814033151,0,11508366,residential,Perry Circle,0,False,44.61439517730064,,,,,,no,,"LINESTRING (-76.4977622 38.9891173, -76.49796240000001 38.9888364, -76.4979972 38.988761)",0.0,0.0,1.0,0.0,[0. 1. 2. 3. 4. 5. 6. 7. 8. 9.],[1. 1. 1. 1. 1. 1. 1. 1. 1. 1.],0.0,0.0
113,7018809936,7018809968,0,750670157,residential,,0,False,84.04712605100633,,,,,,no,,"LINESTRING (-76.4977622 38.9891173, -76.4974629 38.988992, -76.4971997 38.9892881, -76.4970907 38.9893627, -76.4970687 38.9893706)",0.0,0.0,1.0,0.0,[0. 1. 2. 3. 4. 5. 6. 7. 8. 9.],[1. 1. 1. 1. 1. 1. 1. 1. 1. 1.],0.0,0.0
114,7018809956,3623992290,0,750670157,residential,,0,False,34.40094356857446,,,,,,no,,"LINESTRING (-76.4967272 38.9903729, -76.4969 38.9900942)",0.0,0.0,1.0,0.0,[0. 1. 2. 3. 4. 5. 6. 7. 8. 9.],[1. 1. 1. 1. 1. 1. 1. 1. 1. 1.],0.0,0.0
115,7018809956,8579666137,0,750670157,residential,,0,True,117.36998511528718,,,,,,no,,"LINESTRING (-76.4967272 38.9903729, -76.4966458 38.9903469, -76.4965876 38.9902599, -76.4965077 38.990113, -76.4964423 38.9900475, -76.4963114 38.9900362, -76.4959436 38.9900068, -76.4958884 38.9899955, -76.495868 38.9899526, -76.49588319999999 38.9897862)",0.0,0.0,1.0,0.0,[0. 1. 2. 3. 4. 5. 6. 7. 8. 9.],[1. 1. 1. 1. 1. 1. 1. 1. 1. 1.],0.0,0.0
116,7018809956,7018809966,0,750670158,residential,,0,False,241.36189871031794,,,,,,no,,"LINESTRING (-76.4967272 38.9903729, -76.496871 38.9904375, -76.4974179 38.990289, -76.4978131 38.989929, -76.4978393 38.9896157, -76.4978864 38.9894713, -76.4979649 38.9893696, -76.4981245 38.9891295, -76.498203 38.9890095, -76.49820560000001 38.9889444, -76.49817160000001 38.9888834)",0.0,0.0,1.0,0.0,[0. 1. 2. 3. 4. 5. 6. 7. 8. 9.],[1. 1. 1. 1. 1. 1. 1. 1. 1. 1.],0.0,0.0
117,7018809966,3814033151,0,750670158,residential,,0,False,20.388774600219783,,,,,,no,,"LINESTRING (-76.49817160000001 38.9888834, -76.4981114 38.9888305, -76.4979972 38.988761)",0.0,0.0,1.0,0.0,[0. 1. 2. 3. 4. 5. 6. 7. 8. 9.],[1. 1. 1. 1. 1. 1. 1. 1. 1. 1.],0.0,0.0
118,7018809966,7018809956,0,750670158,residential,,0,True,241.36189871031794,,,,,,no,,"LINESTRING (-76.49817160000001 38.9888834, -76.49820560000001 38.9889444, -76.498203 38.9890095, -76.4981245 38.9891295, -76.4979649 38.9893696, -76.4978864 38.9894713, -76.4978393 38.9896157, -76.4978131 38.989929, -76.4974179 38.990289, -76.496871 38.9904375, -76.4967272 38.9903729)",0.0,0.0,1.0,0.0,[0. 1. 2. 3. 4. 5. 6. 7. 8. 9.],[1. 1. 1. 1. 1. 1. 1. 1. 1. 1.],0.0,0.0
119,7018809968,3814033869,0,750670159,residential,,0,True,28.35632684381587,,,,,,no,,"LINESTRING (-76.4970687 38.9893706, -76.49721769999999 38.9895978)",0.0,0.0,1.0,0.0,[0. 1. 2. 3. 4. 5. 6. 7. 8. 9.],[1. 1. 1. 1. 1. 1. 1. 1. 1. 1.],0.0,0.0
120,7018809968,8579666137,0,750670157,residential,,0,False,128.4049626743731,,,,,,no,,"LINESTRING (-76.4970687 38.9893706, -76.49674469999999 38.989487, -76.4965935 38.9895435, -76.4964277 38.9895638, -76.4962024 38.989565, -76.4959392 38.9895582, -76.49591599999999 38.9895808, -76.4958985 38.9896282, -76.4958913 38.9896983, -76.49588319999999 38.9897862)",0.0,0.0,1.0,0.0,[0. 1. 2. 3. 4. 5. 6. 7. 8. 9.],[1. 1. 1. 1. 1. 1. 1. 1. 1. 1.],0.0,0.0
121,7018809968,7018809936,0,750670157,residential,,0,True,84.04712605100633,,,,,,no,,"LINESTRING (-76.4970687 38.9893706, -76.4970907 38.9893627, -76.4971997 38.9892881, -76.4974629 38.988992, -76.4977622 38.9891173)",0.0,0.0,1.0,0.0,[0. 1. 2. 3. 4. 5. 6. 7. 8. 9.],[1. 1. 1. 1. 1. 1. 1. 1. 1. 1.],0.0,0.0
122,102599278,9630733079,0,11510018,residential,Jefferson Place,0,False,7.277709736489299,,,,,,no,,"LINESTRING (-76.5020593 38.9766667, -76.50208550000001 38.9767289)",0.0,0.0,1.0,0.0,[0. 1. 2. 3. 4. 5. 6. 7. 8. 9.],[1. 1. 1. 1. 1. 1. 1. 1. 1. 1.],0.0,0.0
123,102599278,102562052,0,1191539892,primary,West Street,0,True,50.46432659790007,2,25 mph,MD 450,,,no,,"LINESTRING (-76.5020593 38.9766667, -76.50151750000001 38.9768357)",0.0,0.0,1.0,0.0,[0. 1. 2. 3. 4. 5. 6. 7. 8. 9.],[1. 1. 1. 1. 1. 1. 1. 1. 1. 1.],0.0,0.0
124,102599278,764814696,0,1191539892,primary,West Street,0,False,25.971938220880446,2,25 mph,MD 450,,,no,,"LINESTRING (-76.5020593 38.9766667, -76.50225519999999 38.9766102, -76.5023417 38.976587)",0.0,0.0,1.0,0.0,[0. 1. 2. 3. 4. 5. 6. 7. 8. 9.],[1. 1. 1. 1. 1. 1. 1. 1. 1. 1.],0.0,0.0
125,102599281,7755720282,0,11510018,residential,Jefferson Place,0,True,134.55082047995992,,,,,,no,,"LINESTRING (-76.5028111 38.978165, -76.5022369 38.9770403)",0.0,0.0,1.0,0.0,[0. 1. 2. 3. 4. 5. 6. 7. 8. 9.],[1. 1. 1. 1. 1. 1. 1. 1. 1. 1.],0.0,0.0
126,102599281,102562054,0,11511245,residential,Hill Street,0,True,48.38271937806805,,,,,,no,,"LINESTRING (-76.5028111 38.978165, -76.5022907 38.9783252)",0.0,0.0,1.0,0.0,[0. 1. 2. 3. 4. 5. 6. 7. 8. 9.],[1. 1. 1. 1. 1. 1. 1. 1. 1. 1.],0.0,0.0
127,102599281,102599283,0,1303087543,residential,Jefferson Place,0,False,56.422388534360536,,,,,,no,,"LINESTRING (-76.5028111 38.978165, -76.5029505 38.9784398, -76.503046 38.9786384)",0.0,0.0,1.0,0.0,[0. 1. 2. 3. 4. 5. 6. 7. 8. 9.],[1. 1. 1. 1. 1. 1. 1. 1. 1. 1.],0.0,0.0
128,102599283,102599281,0,1303087543,residential,Jefferson Place,0,True,56.422388534360536,,,,,,no,,"LINESTRING (-76.503046 38.9786384, -76.5029505 38.9784398, -76.5028111 38.978165)",0.0,0.0,1.0,0.0,[0. 1. 2. 3. 4. 5. 6. 7. 8. 9.],[1. 1. 1. 1. 1. 1. 1. 1. 1. 1.],0.0,0.0
129,9630649045,7936292744,0,1303089560,residential,Franklin Street,0,False,14.814349917850642,,,,,,no,,"LINESTRING (-76.4938052 38.9775906, -76.4936908 38.9776898)",0.0,0.0,1.0,0.0,[0. 1. 2. 3. 4. 5. 6. 7. 8. 9.],[1. 1. 1. 1. 1. 1. 1. 1. 1. 1.],0.0,0.0
130,9630649045,9630649056,0,1303089560,residential,Franklin Street,0,True,25.746137582552556,,,,,,no,,"LINESTRING (-76.4938052 38.9775906, -76.4940033 38.9774177)",0.0,0.0,1.0,0.0,[0. 1. 2. 3. 4. 5. 6. 7. 8. 9.],[1. 1. 1. 1. 1. 1. 1. 1. 1. 1.],0.0,0.0
131,9630649056,9630649045,0,1303089560,residential,Franklin Street,0,False,25.746137582552556,,,,,,no,,"LINESTRING (-76.4940033 38.9774177, -76.4938052 38.9775906)",0.0,0.0,1.0,0.0,[0. 1. 2. 3. 4. 5. 6. 7. 8. 9.],[1. 1. 1. 1. 1. 1. 1. 1. 1. 1.],0.0,0.0
132,9630649056,9630596038,0,1303089560,residential,Franklin Street,0,True,21.662921952629112,,,,,,no,,"LINESTRING (-76.4940033 38.9774177, -76.4941711 38.977273)",0.0,0.0,1.0,0.0,[0. 1. 2. 3. 4. 5. 6. 7. 8. 9.],[1. 1. 1. 1. 1. 1. 1. 1. 1. 1.],0.0,0.0
133,7036242950,102618080,0,294005889,residential,Prince George Street,1,False,80.77256738174128,,,,,,no,,"LINESTRING (-76.4897381 38.9805222, -76.4904592 38.9809842)",0.0,0.0,1.0,0.0,[0. 1. 2. 3. 4. 5. 6. 7. 8. 9.],[1. 1. 1. 1. 1. 1. 1. 1. 1. 1.],0.0,0.0
134,102632847,12112019619,0,11516455,residential,Prince George Street,0,True,6.274017044756103,,,,,,no,,"LINESTRING (-76.4853727 38.9777425, -76.4853166 38.9777067)",1.8550552926359192,0.4562972876,0.5437027124,0.4562972876,[0. 1. 2. 3. 4. 5. 6. 7. 8. 9.],"[0.54370271 0.54370271 0.54370284 0.77185136 0.99999987 1.
 1.         1.         1.         1.        ]",1.3688918628,1.4942594083870728
135,102632847,12112019618,0,294005889,residential,Prince George Street,1,False,5.563829400018672,,,,,,no,,"LINESTRING (-76.4853727 38.9777425, -76.4854225 38.9777742)",1.8550552926359192,0.4562972876,0.5437027124,0.4562972876,[0. 1. 2. 3. 4. 5. 6. 7. 8. 9.],"[0.54370271 0.54370271 0.54370284 0.77185136 0.99999987 1.
 1.         1.         1.         1.        ]",1.3688918628,1.4942594083870728
136,7786302870,102576005,0,11505463,residential,Pleasant Street,0,False,34.594149069659885,,,,,,no,,"LINESTRING (-76.4978808 38.9793711, -76.4978519 38.9796814)",0.0,0.0,1.0,0.0,[0. 1. 2. 3. 4. 5. 6. 7. 8. 9.],[1. 1. 1. 1. 1. 1. 1. 1. 1. 1.],0.0,0.0
137,7786302870,8411948946,0,11505463,residential,Pleasant Street,0,True,67.77873213197347,,,,,,no,,"LINESTRING (-76.4978808 38.9793711, -76.4978868 38.9790882, -76.49788359999999 38.9787616)",0.0,0.0,1.0,0.0,[0. 1. 2. 3. 4. 5. 6. 7. 8. 9.],[1. 1. 1. 1. 1. 1. 1. 1. 1. 1.],0.0,0.0
138,6496816573,8027993929,0,11508279,residential,Calvert Street,0,False,53.68117850121743,,,,,,no,,"LINESTRING (-76.4934863 38.9815437, -76.4938801 38.9811704)",0.0,0.0,1.0,0.0,[0. 1. 2. 3. 4. 5. 6. 7. 8. 9.],[1. 1. 1. 1. 1. 1. 1. 1. 1. 1.],0.0,0.0
139,6496816573,102589402,0,11508279,residential,Calvert Street,0,True,5.147848923440454,,,,,,no,,"LINESTRING (-76.4934863 38.9815437, -76.4934495 38.9815801)",0.0,0.0,1.0,0.0,[0. 1. 2. 3. 4. 5. 6. 7. 8. 9.],[1. 1. 1. 1. 1. 1. 1. 1. 1. 1.],0.0,0.0
140,9630748541,1304010093,0,1079893518,secondary,College Avenue,0,False,4.471219549524078,2,25 mph,MD 450,,,no,,"LINESTRING (-76.4919501 38.9796326, -76.49198320000001 38.9796017)",0.0,0.0,1.0,0.0,[0. 1. 2. 3. 4. 5. 6. 7. 8. 9.],[1. 1. 1. 1. 1. 1. 1. 1. 1. 1.],0.0,0.0
141,9630748541,102593916,0,"[11512872, 1079893517]","['construction', 'secondary']",College Avenue,0,True,84.06672122997969,2,25 mph,MD 450,,,no,,"LINESTRING (-76.4919501 38.9796326, -76.49138170000001 38.9801633, -76.49132779999999 38.9802136)",0.0,0.0,1.0,0.0,[0. 1. 2. 3. 4. 5. 6. 7. 8. 9.],[1. 1. 1. 1. 1. 1. 1. 1. 1. 1.],0.0,0.0
142,7150276553,102593346,0,11509085,residential,Shaw Street,0,False,18.531579218858756,,,,,,no,,"LINESTRING (-76.4959923 38.9763128, -76.4958034 38.976234)",0.0,0.0,1.0,0.0,[0. 1. 2. 3. 4. 5. 6. 7. 8. 9.],[1. 1. 1. 1. 1. 1. 1. 1. 1. 1.],0.0,0.0
143,7150276553,102572724,0,11509085,residential,Shaw Street,0,True,37.173185821085774,,,,,,no,,"LINESTRING (-76.4959923 38.9763128, -76.4963712 38.9764709)",0.0,0.0,1.0,0.0,[0. 1. 2. 3. 4. 5. 6. 7. 8. 9.],[1. 1. 1. 1. 1. 1. 1. 1. 1. 1.],0.0,0.0
144,6799429600,3981041564,0,1075128736,secondary,Duke of Gloucester Street,1,False,109.53040055492896,2,25 mph,,,,no,,"LINESTRING (-76.4888215 38.9759119, -76.4879488 38.9753491, -76.4878463 38.975283)",0.0,0.0,1.0,0.0,[0. 1. 2. 3. 4. 5. 6. 7. 8. 9.],[1. 1. 1. 1. 1. 1. 1. 1. 1. 1.],0.0,0.0
145,7085887671,8389550499,0,160669677,tertiary,Annapolis Street,0,True,97.08575434686871,,,,,,no,,"LINESTRING (-76.500941 38.9891487, -76.50175900000001 38.9897471)",0.0,0.0,1.0,0.0,[0. 1. 2. 3. 4. 5. 6. 7. 8. 9.],[1. 1. 1. 1. 1. 1. 1. 1. 1. 1.],0.0,0.0
146,7085887671,102597965,0,160669677,tertiary,Annapolis Street,0,False,25.33087969213097,,,,,,no,,"LINESTRING (-76.500941 38.9891487, -76.5008223 38.9890511, -76.5007396 38.9889832)",0.0,0.0,1.0,0.0,[0. 1. 2. 3. 4. 5. 6. 7. 8. 9.],[1. 1. 1. 1. 1. 1. 1. 1. 1. 1.],0.0,0.0
147,102568128,1303929764,0,11513341,residential,Ridout Street,0,False,22.039058473780923,,,,,,no,,"LINESTRING (-76.5011238 38.9792059, -76.5011581 38.9790095)",0.0,0.0,1.0,0.0,[0. 1. 2. 3. 4. 5. 6. 7. 8. 9.],[1. 1. 1. 1. 1. 1. 1. 1. 1. 1.],0.0,0.0
148,102568128,102620905,0,11513341,residential,Ridout Street,0,True,72.47238685580118,,,,,,no,,"LINESTRING (-76.5011238 38.9792059, -76.50104399999999 38.9798547)",0.0,0.0,1.0,0.0,[0. 1. 2. 3. 4. 5. 6. 7. 8. 9.],[1. 1. 1. 1. 1. 1. 1. 1. 1. 1.],0.0,0.0
149,102568128,1303929755,0,11504112,residential,New Vernon Street,0,True,80.49814968846391,,,,,,no,,"LINESTRING (-76.5011238 38.9792059, -76.5010674 38.9791985, -76.50034719999999 38.9791113, -76.50029309999999 38.9791186, -76.50026389999999 38.9791344, -76.50024689999999 38.9791489, -76.5002392 38.979171)",0.0,0.0,1.0,0.0,[0. 1. 2. 3. 4. 5. 6. 7. 8. 9.],[1. 1. 1. 1. 1. 1. 1. 1. 1. 1.],0.0,0.0
150,4835974765,2098730878,0,534630402,residential,Sims Road,0,True,16.042758164462327,,,,,,no,,"LINESTRING (-76.4851166 38.985916, -76.48523640000001 38.9858058)",13.240005102353793,0.7301403256,0.2698596744,0.7301403256,[0. 1. 2. 3. 4. 5. 6. 7. 8. 9.],"[0.26985967 0.26985967 0.26985988 0.63492984 0.99999979 1.
 1.         1.         1.         1.        ]",2.1904209768,1.3316605092808085
151,4835974765,102559048,0,"[534630402, 11502631]",residential,Sims Road,0,False,714.4929700633861,,,,private,,no,,"LINESTRING (-76.4851166 38.985916, -76.4842756 38.98669, -76.480099 38.983938, -76.48104499999999 38.9830454)",13.240005102353793,0.7301403256,0.2698596744,0.7301403256,[0. 1. 2. 3. 4. 5. 6. 7. 8. 9.],"[0.26985967 0.26985967 0.26985988 0.63492984 0.99999979 1.
 1.         1.         1.         1.        ]",2.1904209768,1.3316605092808085
152,7035294162,7308528058,0,11512128,secondary,Northwest Street,1,False,110.91150987293389,2,,,,,no,,"LINESTRING (-76.49423299999999 38.9793446, -76.4932852 38.9787168, -76.4932551 38.9786989)",0.0,0.0,1.0,0.0,[0. 1. 2. 3. 4. 5. 6. 7. 8. 9.],[1. 1. 1. 1. 1. 1. 1. 1. 1. 1.],0.0,0.0
153,7308513807,102607666,0,1303089560,residential,Franklin Street,0,False,10.434234812605045,,,,,,no,,"LINESTRING (-76.4932056 38.9781203, -76.4931255 38.9781905)",0.0,0.0,1.0,0.0,[0. 1. 2. 3. 4. 5. 6. 7. 8. 9.],[1. 1. 1. 1. 1. 1. 1. 1. 1. 1.],0.0,0.0
154,7308513807,7936292740,0,1303089560,residential,Franklin Street,0,True,47.119903199512045,,,,,,no,,"LINESTRING (-76.4932056 38.9781203, -76.4935672 38.9778032)",0.0,0.0,1.0,0.0,[0. 1. 2. 3. 4. 5. 6. 7. 8. 9.],[1. 1. 1. 1. 1. 1. 1. 1. 1. 1.],0.0,0.0
155,7607685708,102607815,0,1191539892,primary,West Street,0,False,35.983024794390865,2,25 mph,MD 450,,,no,,"LINESTRING (-76.5001662 38.9772264, -76.5005565 38.9771139)",0.0,0.0,1.0,0.0,[0. 1. 2. 3. 4. 5. 6. 7. 8. 9.],[1. 1. 1. 1. 1. 1. 1. 1. 1. 1.],0.0,0.0
156,7607685708,7257212315,0,1191539892,primary,West Street,0,True,78.76069576385072,2,25 mph,MD 450,,,no,,"LINESTRING (-76.5001662 38.9772264, -76.499712 38.977359, -76.49930879999999 38.9774658)",0.0,0.0,1.0,0.0,[0. 1. 2. 3. 4. 5. 6. 7. 8. 9.],[1. 1. 1. 1. 1. 1. 1. 1. 1. 1.],0.0,0.0
157,9688748636,102612213,0,1054285947,residential,Bates Street,0,True,7.079281337909936,,,,,,no,,"LINESTRING (-76.4989783 38.9805484, -76.4989842 38.9804849)",0.0,0.0,1.0,0.0,[0. 1. 2. 3. 4. 5. 6. 7. 8. 9.],[1. 1. 1. 1. 1. 1. 1. 1. 1. 1.],0.0,0.0
158,4699361904,4383628537,0,50319305,secondary,Compromise Street,1,False,7.207877994883355,,,,,,no,,"LINESTRING (-76.4869434 38.9771445, -76.4868767 38.9771056)",2.0086090765295044,0.4679159121,0.5320840879,0.4679159121,[0. 1. 2. 3. 4. 5. 6. 7. 8. 9.],"[0.53208409 0.53208409 0.53208422 0.76604204 0.99999987 1.
 1.         1.         1.         1.        ]",1.4037477363000002,1.4969088276337852
159,4699361905,102582123,0,11512872,secondary,College Avenue,0,False,4.849455195398185,2,25 mph,MD 450,,,no,,"LINESTRING (-76.4911517 38.9803537, -76.49119090000001 38.9803225)",0.0,0.0,1.0,0.0,[0. 1. 2. 3. 4. 5. 6. 7. 8. 9.],[1. 1. 1. 1. 1. 1. 1. 1. 1. 1.],0.0,0.0
160,4699361905,3158666143,0,11512872,secondary,College Avenue,0,True,16.222497536979525,2,25 mph,MD 450,,,no,,"LINESTRING (-76.4911517 38.9803537, -76.4910244 38.9804609)",0.0,0.0,1.0,0.0,[0. 1. 2. 3. 4. 5. 6. 7. 8. 9.],[1. 1. 1. 1. 1. 1. 1. 1. 1. 1.],0.0,0.0
161,3812725367,102589153,0,"[1107988362, 534660285]",residential,Brownson Road,1,False,155.84517468679567,,,,private,,no,,"LINESTRING (-76.4799349 38.9804988, -76.4788818 38.981482, -76.47874640000001 38.981544)",12.838851519393613,0.7263859274,0.27361407260000004,0.7263859274,[0. 1. 2. 3. 4. 5. 6. 7. 8. 9.],"[0.27361407 0.27361407 0.27361428 0.63680704 0.99999979 1.
 1.         1.         1.         1.        ]",2.1791577822,1.3374399200546727
162,7300289220,10032187116,0,11512872,secondary,College Avenue,0,False,72.49064921928948,2,25 mph,MD 450,,,no,,"LINESTRING (-76.4895077 38.9818781, -76.4900423 38.9813758)",0.0,0.0,1.0,0.0,[0. 1. 2. 3. 4. 5. 6. 7. 8. 9.],[1. 1. 1. 1. 1. 1. 1. 1. 1. 1.],0.0,0.0
163,7300289220,102614135,0,11512872,secondary,College Avenue,0,True,8.562044343771076,2,25 mph,MD 450,,,no,,"LINESTRING (-76.4895077 38.9818781, -76.4894513 38.9819414)",0.0,0.0,1.0,0.0,[0. 1. 2. 3. 4. 5. 6. 7. 8. 9.],[1. 1. 1. 1. 1. 1. 1. 1. 1. 1.],0.0,0.0
164,102601525,7985096494,0,11516103,residential,Juniper Street,0,False,35.80882987975036,,,,,,no,,"LINESTRING (-76.4984005 38.9868388, -76.4980644 38.9866505)",0.0,0.0,1.0,0.0,[0. 1. 2. 3. 4. 5. 6. 7. 8. 9.],[1. 1. 1. 1. 1. 1. 1. 1. 1. 1.],0.0,0.0
165,102601525,7985096486,0,11516767,residential,Tulip Road,0,True,46.22807618784606,,,,,,no,,"LINESTRING (-76.4984005 38.9868388, -76.4987421 38.9865189)",0.0,0.0,1.0,0.0,[0. 1. 2. 3. 4. 5. 6. 7. 8. 9.],[1. 1. 1. 1. 1. 1. 1. 1. 1. 1.],0.0,0.0
166,102601525,7985096507,0,11516103,residential,Juniper Street,0,True,141.24814889938682,,,,,,no,,"LINESTRING (-76.4984005 38.9868388, -76.4995167 38.9875801, -76.4996228 38.9875336, -76.4996527 38.9875082)",0.0,0.0,1.0,0.0,[0. 1. 2. 3. 4. 5. 6. 7. 8. 9.],[1. 1. 1. 1. 1. 1. 1. 1. 1. 1.],0.0,0.0
167,7475369162,102620129,0,534640214,residential,Maryland Avenue,0,False,7.00092931417129,,,,,,no,,"LINESTRING (-76.4902551 38.9794703, -76.49030689999999 38.9794219)",0.0,0.0,1.0,0.0,[0. 1. 2. 3. 4. 5. 6. 7. 8. 9.],[1. 1. 1. 1. 1. 1. 1. 1. 1. 1.],0.0,0.0
168,7475369162,102620127,0,534640214,residential,Maryland Avenue,0,True,118.81094318036334,,,,,,no,,"LINESTRING (-76.4902551 38.9794703, -76.48936759999999 38.9802862)",0.0,0.0,1.0,0.0,[0. 1. 2. 3. 4. 5. 6. 7. 8. 9.],[1. 1. 1. 1. 1. 1. 1. 1. 1. 1.],0.0,0.0
169,7475369163,102620129,0,633517752,residential,State Circle,1,False,3.765300953720328,,20 mph,,,roundabout,no,,"LINESTRING (-76.49027049999999 38.9794033, -76.49030689999999 38.9794219)",0.0,0.0,1.0,0.0,[0. 1. 2. 3. 4. 5. 6. 7. 8. 9.],[1. 1. 1. 1. 1. 1. 1. 1. 1. 1.],0.0,0.0
170,7475369165,7475369163,0,633517752,residential,State Circle,1,False,70.51705214070759,,20 mph,,,roundabout,no,,"LINESTRING (-76.4898937 38.9788765, -76.4898979 38.9789617, -76.4899083 38.9790421, -76.4899454 38.9791157, -76.48999929999999 38.9791958, -76.4900542 38.9792569, -76.49009650000001 38.9792963, -76.4901505 38.9793354, -76.4902055 38.9793686, -76.4902505 38.9793934, -76.49027049999999 38.9794033)",0.0,0.0,1.0,0.0,[0. 1. 2. 3. 4. 5. 6. 7. 8. 9.],[1. 1. 1. 1. 1. 1. 1. 1. 1. 1.],0.0,0.0
171,7475369166,102593916,0,11512872,secondary,College Avenue,0,False,6.902081887947719,2,25 mph,MD 450,,,no,,"LINESTRING (-76.491272 38.980258, -76.49132779999999 38.9802136)",0.0,0.0,1.0,0.0,[0. 1. 2. 3. 4. 5. 6. 7. 8. 9.],[1. 1. 1. 1. 1. 1. 1. 1. 1. 1.],0.0,0.0
172,7475369166,102582123,0,11512872,secondary,College Avenue,0,True,10.029036760481029,2,25 mph,MD 450,,,no,,"LINESTRING (-76.491272 38.980258, -76.49119090000001 38.9803225)",0.0,0.0,1.0,0.0,[0. 1. 2. 3. 4. 5. 6. 7. 8. 9.],[1. 1. 1. 1. 1. 1. 1. 1. 1. 1.],0.0,0.0
173,7475369167,102572870,0,799299908,residential,State Circle,1,False,5.014296612180759,2,20 mph,,,roundabout,no,,"LINESTRING (-76.4902439 38.9783524, -76.4901952 38.9783769)",0.0,0.0,1.0,0.0,[0. 1. 2. 3. 4. 5. 6. 7. 8. 9.],[1. 1. 1. 1. 1. 1. 1. 1. 1. 1.],0.0,0.0
174,102569248,102613623,0,11519485,residential,West Washington Street,0,False,59.87581311662167,,,,,,no,,"LINESTRING (-76.4966555 38.9802828, -76.4966264 38.9808208)",0.0,0.0,1.0,0.0,[0. 1. 2. 3. 4. 5. 6. 7. 8. 9.],[1. 1. 1. 1. 1. 1. 1. 1. 1. 1.],0.0,0.0
175,102569248,102646385,0,11519485,residential,West Washington Street,0,True,71.86774579021882,,,,,,no,,"LINESTRING (-76.4966555 38.9802828, -76.4966974 38.9796373)",0.0,0.0,1.0,0.0,[0. 1. 2. 3. 4. 5. 6. 7. 8. 9.],[1. 1. 1. 1. 1. 1. 1. 1. 1. 1.],0.0,0.0
176,102569248,102569250,0,11504312,residential,Monument Street,0,False,71.0025271098934,,,,,,no,,"LINESTRING (-76.4966555 38.9802828, -76.49715019999999 38.9803075, -76.4971518 38.9802618, -76.49741830000001 38.980273)",0.0,0.0,1.0,0.0,[0. 1. 2. 3. 4. 5. 6. 7. 8. 9.],[1. 1. 1. 1. 1. 1. 1. 1. 1. 1.],0.0,0.0
177,102569250,102569248,0,11504312,residential,Monument Street,0,True,71.0025271098934,,,,,,no,,"LINESTRING (-76.49741830000001 38.980273, -76.4971518 38.9802618, -76.49715019999999 38.9803075, -76.4966555 38.9802828)",0.0,0.0,1.0,0.0,[0. 1. 2. 3. 4. 5. 6. 7. 8. 9.],[1. 1. 1. 1. 1. 1. 1. 1. 1. 1.],0.0,0.0
178,4343502210,102584606,0,11514784,primary,Baltimore Annapolis Boulevard,0,True,54.581301510851176,2,,MD 450,,,no,,"LINESTRING (-76.49541979999999 38.9892463, -76.49598159999999 38.9890221)",0.0,0.0,1.0,0.0,[0. 1. 2. 3. 4. 5. 6. 7. 8. 9.],[1. 1. 1. 1. 1. 1. 1. 1. 1. 1.],0.0,0.0
179,4343502210,102591775,0,824427029,primary,Baltimore Annapolis Boulevard,0,False,123.56054410987196,2,,MD 450,,,no,,"LINESTRING (-76.49541979999999 38.9892463, -76.49482759999999 38.9894706, -76.49464089999999 38.9895572, -76.49439940000001 38.9896704, -76.49417099999999 38.9897844)",0.0,0.0,1.0,0.0,[0. 1. 2. 3. 4. 5. 6. 7. 8. 9.],[1. 1. 1. 1. 1. 1. 1. 1. 1. 1.],0.0,0.0
180,1304073625,1036710447,0,11505469,residential,Turner Joy Road,0,False,116.64900853295529,,,,private,,no,,"LINESTRING (-76.4827308 38.9776954, -76.48261599999999 38.9776366, -76.4825034 38.9775789, -76.4823775 38.977533, -76.4823105 38.9775178, -76.48223950000001 38.9775145, -76.482187 38.9775178, -76.4820752 38.9775365, -76.48145839999999 38.9776366)",12.941649981307675,0.7273615577,0.2726384423,0.7273615577,[0. 1. 2. 3. 4. 5. 6. 7. 8. 9.],"[0.27263844 0.27263844 0.27263865 0.63631922 0.99999979 1.
 1.         1.         1.         1.        ]",2.1820846731000003,1.335949599617965
181,1304073625,1304061824,0,115407695,residential,,1,False,19.64049003052412,,,,private,roundabout,no,,"LINESTRING (-76.4827308 38.9776954, -76.48270890000001 38.9777216, -76.48270239999999 38.9777563, -76.4827097 38.9777838, -76.4827212 38.9778015, -76.4827478 38.9778237, -76.4827844 38.9778385)",12.941649981307675,0.7273615577,0.2726384423,0.7273615577,[0. 1. 2. 3. 4. 5. 6. 7. 8. 9.],"[0.27263844 0.27263844 0.27263865 0.63631922 0.99999979 1.
 1.         1.         1.         1.        ]",2.1820846731000003,1.335949599617965
182,6799758758,8024486803,0,11519513,residential,Norwood Road,0,False,60.13642762742701,,,,,,no,,"LINESTRING (-76.49584040000001 38.993683, -76.49585140000001 38.9936801, -76.49595960000001 38.993644, -76.4963798 38.9934232, -76.4964322 38.9934017)",0.0,0.0,1.0,0.0,[0. 1. 2. 3. 4. 5. 6. 7. 8. 9.],[1. 1. 1. 1. 1. 1. 1. 1. 1. 1.],0.0,0.0
183,6799758758,102623270,0,11519513,residential,Norwood Road,0,True,54.51953897637357,,,,,,no,,"LINESTRING (-76.49584040000001 38.993683, -76.4957326 38.9937116, -76.495216 38.9937262)",0.0,0.0,1.0,0.0,[0. 1. 2. 3. 4. 5. 6. 7. 8. 9.],[1. 1. 1. 1. 1. 1. 1. 1. 1. 1.],0.0,0.0
184,3148256782,3158507937,0,43931120,secondary,King George Street,0,True,238.2961775218379,2,25 mph,MD 450,,,no,,"LINESTRING (-76.4936893 38.9846583, -76.4915683 38.9832892)",8.960600998597842,0.6806850322,0.3193149678,0.6806850322,[0. 1. 2. 3. 4. 5. 6. 7. 8. 9.],"[0.31931497 0.31931497 0.31931516 0.65965748 0.9999998  1.
 1.         1.         1.         1.        ]",2.0420550966,1.398633995270994
185,3148256782,102614143,0,"[43931120, 38305515, 135310468]",secondary,King George Street,0,False,191.16462238982984,2,25 mph,MD 450,,,yes,,"LINESTRING (-76.4936893 38.9846583, -76.4938034 38.9847313, -76.4951592 38.9855853, -76.4954073 38.985741)",3.0575703531644276,0.5295207149,0.47047928510000003,0.5295207149,[0. 1. 2. 3. 4. 5. 6. 7. 8. 9.],"[0.47047929 0.47047929 0.47047944 0.73523964 0.99999985 1.
 1.         1.         1.         1.        ]",1.5885621446999998,1.4973835025396525
186,3627587194,7475385916,0,581820581,secondary,Bladen Street,1,False,104.44452989214616,2,,MD 70,,,no,,"LINESTRING (-76.4931615 38.9801686, -76.49222760000001 38.9795726)",0.0,0.0,1.0,0.0,[0. 1. 2. 3. 4. 5. 6. 7. 8. 9.],[1. 1. 1. 1. 1. 1. 1. 1. 1. 1.],0.0,0.0
187,7094900479,102597968,0,160669677,tertiary,Annapolis Street,0,False,45.55103293290209,,,,,,no,,"LINESTRING (-76.5025141 38.9903, -76.50212639999999 38.9900225)",0.0,0.0,1.0,0.0,[0. 1. 2. 3. 4. 5. 6. 7. 8. 9.],[1. 1. 1. 1. 1. 1. 1. 1. 1. 1.],0.0,0.0
188,7094900479,8032565122,0,160669677,tertiary,Annapolis Street,0,True,34.99846121096236,,,,,,no,,"LINESTRING (-76.5025141 38.9903, -76.50281200000001 38.9905132)",0.0,0.0,1.0,0.0,[0. 1. 2. 3. 4. 5. 6. 7. 8. 9.],[1. 1. 1. 1. 1. 1. 1. 1. 1. 1.],0.0,0.0
189,3659143022,12111989959,0,581825956,residential,Newman Street,0,True,25.490633642456412,,,,,,no,,"LINESTRING (-76.4858449 38.9765929, -76.4860588 38.9764351)",2.1793956957159057,0.4798663918,0.5201336082,0.4798663918,[0. 1. 2. 3. 4. 5. 6. 7. 8. 9.],"[0.52013361 0.52013361 0.52013375 0.7600668  0.99999986 1.
 1.         1.         1.         1.        ]",1.4395991754000002,1.4987836036618034
190,2098730870,4835974741,0,11507960,residential,Dorsey Road,0,False,61.06781184505397,,,,,,no,,"LINESTRING (-76.49036340000001 38.9852426, -76.48981430000001 38.984897)",13.548501368957263,0.7329339803,0.2670660197,0.7329339803,[0. 1. 2. 3. 4. 5. 6. 7. 8. 9.],"[0.26706602 0.26706602 0.26706623 0.63353301 0.99999979 1.
 1.         1.         1.         1.        ]",2.1988019409,1.3272816911948653
191,2098730870,102584621,0,11507960,residential,Dorsey Road,0,True,46.12681364800607,,,,,,no,,"LINESTRING (-76.49036340000001 38.9852426, -76.4907781 38.9855037)",13.8490951027448,0.7355818931,0.2644181069,0.7355818931,[0. 1. 2. 3. 4. 5. 6. 7. 8. 9.],"[0.26441811 0.26441811 0.26441832 0.63220905 0.99999979 1.
 1.         1.         1.         1.        ]",2.2067456793,1.3230689279903771
192,2098730870,2098730884,0,431778390,residential,Beardall Road,0,True,54.133644394930876,,,,,,no,,"LINESTRING (-76.49036340000001 38.9852426, -76.4904614 38.9852164, -76.4909323 38.9853927)",12.769071128564578,0.7257182085,0.2742817915,0.7257182085,[0. 1. 2. 3. 4. 5. 6. 7. 8. 9.],"[0.27428179 0.27428179 0.274282   0.6371409  0.99999979 1.
 1.         1.         1.         1.        ]",2.1771546255,1.33845524589992
193,2098730878,3655986598,0,11520014,residential,Holloway Road,0,False,126.34095405227166,,,,private,,no,,"LINESTRING (-76.48523640000001 38.9858058, -76.48412279999999 38.9850698)",13.118916835981112,0.7290218875,0.27097811250000003,0.7290218875,[0. 1. 2. 3. 4. 5. 6. 7. 8. 9.],"[0.27097811 0.27097811 0.27097832 0.63548906 0.99999979 1.
 1.         1.         1.         1.        ]",2.1870656625,1.33339476949421
194,2098730878,4835974765,0,534630402,residential,Sims Road,0,False,16.042758164462327,,,,,,no,,"LINESTRING (-76.48523640000001 38.9858058, -76.4851166 38.985916)",13.240005102353793,0.7301403256,0.2698596744,0.7301403256,[0. 1. 2. 3. 4. 5. 6. 7. 8. 9.],"[0.26985967 0.26985967 0.26985988 0.63492984 0.99999979 1.
 1.         1.         1.         1.        ]",2.1904209768,1.3316605092808085
195,2098730878,10137915981,0,11507757,residential,McNair Road,0,True,48.04047398631707,,,,,,no,,"LINESTRING (-76.48523640000001 38.9858058, -76.48531079999999 38.9858495, -76.4853943 38.9858984, -76.4857367 38.9858171)",13.73894449730466,0.7346198632,0.26538013680000005,0.7346198632,[0. 1. 2. 3. 4. 5. 6. 7. 8. 9.],"[0.26538014 0.26538014 0.26538035 0.63269007 0.99999979 1.
 1.         1.         1.         1.        ]",2.2038595895999995,1.324606553074488
196,2098730884,102584621,0,11511666,residential,Rodgers Road,0,False,18.165190228200654,,,,,,no,,"LINESTRING (-76.4909323 38.9853927, -76.4907781 38.9855037)",12.769071128564578,0.7257182085,0.2742817915,0.7257182085,[0. 1. 2. 3. 4. 5. 6. 7. 8. 9.],"[0.27428179 0.27428179 0.274282   0.6371409  0.99999979 1.
 1.         1.         1.         1.        ]",2.1771546255,1.33845524589992
197,2098730884,790678730,0,11511666,residential,Rodgers Road,0,True,16.71397767202008,,,,,,no,,"LINESTRING (-76.4909323 38.9853927, -76.49111069999999 38.9854507)",12.769071128564578,0.7257182085,0.2742817915,0.7257182085,[0. 1. 2. 3. 4. 5. 6. 7. 8. 9.],"[0.27428179 0.27428179 0.274282   0.6371409  0.99999979 1.
 1.         1.         1.         1.        ]",2.1771546255,1.33845524589992
198,2098730884,2098730870,0,431778390,residential,Beardall Road,0,False,54.133644394930876,,,,,,no,,"LINESTRING (-76.4909323 38.9853927, -76.4904614 38.9852164, -76.49036340000001 38.9852426)",12.769071128564578,0.7257182085,0.2742817915,0.7257182085,[0. 1. 2. 3. 4. 5. 6. 7. 8. 9.],"[0.27428179 0.27428179 0.274282   0.6371409  0.99999979 1.
 1.         1.         1.         1.        ]",2.1771546255,1.33845524589992
199,102569875,102608841,0,119678016,residential,Green Street,0,True,9.30898608543995,,,,,,no,,"LINESTRING (-76.4878152 38.9773909, -76.4877917 38.9774726)",1.3743726215658203,0.4128967019,0.5871032981,0.4128967019,[0. 1. 2. 3. 4. 5. 6. 7. 8. 9.],"[0.5871033  0.5871033  0.58710342 0.79355165 0.99999988 1.
 1.         1.         1.         1.        ]",1.2386901057000002,1.4770638485085463
200,102569875,1304062017,0,581825954,secondary,Main Street,1,False,9.60365596387897,,,,,,no,,"LINESTRING (-76.4878152 38.9773909, -76.48792469999999 38.9774055)",1.3743726215658203,0.4128967019,0.5871032981,0.4128967019,[0. 1. 2. 3. 4. 5. 6. 7. 8. 9.],"[0.5871033  0.5871033  0.58710342 0.79355165 0.99999988 1.
 1.         1.         1.         1.        ]",1.2386901057000002,1.4770638485085463
201,102569875,12112020492,0,886273335,secondary,Main Street,1,False,10.348861588502666,,,,,,no,,"LINESTRING (-76.4878152 38.9773909, -76.4876974 38.9773743)",1.5267934999761597,0.4280232546,0.5719767454,0.4280232546,[0. 1. 2. 3. 4. 5. 6. 7. 8. 9.],"[0.57197675 0.57197675 0.57197687 0.78598837 0.99999988 1.
 1.         1.         1.         1.        ]",1.2840697638,1.4843768469862253
202,11365456002,102552045,0,"[11517728, 11512854]",residential,"['Ramsey Road', 'Ramsey Drive']",0,False,187.11892369041323,,,,,,no,,"LINESTRING (-76.48914619999999 38.9868874, -76.48911889999999 38.9870175, -76.4892926 38.9876557, -76.48934800000001 38.9878517, -76.4894311 38.9880485, -76.4896052 38.9883429, -76.4897136 38.9884869)",13.511554029184085,0.7326035323,0.26739646770000003,0.7326035323,[0. 1. 2. 3. 4. 5. 6. 7. 8. 9.],"[0.26739647 0.26739647 0.26739668 0.63369823 0.99999979 1.
 1.         1.         1.         1.        ]",2.1978105969,1.3278031521509057
203,11365456002,3812799110,0,11512854,residential,Ramsey Drive,0,True,27.32066677870826,,,,,,no,,"LINESTRING (-76.48914619999999 38.9868874, -76.48914980000001 38.9868701, -76.489209 38.986764, -76.48929889999999 38.9866758)",13.511554029184085,0.7326035323,0.26739646770000003,0.7326035323,[0. 1. 2. 3. 4. 5. 6. 7. 8. 9.],"[0.26739647 0.26739647 0.26739668 0.63369823 0.99999979 1.
 1.         1.         1.         1.        ]",2.1978105969,1.3278031521509057
204,5202712721,10031904484,0,50319297,secondary,Compromise Street,0,False,36.492036109634796,,,,,,no,,"LINESTRING (-76.48666 38.9766444, -76.48680539999999 38.9769525)",2.1027685604391113,0.4746219318,0.5253780682,0.4746219318,[0. 1. 2. 3. 4. 5. 6. 7. 8. 9.],"[0.52537807 0.52537807 0.5253782  0.76268903 0.99999986 1.
 1.         1.         1.         1.        ]",1.4238657954,1.4980667966063517
205,5202712721,10779963445,0,50319297,secondary,Compromise Street,0,True,7.013512907168569,,,,,,no,,"LINESTRING (-76.48666 38.9766444, -76.4866342 38.9765846)",2.1027685604391113,0.4746219318,0.5253780682,0.4746219318,[0. 1. 2. 3. 4. 5. 6. 7. 8. 9.],"[0.52537807 0.52537807 0.5253782  0.76268903 0.99999986 1.
 1.         1.         1.         1.        ]",1.4238657954,1.4980667966063517
206,5202712722,5202712733,0,11511461,residential,Market Space,1,False,42.446633800012755,,,,,,no,,"LINESTRING (-76.48749290000001 38.9778721, -76.4877467 38.9775893, -76.4877699 38.9775571)",1.5569889746007934,0.4308523755,0.5691476245,0.4308523755,[0. 1. 2. 3. 4. 5. 6. 7. 8. 9.],"[0.56914762 0.56914762 0.56914775 0.78457381 0.99999988 1.
 1.         1.         1.         1.        ]",1.2925571265,1.4855867353514254
207,5202712733,1304061871,0,886273333,residential,Market Space,1,False,2.391299528862388,,,,,,no,,"LINESTRING (-76.4877699 38.9775571, -76.4877774 38.9775364)",1.346942444830896,0.410011128,0.5899888719999999,0.410011128,[0. 1. 2. 3. 4. 5. 6. 7. 8. 9.],"[0.58998887 0.58998887 0.58998899 0.79499444 0.99999988 1.
 1.         1.         1.         1.        ]",1.2300333840000002,1.4755061831001748
208,102635911,8006803218,0,11515850,residential,Osborne Road,0,True,127.1268314790908,,,,,,no,,"LINESTRING (-76.4902242 38.9898958, -76.49029109999999 38.989817, -76.4903599 38.9892219, -76.49031600000001 38.9888382, -76.49035240000001 38.9887784)",12.797474291520816,0.7259905309,0.2740094691,0.7259905309,[0. 1. 2. 3. 4. 5. 6. 7. 8. 9.],"[0.27400947 0.27400947 0.27400968 0.63700473 0.99999979 1.
 1.         1.         1.         1.        ]",2.1779715926999996,1.3380416106822441
209,102635911,2286912259,0,11517728,residential,Ramsey Road,0,False,339.0378416704043,,,,,,no,,"LINESTRING (-76.4902242 38.9898958, -76.4900643 38.9900784, -76.4900669 38.9901557, -76.4901031 38.9902811, -76.49018479999999 38.9904418, -76.49028199999999 38.9905777, -76.49042799999999 38.9907455, -76.4905739 38.990873, -76.4908367 38.9910472, -76.49090510000001 38.9910738, -76.4909689 38.9910649, -76.4911931 38.9909356, -76.4912617 38.9909073, -76.49135 38.9908866, -76.4914321 38.9908903, -76.4915953 38.9909084, -76.4917257 38.9907824, -76.4918139 38.9907431, -76.49187740000001 38.9907258, -76.49207989999999 38.9906901, -76.4921544 38.9906789, -76.49223189999999 38.9906556, -76.492424 38.9905742, -76.492487 38.9905687, -76.4925949 38.9906049, -76.4927182 38.9906644)",12.916675594049197,0.7271254062,0.2728745938,0.7271254062,[0. 1. 2. 3. 4. 5. 6. 7. 8. 9.],"[0.27287459 0.27287459 0.2728748  0.6364373  0.99999979 1.
 1.         1.         1.         1.        ]",2.1813762186,1.3363110724875882
210,102635911,102552045,0,11517728,residential,Ramsey Road,0,True,167.38135459179944,,,,,,no,,"LINESTRING (-76.4902242 38.9898958, -76.4901974 38.989783, -76.4901867 38.9893077, -76.4901634 38.9891336, -76.4901119 38.9890153, -76.4900166 38.988837, -76.4898678 38.9886516, -76.4897136 38.9884869)",13.089298811155063,0.7287463938,0.27125360620000005,0.7287463938,[0. 1. 2. 3. 4. 5. 6. 7. 8. 9.],"[0.27125361 0.27125361 0.27125382 0.6356268  0.99999979 1.
 1.         1.         1.         1.        ]",2.1862391814,1.3338203107977682
211,7985096486,102601525,0,11516767,residential,Tulip Road,0,False,46.22807618784606,,,,,,no,,"LINESTRING (-76.4987421 38.9865189, -76.4984005 38.9868388)",0.0,0.0,1.0,0.0,[0. 1. 2. 3. 4. 5. 6. 7. 8. 9.],[1. 1. 1. 1. 1. 1. 1. 1. 1. 1.],0.0,0.0
212,7985096486,7985096490,0,11516767,residential,Tulip Road,0,True,109.48668443569181,,,,,,no,,"LINESTRING (-76.4987421 38.9865189, -76.4990748 38.9862506, -76.4995055 38.9865505, -76.49964610000001 38.9866708)",0.0,0.0,1.0,0.0,[0. 1. 2. 3. 4. 5. 6. 7. 8. 9.],[1. 1. 1. 1. 1. 1. 1. 1. 1. 1.],0.0,0.0
213,6193355556,102572870,0,11504901,residential,Francis Street,1,False,40.284615776619304,,,,,,no,,"LINESTRING (-76.4898486 38.9781373, -76.4901119 38.9782981, -76.4901952 38.9783769)",0.0,0.0,1.0,0.0,[0. 1. 2. 3. 4. 5. 6. 7. 8. 9.],[1. 1. 1. 1. 1. 1. 1. 1. 1. 1.],0.0,0.0
214,764812180,102607813,0,11519206,residential,Munroe Court,0,True,184.04922315383146,,,,,,no,,"LINESTRING (-76.5004416 38.9782646, -76.4999139 38.9782533, -76.4994153 38.9782405, -76.49934159999999 38.9782305, -76.4992974 38.978221, -76.4992445 38.9782036, -76.4991938 38.9781796, -76.499149 38.9781506, -76.4991151 38.9781225, -76.49908360000001 38.9780901, -76.4990608 38.9780552, -76.49904720000001 38.9780278, -76.49887390000001 38.9775677)",0.0,0.0,1.0,0.0,[0. 1. 2. 3. 4. 5. 6. 7. 8. 9.],[1. 1. 1. 1. 1. 1. 1. 1. 1. 1.],0.0,0.0
215,764812180,764812180,0,1047348347,residential,Munroe Court,1,False,57.09747582539237,,,,,,no,,"LINESTRING (-76.5004416 38.9782646, -76.5004725 38.9782738, -76.5004993 38.9782872, -76.5005261 38.9783111, -76.50054799999999 38.9783271, -76.5005755 38.9783368, -76.50060550000001 38.978339, -76.5006348 38.9783335, -76.5006602 38.9783209, -76.50067900000001 38.9783025, -76.5006892 38.9782805, -76.50068949999999 38.978257, -76.50068 38.9782347, -76.50066169999999 38.9782161, -76.5006367 38.978203, -76.5006075 38.978197, -76.5005774 38.9781987, -76.50054969999999 38.9782079, -76.5005273 38.9782236, -76.50050589999999 38.978241, -76.50047379999999 38.9782559, -76.5004416 38.9782646)",0.0,0.0,1.0,0.0,[0. 1. 2. 3. 4. 5. 6. 7. 8. 9.],[1. 1. 1. 1. 1. 1. 1. 1. 1. 1.],0.0,0.0
216,639278160,639278205,0,74112036,secondary,Compromise Street,1,False,42.38870843241528,2,,,,,no,,"LINESTRING (-76.4868912 38.9771685, -76.4869806 38.9773684, -76.4870791 38.9775197)",2.527339061289789,0.5015962251,0.4984037749,0.5015962251,[0. 1. 2. 3. 4. 5. 6. 7. 8. 9.],"[0.49840377 0.49840377 0.49840392 0.74920189 0.99999986 1.
 1.         1.         1.         1.        ]",1.5047886753000002,1.499992547888908
217,639278205,639278230,0,1120221763,secondary,,1,False,4.477615659812608,,,,,roundabout,no,,"LINESTRING (-76.4870791 38.9775197, -76.4871007 38.9775563)",1.6870435676870361,0.442477105,0.557522895,0.442477105,[0. 1. 2. 3. 4. 5. 6. 7. 8. 9.],"[0.55752289 0.55752289 0.55752302 0.77876145 0.99999987 1.
 1.         1.         1.         1.        ]",1.3274313150000001,1.4900404545865198
218,639278221,4383628533,0,633517748,secondary,,1,False,26.998173294750625,,,,,roundabout,no,,"LINESTRING (-76.4873608 38.9775622, -76.4873826 38.977532, -76.4873929 38.9774982, -76.48739070000001 38.9774636, -76.48737629999999 38.9774307, -76.4873509 38.9774023, -76.4873163 38.9773804, -76.4872752 38.9773667)",1.584004303008081,0.4333403518,0.5666596481999999,0.4333403518,[0. 1. 2. 3. 4. 5. 6. 7. 8. 9.],"[0.56665965 0.56665965 0.56665977 0.78332982 0.99999988 1.
 1.         1.         1.         1.        ]",1.3000210554000002,1.486609874374391
219,639278221,102608841,0,"[886273334, 50319303]",secondary,Main Street,1,False,38.701597222135064,1,,,,,no,,"LINESTRING (-76.4873608 38.9775622, -76.48746749999999 38.9775307, -76.4875507 38.977512, -76.4876525 38.9774915, -76.48771790000001 38.9774779, -76.4877917 38.9774726)",1.584004303008081,0.4333403518,0.5666596481999999,0.4333403518,[0. 1. 2. 3. 4. 5. 6. 7. 8. 9.],"[0.56665965 0.56665965 0.56665977 0.78332982 0.99999988 1.
 1.         1.         1.         1.        ]",1.3000210554000002,1.486609874374391
220,102636686,102584646,0,11516012,residential,Circle Court,0,False,61.240931897016814,,,,,,no,,"LINESTRING (-76.49383159999999 38.9878481, -76.49312310000001 38.9878555)",1.757326679318302,0.4484112263,0.5515887737,0.4484112263,[0. 1. 2. 3. 4. 5. 6. 7. 8. 9.],"[0.55158877 0.55158877 0.5515889  0.77579439 0.99999987 1.
 1.         1.         1.         1.        ]",1.3452336789000001,1.4919946045493266
221,102636689,4354431922,0,11507189,residential,Fire Station Road,0,True,12.405452431491652,,,,,,no,,"LINESTRING (-76.4929104 38.9873253, -76.4927742 38.9873605)",2.443465547650211,0.4966430794,0.5033569205999999,0.4966430794,[0. 1. 2. 3. 4. 5. 6. 7. 8. 9.],"[0.50335692 0.50335692 0.50335706 0.75167846 0.99999986 1.
 1.         1.         1.         1.        ]",1.4899292382000002,1.499966382693574
222,102636689,102584617,0,11516013,residential,O'Hare Road,0,False,45.148345145520715,,,,,,no,,"LINESTRING (-76.4929104 38.9873253, -76.49295100000001 38.9869205)",2.443465547650211,0.4966430794,0.5033569205999999,0.4966430794,[0. 1. 2. 3. 4. 5. 6. 7. 8. 9.],"[0.50335692 0.50335692 0.50335706 0.75167846 0.99999986 1.
 1.         1.         1.         1.        ]",1.4899292382000002,1.499966382693574
223,102636689,102584646,0,11516013,residential,O'Hare Road,0,True,61.75536756193209,,,,,,no,,"LINESTRING (-76.4929104 38.9873253, -76.49312310000001 38.9878555)",2.443465547650211,0.4966430794,0.5033569205999999,0.4966430794,[0. 1. 2. 3. 4. 5. 6. 7. 8. 9.],"[0.50335692 0.50335692 0.50335706 0.75167846 0.99999986 1.
 1.         1.         1.         1.        ]",1.4899292382000002,1.499966382693574
224,639278230,102595015,0,89905917,tertiary,Market Space,1,False,36.601493228484784,,,,,,no,,"LINESTRING (-76.4871007 38.9775563, -76.4871083 38.9776171, -76.4871077 38.9776448, -76.4871 38.977672, -76.4870662 38.9777241, -76.48703999999999 38.9777671, -76.48698950000001 38.9778662)",1.6870435676870361,0.442477105,0.557522895,0.442477105,[0. 1. 2. 3. 4. 5. 6. 7. 8. 9.],"[0.55752289 0.55752289 0.55752302 0.77876145 0.99999987 1.
 1.         1.         1.         1.        ]",1.3274313150000001,1.4900404545865198
225,639278230,639278235,0,633517749,secondary,,1,False,22.4190675197516,,,,,roundabout,no,,"LINESTRING (-76.4871007 38.9775563, -76.48713619999999 38.9775857, -76.487182 38.9776047, -76.48723320000001 38.9776113, -76.48728439999999 38.9776048, -76.4873302 38.977586)",1.6870435676870361,0.442477105,0.557522895,0.442477105,[0. 1. 2. 3. 4. 5. 6. 7. 8. 9.],"[0.55752289 0.55752289 0.55752302 0.77876145 0.99999987 1.
 1.         1.         1.         1.        ]",1.3274313150000001,1.4900404545865198
226,639278235,639278221,0,1022792919,secondary,,1,False,3.741708046727893,,,,,roundabout,no,,"LINESTRING (-76.4873302 38.977586, -76.4873608 38.9775622)",1.584004303008081,0.4333403518,0.5666596481999999,0.4333403518,[0. 1. 2. 3. 4. 5. 6. 7. 8. 9.],"[0.56665965 0.56665965 0.56665977 0.78332982 0.99999988 1.
 1.         1.         1.         1.        ]",1.3000210554000002,1.486609874374391
227,639278248,1303929715,0,799299908,residential,State Circle,1,False,47.09872700744754,2,20 mph,,,roundabout,no,,"LINESTRING (-76.4910242 38.9783691, -76.490936 38.9783372, -76.4908385 38.9783125, -76.49068490000001 38.9782877, -76.4905748 38.9782833, -76.4904971 38.9782878)",0.0,0.0,1.0,0.0,[0. 1. 2. 3. 4. 5. 6. 7. 8. 9.],[1. 1. 1. 1. 1. 1. 1. 1. 1. 1.],0.0,0.0
228,639278258,9898623654,0,115397810,residential,School Street,1,False,10.730085363986973,,,,,,no,,"LINESTRING (-76.49150280000001 38.9787799, -76.4915452 38.9787072, -76.4915591 38.9786945)",0.0,0.0,1.0,0.0,[0. 1. 2. 3. 4. 5. 6. 7. 8. 9.],[1. 1. 1. 1. 1. 1. 1. 1. 1. 1.],0.0,0.0
229,639278258,102631414,0,799299908,residential,State Circle,1,False,18.714036555607866,2,20 mph,,,roundabout,no,,"LINESTRING (-76.49150280000001 38.9787799, -76.49146949999999 38.9787047, -76.4914374 38.9786492, -76.4914225 38.9786238)",0.0,0.0,1.0,0.0,[0. 1. 2. 3. 4. 5. 6. 7. 8. 9.],[1. 1. 1. 1. 1. 1. 1. 1. 1. 1.],0.0,0.0
230,639278285,639279490,0,50319460,secondary,College Avenue,1,False,35.89416261119224,,,MD 450,,,no,,"LINESTRING (-76.4925149 38.97872, -76.4925741 38.9787875, -76.4926043 38.9788403, -76.4926282 38.978904, -76.4926363 38.9790208)",0.0,0.0,1.0,0.0,[0. 1. 2. 3. 4. 5. 6. 7. 8. 9.],[1. 1. 1. 1. 1. 1. 1. 1. 1. 1.],0.0,0.0
231,639278285,102618087,0,439917137,secondary,Church Circle,1,False,40.15563840358716,,,,,roundabout,no,,"LINESTRING (-76.4925149 38.97872, -76.4926421 38.9787493, -76.49273650000001 38.9787621, -76.492836 38.978765, -76.4929719 38.9787552)",0.0,0.0,1.0,0.0,[0. 1. 2. 3. 4. 5. 6. 7. 8. 9.],[1. 1. 1. 1. 1. 1. 1. 1. 1. 1.],0.0,0.0
232,4836073064,102571991,0,11518478,residential,Parker Lane,1,False,8.261037321608425,,,,,,no,,"LINESTRING (-76.48779070000001 38.983476, -76.4877276 38.9835318)",10.269565489488345,0.6983896746,0.3016103254,0.6983896746,[0. 1. 2. 3. 4. 5. 6. 7. 8. 9.],"[0.30161033 0.30161033 0.30161053 0.65080516 0.9999998  1.
 1.         1.         1.         1.        ]",2.0951690238,1.3768713207438619
233,1304010093,102618085,0,1079893518,secondary,College Avenue,0,False,4.856811702648879,2,25 mph,MD 450,,,no,,"LINESTRING (-76.49198320000001 38.9796017, -76.49201909999999 38.9795681)",0.0,0.0,1.0,0.0,[0. 1. 2. 3. 4. 5. 6. 7. 8. 9.],[1. 1. 1. 1. 1. 1. 1. 1. 1. 1.],0.0,0.0
234,1304010093,9630748541,0,1079893518,secondary,College Avenue,0,True,4.471219549524078,2,25 mph,MD 450,,,no,,"LINESTRING (-76.49198320000001 38.9796017, -76.4919501 38.9796326)",0.0,0.0,1.0,0.0,[0. 1. 2. 3. 4. 5. 6. 7. 8. 9.],[1. 1. 1. 1. 1. 1. 1. 1. 1. 1.],0.0,0.0
235,1304010096,639278258,0,799294478,residential,State Circle,1,False,28.75054134554564,1,20 mph,,,roundabout,no,,"LINESTRING (-76.4914761 38.9790369, -76.4914977 38.9789444, -76.49150280000001 38.9787799)",0.0,0.0,1.0,0.0,[0. 1. 2. 3. 4. 5. 6. 7. 8. 9.],[1. 1. 1. 1. 1. 1. 1. 1. 1. 1.],0.0,0.0
236,1304010097,1304010096,0,799294478,residential,State Circle,1,False,22.573512293829317,1,20 mph,,,roundabout,no,,"LINESTRING (-76.49135680000001 38.9792171, -76.49137930000001 38.9791916, -76.49144819999999 38.9790861, -76.4914761 38.9790369)",0.0,0.0,1.0,0.0,[0. 1. 2. 3. 4. 5. 6. 7. 8. 9.],[1. 1. 1. 1. 1. 1. 1. 1. 1. 1.],0.0,0.0
237,1304010102,768922858,0,192889408,secondary,College Avenue,0,True,6.00027606480553,,,MD 450,,,no,,"LINESTRING (-76.49215289999999 38.9794424, -76.492109 38.9794842)",0.0,0.0,1.0,0.0,[0. 1. 2. 3. 4. 5. 6. 7. 8. 9.],[1. 1. 1. 1. 1. 1. 1. 1. 1. 1.],0.0,0.0
238,1304010102,639279490,0,"[192889408, 192889406]",secondary,College Avenue,0,False,62.79909720460642,,,MD 450,,,no,,"LINESTRING (-76.49215289999999 38.9794424, -76.4922646 38.9793454, -76.4926363 38.9790208)",0.0,0.0,1.0,0.0,[0. 1. 2. 3. 4. 5. 6. 7. 8. 9.],[1. 1. 1. 1. 1. 1. 1. 1. 1. 1.],0.0,0.0
239,4835974727,102562646,0,11506074,residential,Decatur Avenue,0,False,4.235389814425136,,,,,,no,,"LINESTRING (-76.48861909999999 38.9841151, -76.48858269999999 38.9840896)",11.758995440202456,0.7155247939,0.2844752061,0.7155247939,[0. 1. 2. 3. 4. 5. 6. 7. 8. 9.],"[0.28447521 0.28447521 0.28447541 0.6422376  0.99999979 1.
 1.         1.         1.         1.        ]",2.1465743817000003,1.3534926632067459
240,4835974727,102579127,0,11506074,residential,Decatur Avenue,0,True,48.46954872433644,,,,,,no,,"LINESTRING (-76.48861909999999 38.9841151, -76.4890358 38.9844068)",12.019291784959536,0.7182506206,0.2817493794,0.7182506206,[0. 1. 2. 3. 4. 5. 6. 7. 8. 9.],"[0.28174938 0.28174938 0.28174959 0.64087469 0.99999979 1.
 1.         1.         1.         1.        ]",2.1547518618000003,1.349555787294512
241,4836073073,102562646,0,11503226,residential,Balch Road,0,False,5.466692593930711,,,,,,no,,"LINESTRING (-76.4886236 38.9840521, -76.48858269999999 38.9840896)",11.758995440202456,0.7155247939,0.2844752061,0.7155247939,[0. 1. 2. 3. 4. 5. 6. 7. 8. 9.],"[0.28447521 0.28447521 0.28447541 0.6422376  0.99999979 1.
 1.         1.         1.         1.        ]",2.1465743817000003,1.3534926632067459
242,4836073073,8026801817,0,11503226,residential,Balch Road,0,True,90.31592867539294,,,,,,no,,"LINESTRING (-76.4886236 38.9840521, -76.4893045 38.983436)",11.610824492173892,0.7139403277,0.28605967229999996,0.7139403277,[0. 1. 2. 3. 4. 5. 6. 7. 8. 9.],"[0.28605967 0.28605967 0.28605988 0.64302984 0.9999998  1.
 1.         1.         1.         1.        ]",2.1418209831000006,1.35575316494597
243,4836073081,5184562694,0,11504726,residential,Decatur Road,0,False,35.03281943478713,,,,,,no,,"LINESTRING (-76.487701 38.9835143, -76.4873905 38.9833118)",10.269565489488345,0.6983896746,0.3016103254,0.6983896746,[0. 1. 2. 3. 4. 5. 6. 7. 8. 9.],"[0.30161033 0.30161033 0.30161053 0.65080516 0.9999998  1.
 1.         1.         1.         1.        ]",2.0951690238,1.3768713207438619
244,4836073081,102571991,0,11504726,residential,Decatur Road,0,True,3.012102247141209,,,,,,no,,"LINESTRING (-76.487701 38.9835143, -76.4877276 38.9835318)",10.269565489488345,0.6983896746,0.3016103254,0.6983896746,[0. 1. 2. 3. 4. 5. 6. 7. 8. 9.],"[0.30161033 0.30161033 0.30161053 0.65080516 0.9999998  1.
 1.         1.         1.         1.        ]",2.0951690238,1.3768713207438619
245,4835974799,4835974738,0,436237643,residential,Sims Road,0,False,26.98261840665336,,,,,,no,,"LINESTRING (-76.4890029 38.984436, -76.4887973 38.9846186)",12.449268129068118,0.7226000792,0.2773999208,0.7226000792,[0. 1. 2. 3. 4. 5. 6. 7. 8. 9.],"[0.27739992 0.27739992 0.27740013 0.63869996 0.99999979 1.
 1.         1.         1.         1.        ]",2.1678002376000003,1.3431469283735038
246,4835974799,102579127,0,436237643,residential,Sims Road,0,True,4.316110910003302,,,,,,no,,"LINESTRING (-76.4890029 38.984436, -76.4890358 38.9844068)",12.019291784959536,0.7182506206,0.2817493794,0.7182506206,[0. 1. 2. 3. 4. 5. 6. 7. 8. 9.],"[0.28174938 0.28174938 0.28174959 0.64087469 0.99999979 1.
 1.         1.         1.         1.        ]",2.1547518618000003,1.349555787294512
247,12063907552,1303929757,0,115391778,residential,Bloomsbury Square,0,False,33.12870120374832,,,,,,no,,"LINESTRING (-76.4944177 38.981846, -76.4946638 38.9816176)",0.0,0.0,1.0,0.0,[0. 1. 2. 3. 4. 5. 6. 7. 8. 9.],[1. 1. 1. 1. 1. 1. 1. 1. 1. 1.],0.0,0.0
248,12063907552,1303929752,0,115391778,residential,Bloomsbury Square,0,True,32.24790970681361,,,,,,no,,"LINESTRING (-76.4944177 38.981846, -76.4941781 38.9820683)",0.0,0.0,1.0,0.0,[0. 1. 2. 3. 4. 5. 6. 7. 8. 9.],[1. 1. 1. 1. 1. 1. 1. 1. 1. 1.],0.0,0.0
249,102637302,7985096494,0,11516103,residential,Juniper Street,0,True,23.18938566391364,,,,,,no,,"LINESTRING (-76.4978509 38.9865242, -76.4980644 38.9866505)",0.0,0.0,1.0,0.0,[0. 1. 2. 3. 4. 5. 6. 7. 8. 9.],[1. 1. 1. 1. 1. 1. 1. 1. 1. 1.],0.0,0.0
250,102637302,11419846902,0,11516103,residential,Juniper Street,0,False,44.28060062568176,,,,,,no,,"LINESTRING (-76.4978509 38.9865242, -76.49753250000001 38.9867919, -76.4975031 38.9868166)",0.0,0.0,1.0,0.0,[0. 1. 2. 3. 4. 5. 6. 7. 8. 9.],[1. 1. 1. 1. 1. 1. 1. 1. 1. 1.],0.0,0.0
251,8006803218,102635911,0,11515850,residential,Osborne Road,0,False,127.12683147909081,,,,,,no,,"LINESTRING (-76.49035240000001 38.9887784, -76.49031600000001 38.9888382, -76.4903599 38.9892219, -76.49029109999999 38.989817, -76.4902242 38.9898958)",12.797474291520816,0.7259905309,0.2740094691,0.7259905309,[0. 1. 2. 3. 4. 5. 6. 7. 8. 9.],"[0.27400947 0.27400947 0.27400968 0.63700473 0.99999979 1.
 1.         1.         1.         1.        ]",2.1779715926999996,1.3380416106822441
252,8006803218,8006803224,0,11515850,residential,Osborne Road,0,True,23.1211953044804,,,,,,no,,"LINESTRING (-76.49035240000001 38.9887784, -76.4903819 38.9887301, -76.49053929999999 38.9886358)",6.451094773011905,0.6363557433,0.3636442567,0.6363557433,[0. 1. 2. 3. 4. 5. 6. 7. 8. 9.],"[0.36364426 0.36364426 0.36364444 0.68182213 0.99999982 1.
 1.         1.         1.         1.        ]",1.9090672299,1.4431440437709038
253,8006803224,102581989,0,11515850,residential,Osborne Road,0,True,13.777630229542611,,,,,,no,,"LINESTRING (-76.49053929999999 38.9886358, -76.49066550000001 38.9885601)",6.451094773011905,0.6363557433,0.3636442567,0.6363557433,[0. 1. 2. 3. 4. 5. 6. 7. 8. 9.],"[0.36364426 0.36364426 0.36364444 0.68182213 0.99999982 1.
 1.         1.         1.         1.        ]",1.9090672299,1.4431440437709038
254,8006803224,8006803218,0,11515850,residential,Osborne Road,0,False,23.1211953044804,,,,,,no,,"LINESTRING (-76.49053929999999 38.9886358, -76.4903819 38.9887301, -76.49035240000001 38.9887784)",6.451094773011905,0.6363557433,0.3636442567,0.6363557433,[0. 1. 2. 3. 4. 5. 6. 7. 8. 9.],"[0.36364426 0.36364426 0.36364444 0.68182213 0.99999982 1.
 1.         1.         1.         1.        ]",1.9090672299,1.4431440437709038
255,102571991,4836073081,0,11504726,residential,Decatur Road,0,False,3.012102247141209,,,,,,no,,"LINESTRING (-76.4877276 38.9835318, -76.487701 38.9835143)",10.269565489488345,0.6983896746,0.3016103254,0.6983896746,[0. 1. 2. 3. 4. 5. 6. 7. 8. 9.],"[0.30161033 0.30161033 0.30161053 0.65080516 0.9999998  1.
 1.         1.         1.         1.        ]",2.0951690238,1.3768713207438619
256,102571991,102562646,0,11504726,residential,Decatur Road,0,True,96.48716063257694,,,,,,no,,"LINESTRING (-76.4877276 38.9835318, -76.48858269999999 38.9840896)",11.918754008012515,0.7172063393,0.2827936607,0.7172063393,[0. 1. 2. 3. 4. 5. 6. 7. 8. 9.],"[0.28279366 0.28279366 0.28279387 0.64139683 0.99999979 1.
 1.         1.         1.         1.        ]",2.1516190179,1.3510712334530475
257,102571993,3812745895,0,11504726,residential,Decatur Road,0,True,4.684834413922882,,,,,,no,,"LINESTRING (-76.48664479999999 38.9828253, -76.4866863 38.9828524)",10.037265923219424,0.6954496548,0.3045503452,0.6954496548,[0. 1. 2. 3. 4. 5. 6. 7. 8. 9.],"[0.30455035 0.30455035 0.30455054 0.65227517 0.9999998  1.
 1.         1.         1.         1.        ]",2.0863489644,1.3806504587888986
258,102571993,102576468,0,377851562,residential,Maryland Avenue,0,False,50.615426193518154,,,,,,no,,"LINESTRING (-76.48664479999999 38.9828253, -76.4870164 38.9824735)",10.037265923219424,0.6954496548,0.3045503452,0.6954496548,[0. 1. 2. 3. 4. 5. 6. 7. 8. 9.],"[0.30455035 0.30455035 0.30455054 0.65227517 0.9999998  1.
 1.         1.         1.         1.        ]",2.0863489644,1.3806504587888986
259,102571993,5184562690,0,377851562,residential,Maryland Avenue,0,True,20.619248933988512,,,,,,no,,"LINESTRING (-76.48664479999999 38.9828253, -76.4864934 38.9829686)",10.037265923219424,0.6954496548,0.3045503452,0.6954496548,[0. 1. 2. 3. 4. 5. 6. 7. 8. 9.],"[0.30455035 0.30455035 0.30455054 0.65227517 0.9999998  1.
 1.         1.         1.         1.        ]",2.0863489644,1.3806504587888986
260,102572036,102594718,0,11509403,residential,Colonial Avenue,0,False,100.26853871975356,,,,,,no,,"LINESTRING (-76.49901869999999 38.9767342, -76.4990323 38.9766809, -76.4990394 38.9766537, -76.4990662 38.976605, -76.4991673 38.9764769, -76.4995697 38.9759458)",0.0,0.0,1.0,0.0,[0. 1. 2. 3. 4. 5. 6. 7. 8. 9.],[1. 1. 1. 1. 1. 1. 1. 1. 1. 1.],0.0,0.0
261,102572036,102622190,0,11518174,residential,Morris Street,1,False,142.40845951684759,,,,,,no,,"LINESTRING (-76.49901869999999 38.9767342, -76.498987 38.9767682, -76.49897350000001 38.9767788, -76.49895600000001 38.9767852, -76.4979522 38.9770088, -76.4978957 38.9770185, -76.4978496 38.9770249, -76.4974443 38.9770434)",0.0,0.0,1.0,0.0,[0. 1. 2. 3. 4. 5. 6. 7. 8. 9.],[1. 1. 1. 1. 1. 1. 1. 1. 1. 1.],0.0,0.0
262,102572036,3455012039,0,338423266,residential,Colonial Avenue,0,False,35.58145489507917,,,,,,no,,"LINESTRING (-76.49901869999999 38.9767342, -76.4990531 38.9767658, -76.4990614 38.9767784, -76.4990676 38.9767936, -76.49909700000001 38.976898, -76.4991124 38.9769439, -76.49911059999999 38.9769566, -76.4991048 38.9769693, -76.4991066 38.9769843, -76.4991225 38.9770357)",0.0,0.0,1.0,0.0,[0. 1. 2. 3. 4. 5. 6. 7. 8. 9.],[1. 1. 1. 1. 1. 1. 1. 1. 1. 1.],0.0,0.0
263,102572063,102627606,0,11515433,residential,Yew Street,0,True,42.66872318416651,,,,,,no,,"LINESTRING (-76.5002398 38.9879959, -76.4998725 38.9882523)",0.0,0.0,1.0,0.0,[0. 1. 2. 3. 4. 5. 6. 7. 8. 9.],[1. 1. 1. 1. 1. 1. 1. 1. 1. 1.],0.0,0.0
264,102572063,3583517821,0,"[11504741, 11516767]",residential,"['Yerbury Road', 'Tulip Road']",0,False,137.76672017745574,,,,,,no,,"LINESTRING (-76.5002398 38.9879959, -76.5007239 38.9876581, -76.500697 38.9875824, -76.50015879999999 38.9870787)",0.0,0.0,1.0,0.0,[0. 1. 2. 3. 4. 5. 6. 7. 8. 9.],[1. 1. 1. 1. 1. 1. 1. 1. 1. 1.],0.0,0.0
265,102572153,102572156,0,11504760,residential,Market Street,0,False,35.059956481389364,,,,,,no,,"LINESTRING (-76.4917793 38.9743512, -76.49153 38.9745999)",2.627171059638025,0.507281503,0.49271849700000003,0.507281503,[0. 1. 2. 3. 4. 5. 6. 7. 8. 9.],"[0.4927185  0.4927185  0.49271864 0.74635925 0.99999985 1.
 1.         1.         1.         1.        ]",1.521844509,1.4998411246124403
266,102572156,102572158,0,11504760,residential,Market Street,0,False,88.1497058415498,,,,,,no,,"LINESTRING (-76.49153 38.9745999, -76.490882 38.975212)",0.0,0.0,1.0,0.0,[0. 1. 2. 3. 4. 5. 6. 7. 8. 9.],[1. 1. 1. 1. 1. 1. 1. 1. 1. 1.],0.0,0.0
267,102572156,102572153,0,11504760,residential,Market Street,0,True,35.059956481389364,,,,,,no,,"LINESTRING (-76.49153 38.9745999, -76.4917793 38.9743512)",2.627171059638025,0.507281503,0.49271849700000003,0.507281503,[0. 1. 2. 3. 4. 5. 6. 7. 8. 9.],"[0.4927185  0.4927185  0.49271864 0.74635925 0.99999985 1.
 1.         1.         1.         1.        ]",1.521844509,1.4998411246124403
268,102572156,102591034,0,11508560,residential,Market Quay,0,False,55.46635930289472,,,,,,no,,"LINESTRING (-76.49153 38.9745999, -76.4910168 38.9743005)",0.03656842330074461,0.0600636536,0.9399363464,0.0600636536,[0. 1. 2. 3. 4. 5. 6. 7. 8. 9.],"[0.93993635 0.93993635 0.93993636 0.96996817 0.99999998 1.
 1.         1.         1.         1.        ]",0.1801909607999999,0.7128142597586942
269,102572158,102572161,0,11504760,residential,Market Street,0,False,26.077536502337715,,,,,,no,,"LINESTRING (-76.490882 38.975212, -76.4906874 38.9753912)",0.0,0.0,1.0,0.0,[0. 1. 2. 3. 4. 5. 6. 7. 8. 9.],[1. 1. 1. 1. 1. 1. 1. 1. 1. 1.],0.0,0.0
270,102572158,102572156,0,11504760,residential,Market Street,0,True,88.1497058415498,,,,,,no,,"LINESTRING (-76.490882 38.975212, -76.49153 38.9745999)",0.0,0.0,1.0,0.0,[0. 1. 2. 3. 4. 5. 6. 7. 8. 9.],[1. 1. 1. 1. 1. 1. 1. 1. 1. 1.],0.0,0.0
271,102572158,102589999,0,11508416,residential,Shipwright Street,0,True,94.06608784390366,,,,,,no,,"LINESTRING (-76.490882 38.975212, -76.49002470000001 38.974691)",0.0,0.0,1.0,0.0,[0. 1. 2. 3. 4. 5. 6. 7. 8. 9.],[1. 1. 1. 1. 1. 1. 1. 1. 1. 1.],0.0,0.0
272,102572161,102572158,0,11504760,residential,Market Street,0,True,26.077536502337715,,,,,,no,,"LINESTRING (-76.4906874 38.9753912, -76.490882 38.975212)",0.0,0.0,1.0,0.0,[0. 1. 2. 3. 4. 5. 6. 7. 8. 9.],[1. 1. 1. 1. 1. 1. 1. 1. 1. 1.],0.0,0.0
273,102572161,102585566,0,11513744,residential,Union Street,0,False,86.20404744927278,,,,,,no,,"LINESTRING (-76.4906874 38.9753912, -76.49146330000001 38.9758782)",0.0,0.0,1.0,0.0,[0. 1. 2. 3. 4. 5. 6. 7. 8. 9.],[1. 1. 1. 1. 1. 1. 1. 1. 1. 1.],0.0,0.0
274,102572161,7036618068,0,367911383,residential,Market Street,1,False,99.28507507518167,,,,,,no,,"LINESTRING (-76.4906874 38.9753912, -76.4899739 38.9760909)",0.0,0.0,1.0,0.0,[0. 1. 2. 3. 4. 5. 6. 7. 8. 9.],[1. 1. 1. 1. 1. 1. 1. 1. 1. 1.],0.0,0.0
275,3093471527,3093471570,0,541147435,residential,Monterey Avenue,0,False,25.86594904330132,,,,,,no,,"LINESTRING (-76.5027704 38.9928052, -76.50297190000001 38.9926332)",0.0,0.0,1.0,0.0,[0. 1. 2. 3. 4. 5. 6. 7. 8. 9.],[1. 1. 1. 1. 1. 1. 1. 1. 1. 1.],0.0,0.0
276,3093471527,11907935205,0,541147435,residential,Monterey Avenue,0,True,3.476071558701027,,,,,,no,,"LINESTRING (-76.5027704 38.9928052, -76.50274330000001 38.9928283)",0.0,0.0,1.0,0.0,[0. 1. 2. 3. 4. 5. 6. 7. 8. 9.],[1. 1. 1. 1. 1. 1. 1. 1. 1. 1.],0.0,0.0
277,3093471570,102613900,0,541147435,residential,Monterey Avenue,0,False,48.03629199437285,,,,,,no,,"LINESTRING (-76.50297190000001 38.9926332, -76.5033433 38.9923118)",0.0,0.0,1.0,0.0,[0. 1. 2. 3. 4. 5. 6. 7. 8. 9.],[1. 1. 1. 1. 1. 1. 1. 1. 1. 1.],0.0,0.0
278,3093471570,3093471527,0,541147435,residential,Monterey Avenue,0,True,25.86594904330132,,,,,,no,,"LINESTRING (-76.50297190000001 38.9926332, -76.5027704 38.9928052)",0.0,0.0,1.0,0.0,[0. 1. 2. 3. 4. 5. 6. 7. 8. 9.],[1. 1. 1. 1. 1. 1. 1. 1. 1. 1.],0.0,0.0
279,3093471573,102593331,0,711701688,residential,Tucker Street,1,False,78.99543257611994,,,,,,no,,"LINESTRING (-76.5030898 38.9921378, -76.50242590000001 38.9916495)",0.0,0.0,1.0,0.0,[0. 1. 2. 3. 4. 5. 6. 7. 8. 9.],[1. 1. 1. 1. 1. 1. 1. 1. 1. 1.],0.0,0.0
280,3093471587,11907903295,0,711701687,tertiary,Melvin Avenue,0,False,25.326713762950167,,,,,,no,,"LINESTRING (-76.50191289999999 38.9920808, -76.5017139 38.992248)",0.0,0.0,1.0,0.0,[0. 1. 2. 3. 4. 5. 6. 7. 8. 9.],[1. 1. 1. 1. 1. 1. 1. 1. 1. 1.],0.0,0.0
281,3093471587,11907935195,0,711701687,tertiary,Melvin Avenue,0,True,20.424872362569577,,,,,,no,,"LINESTRING (-76.50191289999999 38.9920808, -76.50207330000001 38.9919459)",0.0,0.0,1.0,0.0,[0. 1. 2. 3. 4. 5. 6. 7. 8. 9.],[1. 1. 1. 1. 1. 1. 1. 1. 1. 1.],0.0,0.0
282,639279490,102618087,0,74112034,secondary,College Avenue,1,False,41.39772248291681,,,MD 450,,,no,,"LINESTRING (-76.4926363 38.9790208, -76.4929719 38.9787552)",0.0,0.0,1.0,0.0,[0. 1. 2. 3. 4. 5. 6. 7. 8. 9.],[1. 1. 1. 1. 1. 1. 1. 1. 1. 1.],0.0,0.0
283,639279490,1304010102,0,"[192889408, 192889406]",secondary,College Avenue,0,True,62.79909720460642,,,MD 450,,,no,,"LINESTRING (-76.4926363 38.9790208, -76.4922646 38.9793454, -76.49215289999999 38.9794424)",0.0,0.0,1.0,0.0,[0. 1. 2. 3. 4. 5. 6. 7. 8. 9.],[1. 1. 1. 1. 1. 1. 1. 1. 1. 1.],0.0,0.0
284,102605356,102579629,0,11510956,residential,Powers Road,0,True,27.853728385458336,,,,,,no,,"LINESTRING (-76.494483 38.988411, -76.49474669999999 38.988555)",0.0,0.0,1.0,0.0,[0. 1. 2. 3. 4. 5. 6. 7. 8. 9.],[1. 1. 1. 1. 1. 1. 1. 1. 1. 1.],0.0,0.0
285,5759672918,102587587,0,11507855,residential,Fleet Street,1,False,7.029312866412753,1,,,,,no,,"LINESTRING (-76.48770570000001 38.9781436, -76.4876415 38.9781048)",0.5872802934942261,0.2970550423,0.7029449577,0.2970550423,[0. 1. 2. 3. 4. 5. 6. 7. 8. 9.],"[0.70294496 0.70294496 0.70294504 0.85147248 0.99999991 1.
 1.         1.         1.         1.        ]",0.8911651269,1.3708830868832276
286,102572721,7308526358,0,49826105,primary,West Street,0,False,21.172260231102943,2,25 mph,MD 450,,,no,,"LINESTRING (-76.49629969999999 38.9781677, -76.49653360000001 38.9781112)",0.0,0.0,1.0,0.0,[0. 1. 2. 3. 4. 5. 6. 7. 8. 9.],[1. 1. 1. 1. 1. 1. 1. 1. 1. 1.],0.0,0.0
287,102572721,102572723,0,11504874,residential,Carroll H Hyson Senior Lane,1,False,64.1674252219949,,,,,,no,,"LINESTRING (-76.49629969999999 38.9781677, -76.49626790000001 38.9780378, -76.4962491 38.977938, -76.49623769999999 38.9778479, -76.4962319 38.9775945)",0.0,0.0,1.0,0.0,[0. 1. 2. 3. 4. 5. 6. 7. 8. 9.],[1. 1. 1. 1. 1. 1. 1. 1. 1. 1.],0.0,0.0
288,102572721,7308536442,0,49826105,primary,West Street,0,True,28.152236682525583,2,25 mph,MD 450,,,no,,"LINESTRING (-76.49629969999999 38.9781677, -76.49602659999999 38.9782316, -76.4959877 38.9782403)",0.0,0.0,1.0,0.0,[0. 1. 2. 3. 4. 5. 6. 7. 8. 9.],[1. 1. 1. 1. 1. 1. 1. 1. 1. 1.],0.0,0.0
289,102572723,102565667,0,11512361,residential,Larkin Street,1,False,65.08182141968223,,,,,,no,,"LINESTRING (-76.4962319 38.9775945, -76.4968351 38.9774972, -76.4968969 38.9774899, -76.496971 38.9774853)",0.0,0.0,1.0,0.0,[0. 1. 2. 3. 4. 5. 6. 7. 8. 9.],[1. 1. 1. 1. 1. 1. 1. 1. 1. 1.],0.0,0.0
290,102572723,10031944164,0,152027145,residential,City Gate Lane,0,False,114.48954755246247,,,,,,no,,"LINESTRING (-76.4962319 38.9775945, -76.49621 38.9772167, -76.4962075 38.9771589, -76.4962113 38.9770845, -76.49625159999999 38.9767537, -76.4962692 38.9766637, -76.4962982 38.9765932, -76.49630999999999 38.9765734)",0.0,0.0,1.0,0.0,[0. 1. 2. 3. 4. 5. 6. 7. 8. 9.],[1. 1. 1. 1. 1. 1. 1. 1. 1. 1.],0.0,0.0
291,102572724,7150276553,0,11509085,residential,Shaw Street,0,False,37.173185821085774,,,,,,no,,"LINESTRING (-76.4963712 38.9764709, -76.4959923 38.9763128)",0.0,0.0,1.0,0.0,[0. 1. 2. 3. 4. 5. 6. 7. 8. 9.],[1. 1. 1. 1. 1. 1. 1. 1. 1. 1.],0.0,0.0
292,102572724,10031944164,0,152027145,residential,City Gate Lane,0,True,12.565453546807746,,,,,,no,,"LINESTRING (-76.4963712 38.9764709, -76.49630999999999 38.9765734)",0.0,0.0,1.0,0.0,[0. 1. 2. 3. 4. 5. 6. 7. 8. 9.],[1. 1. 1. 1. 1. 1. 1. 1. 1. 1.],0.0,0.0
293,102572724,102565669,0,11509085,residential,Shaw Street,0,True,54.522087026698344,,,,,,no,,"LINESTRING (-76.4963712 38.9764709, -76.49657259999999 38.9765453, -76.4966859 38.9765736, -76.4967917 38.9765893, -76.4969704 38.9766118)",0.0,0.0,1.0,0.0,[0. 1. 2. 3. 4. 5. 6. 7. 8. 9.],[1. 1. 1. 1. 1. 1. 1. 1. 1. 1.],0.0,0.0
294,12112044738,102608139,0,633517754,secondary,Main Street,1,False,8.98719036909688,2,,,,,no,,"LINESTRING (-76.4887489 38.9775774, -76.48884940000001 38.9775981)",0.5666470728216186,0.2925168518,0.7074831482,0.2925168518,[0. 1. 2. 3. 4. 5. 6. 7. 8. 9.],"[0.70748315 0.70748315 0.70748323 0.85374157 0.99999992 1.
 1.         1.         1.         1.        ]",0.8775505553999998,1.3647552983296356
295,12112044750,12112044762,0,534626216,secondary,Main Street,1,False,45.56908347020507,1,,,,,no,,"LINESTRING (-76.4902242 38.9778711, -76.4906206 38.977949, -76.4907353 38.9779715)",0.0,0.0,1.0,0.0,[0. 1. 2. 3. 4. 5. 6. 7. 8. 9.],[1. 1. 1. 1. 1. 1. 1. 1. 1. 1.],0.0,0.0
296,12112044751,102585569,0,402077770,residential,Conduit Street,0,False,4.922755135665779,,,,,,no,,"LINESTRING (-76.4900725 38.9777957, -76.49005699999999 38.9778383)",0.0,0.0,1.0,0.0,[0. 1. 2. 3. 4. 5. 6. 7. 8. 9.],[1. 1. 1. 1. 1. 1. 1. 1. 1. 1.],0.0,0.0
297,12112044751,102585567,0,402077770,residential,Conduit Street,0,True,35.66669747585719,,,,,,no,,"LINESTRING (-76.4900725 38.9777957, -76.490177 38.9774854)",0.0,0.0,1.0,0.0,[0. 1. 2. 3. 4. 5. 6. 7. 8. 9.],[1. 1. 1. 1. 1. 1. 1. 1. 1. 1.],0.0,0.0
298,12112044756,102585569,0,534626216,secondary,Main Street,1,False,10.412565714881875,1,,,,,no,,"LINESTRING (-76.48994020000001 38.9778154, -76.49005699999999 38.9778383)",0.0,0.0,1.0,0.0,[0. 1. 2. 3. 4. 5. 6. 7. 8. 9.],[1. 1. 1. 1. 1. 1. 1. 1. 1. 1.],0.0,0.0
299,12112044759,102572869,0,633517754,secondary,Main Street,1,False,12.724864331996677,2,,,,,no,,"LINESTRING (-76.4890121 38.9776317, -76.4891544 38.977661)",0.0,0.0,1.0,0.0,[0. 1. 2. 3. 4. 5. 6. 7. 8. 9.],[1. 1. 1. 1. 1. 1. 1. 1. 1. 1.],0.0,0.0
300,12112044762,2916167085,0,534626216,secondary,Main Street,1,False,36.581856586523564,1,,,,,no,,"LINESTRING (-76.4907353 38.9779715, -76.4911456 38.9780521)",0.0,0.0,1.0,0.0,[0. 1. 2. 3. 4. 5. 6. 7. 8. 9.],[1. 1. 1. 1. 1. 1. 1. 1. 1. 1.],0.0,0.0
301,12112044769,102646119,0,11517861,residential,King Charles Place,0,False,56.32573573575891,,,,,,no,,"LINESTRING (-76.49191329999999 38.9767989, -76.4924244 38.9771131)",0.0,0.0,1.0,0.0,[0. 1. 2. 3. 4. 5. 6. 7. 8. 9.],[1. 1. 1. 1. 1. 1. 1. 1. 1. 1.],0.0,0.0
302,12112044769,102580652,0,11517861,residential,King Charles Place,0,True,5.98544282684463,,,,,,no,,"LINESTRING (-76.49191329999999 38.9767989, -76.49185900000001 38.9767655)",0.0,0.0,1.0,0.0,[0. 1. 2. 3. 4. 5. 6. 7. 8. 9.],[1. 1. 1. 1. 1. 1. 1. 1. 1. 1.],0.0,0.0
303,12112044772,102566164,0,367910130,residential,Charles Street,1,False,7.387999552300813,,,,,,no,,"LINESTRING (-76.49122560000001 38.9773697, -76.4911716 38.9774212)",0.0,0.0,1.0,0.0,[0. 1. 2. 3. 4. 5. 6. 7. 8. 9.],[1. 1. 1. 1. 1. 1. 1. 1. 1. 1.],0.0,0.0
304,12112044787,102585566,0,11507408,residential,Conduit Street,1,False,140.62580888705833,,,,,,no,,"LINESTRING (-76.4904272 38.9768532, -76.49146330000001 38.9758782)",0.0,0.0,1.0,0.0,[0. 1. 2. 3. 4. 5. 6. 7. 8. 9.],[1. 1. 1. 1. 1. 1. 1. 1. 1. 1.],0.0,0.0
305,12112044797,102566161,0,402077770,residential,Conduit Street,0,True,7.142042557862298,,,,,,no,,"LINESTRING (-76.490354 38.9769644, -76.49037509999999 38.9769023)",0.0,0.0,1.0,0.0,[0. 1. 2. 3. 4. 5. 6. 7. 8. 9.],[1. 1. 1. 1. 1. 1. 1. 1. 1. 1.],0.0,0.0
306,12112044797,102585567,0,402077770,residential,Conduit Street,0,False,59.91903882269317,,,,,,no,,"LINESTRING (-76.490354 38.9769644, -76.4903379 38.9770117, -76.490177 38.9774854)",0.0,0.0,1.0,0.0,[0. 1. 2. 3. 4. 5. 6. 7. 8. 9.],[1. 1. 1. 1. 1. 1. 1. 1. 1. 1.],0.0,0.0
307,12112044799,102566161,0,1075128734,secondary,Duke of Gloucester Street,1,False,8.468182222167195,2,25 mph,,,,no,,"LINESTRING (-76.4904502 38.9769512, -76.4904382 38.9769434, -76.49037509999999 38.9769023)",0.0,0.0,1.0,0.0,[0. 1. 2. 3. 4. 5. 6. 7. 8. 9.],[1. 1. 1. 1. 1. 1. 1. 1. 1. 1.],0.0,0.0
308,12112044800,3466680481,0,1075128734,secondary,Duke of Gloucester Street,1,False,25.784770000455246,2,25 mph,,,,no,,"LINESTRING (-76.4903413 38.9768814, -76.4901076 38.9767373)",0.0,0.0,1.0,0.0,[0. 1. 2. 3. 4. 5. 6. 7. 8. 9.],[1. 1. 1. 1. 1. 1. 1. 1. 1. 1.],0.0,0.0
309,12112044802,102566160,0,1075128734,secondary,Duke of Gloucester Street,1,False,6.172005026091131,2,25 mph,,,,no,,"LINESTRING (-76.4896856 38.976463, -76.4896305 38.9764277)",0.0,0.0,1.0,0.0,[0. 1. 2. 3. 4. 5. 6. 7. 8. 9.],[1. 1. 1. 1. 1. 1. 1. 1. 1. 1.],0.0,0.0
310,12112044803,102566160,0,367911383,residential,Market Street,1,False,7.0532996111662,,,,,,no,,"LINESTRING (-76.48968120000001 38.976378, -76.4896305 38.9764277)",0.0,0.0,1.0,0.0,[0. 1. 2. 3. 4. 5. 6. 7. 8. 9.],[1. 1. 1. 1. 1. 1. 1. 1. 1. 1.],0.0,0.0
311,102572869,1304022812,0,11504901,residential,Francis Street,1,False,9.866910084474142,,,,,,no,,"LINESTRING (-76.4891544 38.977661, -76.489222 38.9777325)",0.0,0.0,1.0,0.0,[0. 1. 2. 3. 4. 5. 6. 7. 8. 9.],[1. 1. 1. 1. 1. 1. 1. 1. 1. 1.],0.0,0.0
312,102572869,1303929756,0,534626216,secondary,Main Street,1,False,4.65702233688167,1,,,,,no,,"LINESTRING (-76.4891544 38.977661, -76.4892069 38.9776704)",0.0,0.0,1.0,0.0,[0. 1. 2. 3. 4. 5. 6. 7. 8. 9.],[1. 1. 1. 1. 1. 1. 1. 1. 1. 1.],0.0,0.0
313,102572870,102652281,0,633517753,residential,State Circle,1,False,36.1874199948024,,20 mph,,,roundabout,no,,"LINESTRING (-76.4901952 38.9783769, -76.4901055 38.9784416, -76.4899518 38.9786385)",0.0,0.0,1.0,0.0,[0. 1. 2. 3. 4. 5. 6. 7. 8. 9.],[1. 1. 1. 1. 1. 1. 1. 1. 1. 1.],0.0,0.0
314,102638412,9834817902,0,11516313,residential,Harwood Place,0,False,98.04086595605308,,,,,,no,,"LINESTRING (-76.5026792 38.9809533, -76.5026398 38.9810934, -76.5019956 38.9816359)",0.0,0.0,1.0,0.0,[0. 1. 2. 3. 4. 5. 6. 7. 8. 9.],[1. 1. 1. 1. 1. 1. 1. 1. 1. 1.],0.0,0.0
315,102638412,102646581,0,11520008,residential,Glenwood Street,0,False,283.15927100626357,,,,,,no,,"LINESTRING (-76.5026792 38.9809533, -76.50354590000001 38.9810911, -76.5038641 38.9811417, -76.50400860000001 38.9811647, -76.50420800000001 38.9811964, -76.5043924 38.9812257, -76.50510060000001 38.9813384, -76.505402 38.9813863, -76.5058319 38.9814547, -76.50588860000001 38.9814637)",0.0,0.0,1.0,0.0,[0. 1. 2. 3. 4. 5. 6. 7. 8. 9.],[1. 1. 1. 1. 1. 1. 1. 1. 1. 1.],0.0,0.0
316,102638412,4341131050,0,"[11520008, 11517930]",residential,"['Clay Street', 'Glenwood Street']",0,True,16.014253899738513,,,,,,no,,"LINESTRING (-76.5026792 38.9809533, -76.50256640000001 38.9809353, -76.50249770000001 38.9809244)",0.0,0.0,1.0,0.0,[0. 1. 2. 3. 4. 5. 6. 7. 8. 9.],[1. 1. 1. 1. 1. 1. 1. 1. 1. 1.],0.0,0.0
317,102605685,3812701976,0,11510994,residential,Arcade Road,0,False,4.647429378198954,,,,private,,no,,"LINESTRING (-76.483936 38.9805187, -76.48389539999999 38.9804913)",12.080956168937375,0.7188859,0.28111410000000003,0.7188859,[0. 1. 2. 3. 4. 5. 6. 7. 8. 9.],"[0.2811141  0.2811141  0.28111431 0.64055705 0.99999979 1.
 1.         1.         1.         1.        ]",2.1566577000000002,1.348629485555541
318,10031702909,102597968,0,1303091350,residential,Giddings Avenue,0,False,37.892522731935415,,,,,,no,,"LINESTRING (-76.5018268 38.9902713, -76.50212639999999 38.9900225)",0.0,0.0,1.0,0.0,[0. 1. 2. 3. 4. 5. 6. 7. 8. 9.],[1. 1. 1. 1. 1. 1. 1. 1. 1. 1.],0.0,0.0
319,10031702909,3590614203,0,1303091350,residential,Giddings Avenue,0,True,19.59652740297118,,,,,,no,,"LINESTRING (-76.5018268 38.9902713, -76.50167190000001 38.9904)",0.0,0.0,1.0,0.0,[0. 1. 2. 3. 4. 5. 6. 7. 8. 9.],[1. 1. 1. 1. 1. 1. 1. 1. 1. 1.],0.0,0.0
320,9630753847,102584927,0,293941654,residential,East Street,0,False,69.91192277987251,,,,,,no,,"LINESTRING (-76.4898151 38.9788395, -76.4890156 38.9789345)",0.0,0.0,1.0,0.0,[0. 1. 2. 3. 4. 5. 6. 7. 8. 9.],[1. 1. 1. 1. 1. 1. 1. 1. 1. 1.],0.0,0.0
321,9630753847,102584929,0,293941654,residential,East Street,0,True,7.214130686290839,,,,,,no,,"LINESTRING (-76.4898151 38.9788395, -76.48989760000001 38.9788297)",0.0,0.0,1.0,0.0,[0. 1. 2. 3. 4. 5. 6. 7. 8. 9.],[1. 1. 1. 1. 1. 1. 1. 1. 1. 1.],0.0,0.0
322,3583517820,6496830115,0,352595209,residential,Ridgely Avenue,0,False,5.526323866675679,,,,,,no,,"LINESTRING (-76.5010357 38.9867608, -76.5010456 38.9868099)",0.0,0.0,1.0,0.0,[0. 1. 2. 3. 4. 5. 6. 7. 8. 9.],[1. 1. 1. 1. 1. 1. 1. 1. 1. 1.],0.0,0.0
323,3583517821,7985096507,0,11516103,residential,Juniper Street,0,False,64.76303475916198,,,,,,no,,"LINESTRING (-76.50015879999999 38.9870787, -76.4996527 38.9875082)",0.0,0.0,1.0,0.0,[0. 1. 2. 3. 4. 5. 6. 7. 8. 9.],[1. 1. 1. 1. 1. 1. 1. 1. 1. 1.],0.0,0.0
324,3583517821,7985096490,0,11516767,residential,Tulip Road,0,False,63.41025003057106,,,,,,no,,"LINESTRING (-76.50015879999999 38.9870787, -76.49964610000001 38.9866708)",0.0,0.0,1.0,0.0,[0. 1. 2. 3. 4. 5. 6. 7. 8. 9.],[1. 1. 1. 1. 1. 1. 1. 1. 1. 1.],0.0,0.0
325,3583517821,102572063,0,"[11504741, 11516767]",residential,"['Tulip Road', 'Yerbury Road']",0,True,137.76672017745574,,,,,,no,,"LINESTRING (-76.50015879999999 38.9870787, -76.500697 38.9875824, -76.5007239 38.9876581, -76.5002398 38.9879959)",0.0,0.0,1.0,0.0,[0. 1. 2. 3. 4. 5. 6. 7. 8. 9.],[1. 1. 1. 1. 1. 1. 1. 1. 1. 1.],0.0,0.0
326,3583517825,102587075,0,352595209,residential,Ridgely Avenue,0,False,52.02308191290884,,,,,,no,,"LINESTRING (-76.50123670000001 38.9878528, -76.50133820000001 38.9880275, -76.5014082 38.9880971, -76.5015867 38.9882237)",0.0,0.0,1.0,0.0,[0. 1. 2. 3. 4. 5. 6. 7. 8. 9.],[1. 1. 1. 1. 1. 1. 1. 1. 1. 1.],0.0,0.0
327,3583517825,6495077016,0,352595209,residential,Ridgely Avenue,0,True,57.04286829212137,,,,,,no,,"LINESTRING (-76.50123670000001 38.9878528, -76.50121679999999 38.9876099, -76.5012004 38.9873887, -76.5011957 38.9873408)",0.0,0.0,1.0,0.0,[0. 1. 2. 3. 4. 5. 6. 7. 8. 9.],[1. 1. 1. 1. 1. 1. 1. 1. 1. 1.],0.0,0.0
328,3583517854,102587075,0,192889421,primary,Taylor Avenue,0,False,66.91834599758565,2,,MD 435,,,no,,"LINESTRING (-76.5020942 38.9877692, -76.5015867 38.9882237)",0.0,0.0,1.0,0.0,[0. 1. 2. 3. 4. 5. 6. 7. 8. 9.],[1. 1. 1. 1. 1. 1. 1. 1. 1. 1.],0.0,0.0
329,3583517854,639282744,0,"[1332106172, 192889421]",primary,Taylor Avenue,0,True,97.58830179121564,"['4', '2']",,MD 435,,,no,,"LINESTRING (-76.5020942 38.9877692, -76.5022381 38.9876403, -76.5027001 38.9872265, -76.50272080000001 38.987208, -76.5028343 38.9871064)",0.0,0.0,1.0,0.0,[0. 1. 2. 3. 4. 5. 6. 7. 8. 9.],[1. 1. 1. 1. 1. 1. 1. 1. 1. 1.],0.0,0.0
330,2975737037,102594914,0,50319302,tertiary,King George Street,0,False,119.4447680168703,2,25 mph,,,,no,,"LINESTRING (-76.4853963 38.9793332, -76.4864589 38.9800199)",1.382774849921228,0.4137700125,0.5862299875,0.4137700125,[0. 1. 2. 3. 4. 5. 6. 7. 8. 9.],"[0.58622999 0.58622999 0.58623011 0.79311499 0.99999988 1.
 1.         1.         1.         1.        ]",1.2413100375000001,1.4775249499528076
331,2975737037,12112019635,0,11516639,tertiary,Randall Street,0,False,129.75135147092232,,,,,,no,,"LINESTRING (-76.4853963 38.9793332, -76.48600140000001 38.9787953, -76.4863737 38.9784477)",1.382774849921228,0.4137700125,0.5862299875,0.4137700125,[0. 1. 2. 3. 4. 5. 6. 7. 8. 9.],"[0.58622999 0.58622999 0.58623011 0.79311499 0.99999988 1.
 1.         1.         1.         1.        ]",1.2413100375000001,1.4775249499528076
332,2975737037,1304062043,0,115407690,residential,King George Street,0,True,17.382027937430983,,,,private,,no,,"LINESTRING (-76.4853963 38.9793332, -76.4853134 38.9792832, -76.4852374 38.9792374)",1.382774849921228,0.4137700125,0.5862299875,0.4137700125,[0. 1. 2. 3. 4. 5. 6. 7. 8. 9.],"[0.58622999 0.58622999 0.58623011 0.79311499 0.99999988 1.
 1.         1.         1.         1.        ]",1.2413100375000001,1.4775249499528076
333,2975737037,2971465762,0,293941655,residential,East Street,1,False,114.77755716422345,,,,,,no,,"LINESTRING (-76.4853963 38.9793332, -76.48561770000001 38.9793479, -76.4867113 38.9792215)",1.382774849921228,0.4137700125,0.5862299875,0.4137700125,[0. 1. 2. 3. 4. 5. 6. 7. 8. 9.],"[0.58622999 0.58622999 0.58623011 0.79311499 0.99999988 1.
 1.         1.         1.         1.        ]",1.2413100375000001,1.4775249499528076
334,102638844,8413536022,0,1071788458,residential,Tucker Street,0,False,79.88380127758323,,,,,,no,,"LINESTRING (-76.5001192 38.9899948, -76.5008076 38.9904742)",0.0,0.0,1.0,0.0,[0. 1. 2. 3. 4. 5. 6. 7. 8. 9.],[1. 1. 1. 1. 1. 1. 1. 1. 1. 1.],0.0,0.0
335,102638943,12112019619,0,11516455,residential,Prince George Street,0,False,97.03812613560575,,,,,,no,,"LINESTRING (-76.48444859999999 38.9771533, -76.4853166 38.9777067)",13.178284116553952,0.7295718095,0.2704281905,0.7295718095,[0. 1. 2. 3. 4. 5. 6. 7. 8. 9.],"[0.27042819 0.27042819 0.2704284  0.6352141  0.99999979 1.
 1.         1.         1.         1.        ]",2.1887154284999997,1.3325433933188389
336,102638947,12112019635,0,11516639,tertiary,Randall Street,0,True,5.833137455068814,,,,,,no,,"LINESTRING (-76.48641689999999 38.9784074, -76.4863737 38.9784477)",0.4774882993993774,0.2712533532,0.7287466468,0.2712533532,[0. 1. 2. 3. 4. 5. 6. 7. 8. 9.],"[0.72874665 0.72874665 0.72874672 0.86437332 0.99999992 1.
 1.         1.         1.         1.        ]",0.8137600596000001,1.333819723658563
337,102638947,12112019634,0,294005889,residential,Prince George Street,1,False,6.21273057237625,,,,,,no,,"LINESTRING (-76.48641689999999 38.9784074, -76.4864724 38.9784429)",0.397176762610437,0.2492744313,0.7507255687000001,0.2492744313,[0. 1. 2. 3. 4. 5. 6. 7. 8. 9.],"[0.75072557 0.75072557 0.75072564 0.87536278 0.99999993 1.
 1.         1.         1.         1.        ]",0.7478232938999998,1.2977790600176073
338,102638947,12112019632,0,294265633,tertiary,Randall Street,0,False,5.676473945615187,,,,,,no,,"LINESTRING (-76.48641689999999 38.9784074, -76.4864585 38.9783679)",0.397176762610437,0.2492744313,0.7507255687000001,0.2492744313,[0. 1. 2. 3. 4. 5. 6. 7. 8. 9.],"[0.75072557 0.75072557 0.75072564 0.87536278 0.99999993 1.
 1.         1.         1.         1.        ]",0.7478232938999998,1.2977790600176073
339,764814696,9630733081,0,1303099420,residential,Monticello Avenue,0,True,8.69087177236612,,,,,,no,,"LINESTRING (-76.5023417 38.976587, -76.50231049999999 38.9765127)",0.0,0.0,1.0,0.0,[0. 1. 2. 3. 4. 5. 6. 7. 8. 9.],[1. 1. 1. 1. 1. 1. 1. 1. 1. 1.],0.0,0.0
340,764814696,2970527134,0,1191539892,primary,West Street,0,False,24.20831914361733,2,25 mph,MD 450,,,no,,"LINESTRING (-76.5023417 38.976587, -76.5024346 38.9765612, -76.5026069 38.9765171)",0.0,0.0,1.0,0.0,[0. 1. 2. 3. 4. 5. 6. 7. 8. 9.],[1. 1. 1. 1. 1. 1. 1. 1. 1. 1.],0.0,0.0
341,764814696,102599278,0,1191539892,primary,West Street,0,True,25.971938220880446,2,25 mph,MD 450,,,no,,"LINESTRING (-76.5023417 38.976587, -76.50225519999999 38.9766102, -76.5020593 38.9766667)",0.0,0.0,1.0,0.0,[0. 1. 2. 3. 4. 5. 6. 7. 8. 9.],[1. 1. 1. 1. 1. 1. 1. 1. 1. 1.],0.0,0.0
342,2970527134,102612488,0,"[1191539892, 11513124]","['residential', 'primary']","['West Street', 'Amos Garrett Boulevard']",0,"[False, True]",240.47995992665494,2,25 mph,MD 450,,,no,,"LINESTRING (-76.5026069 38.9765171, -76.5029485 38.9764312, -76.5033026 38.9763561, -76.50350520000001 38.9763157, -76.5032887 38.9755426, -76.50327540000001 38.9754949, -76.5032587 38.9754354, -76.5031125 38.9749129)",0.0,0.0,1.0,0.0,[0. 1. 2. 3. 4. 5. 6. 7. 8. 9.],[1. 1. 1. 1. 1. 1. 1. 1. 1. 1.],0.0,0.0
343,2970527134,764814696,0,1191539892,primary,West Street,0,True,24.20831914361733,2,25 mph,MD 450,,,no,,"LINESTRING (-76.5026069 38.9765171, -76.5024346 38.9765612, -76.5023417 38.976587)",0.0,0.0,1.0,0.0,[0. 1. 2. 3. 4. 5. 6. 7. 8. 9.],[1. 1. 1. 1. 1. 1. 1. 1. 1. 1.],0.0,0.0
344,5184562690,102571993,0,377851562,residential,Maryland Avenue,0,False,20.619248933988512,,,,,,no,,"LINESTRING (-76.4864934 38.9829686, -76.48664479999999 38.9828253)",10.037265923219424,0.6954496548,0.3045503452,0.6954496548,[0. 1. 2. 3. 4. 5. 6. 7. 8. 9.],"[0.30455035 0.30455035 0.30455054 0.65227517 0.9999998  1.
 1.         1.         1.         1.        ]",2.0863489644,1.3806504587888986
345,5184562690,3812553074,0,377851562,residential,Maryland Avenue,0,True,47.260512497454414,,,,,,no,,"LINESTRING (-76.4864934 38.9829686, -76.4861463 38.983297)",11.23939957876752,0.7098588284,0.29014117159999997,0.7098588284,[0. 1. 2. 3. 4. 5. 6. 7. 8. 9.],"[0.29014117 0.29014117 0.29014138 0.64507059 0.9999998  1.
 1.         1.         1.         1.        ]",2.1295764852000003,1.3614823771212796
346,5184562694,3812745895,0,11504726,residential,Decatur Road,0,False,79.46301732259606,,,,,,no,,"LINESTRING (-76.4873905 38.9833118, -76.4866863 38.9828524)",9.185118820863467,0.6839308264,0.3160691736,0.6839308264,[0. 1. 2. 3. 4. 5. 6. 7. 8. 9.],"[0.31606917 0.31606917 0.31606937 0.65803459 0.9999998  1.
 1.         1.         1.         1.        ]",2.0517924792000004,1.3948210796004277
347,5184562694,4836073081,0,11504726,residential,Decatur Road,0,True,35.03281943478713,,,,,,no,,"LINESTRING (-76.4873905 38.9833118, -76.487701 38.9835143)",10.269565489488345,0.6983896746,0.3016103254,0.6983896746,[0. 1. 2. 3. 4. 5. 6. 7. 8. 9.],"[0.30161033 0.30161033 0.30161053 0.65080516 0.9999998  1.
 1.         1.         1.         1.        ]",2.0951690238,1.3768713207438619
348,5184562695,4836073064,0,11518478,residential,Parker Lane,1,False,48.005915884331216,,,,,,no,,"LINESTRING (-76.4881582 38.9831523, -76.48779070000001 38.983476)",9.805761482911807,0.6924381483,0.30756185170000006,0.6924381483,[0. 1. 2. 3. 4. 5. 6. 7. 8. 9.],"[0.30756185 0.30756185 0.30756205 0.65378093 0.9999998  1.
 1.         1.         1.         1.        ]",2.0773144449,1.3844525364431024
349,5184562697,102598425,0,377851562,residential,Maryland Avenue,0,False,41.67197703789539,,,,,,no,,"LINESTRING (-76.4870576 38.9824346, -76.48736359999999 38.982145)",0.0,0.0,1.0,0.0,[0. 1. 2. 3. 4. 5. 6. 7. 8. 9.],[1. 1. 1. 1. 1. 1. 1. 1. 1. 1.],0.0,0.0
350,5184562697,102576468,0,377851562,residential,Maryland Avenue,0,True,5.602839055424019,,,,,,no,,"LINESTRING (-76.4870576 38.9824346, -76.4870164 38.9824735)",0.0,0.0,1.0,0.0,[0. 1. 2. 3. 4. 5. 6. 7. 8. 9.],[1. 1. 1. 1. 1. 1. 1. 1. 1. 1.],0.0,0.0
351,8411948946,7786302870,0,11505463,residential,Pleasant Street,0,False,67.77873213197347,,,,,,no,,"LINESTRING (-76.49788359999999 38.9787616, -76.4978868 38.9790882, -76.4978808 38.9793711)",0.0,0.0,1.0,0.0,[0. 1. 2. 3. 4. 5. 6. 7. 8. 9.],[1. 1. 1. 1. 1. 1. 1. 1. 1. 1.],0.0,0.0
352,8411948946,8411948946,0,"[905820915, 11505463]",residential,Pleasant Street,0,True,80.88920663677102,,,,,,no,,"LINESTRING (-76.49788359999999 38.9787616, -76.4978845 38.9785938, -76.49768589999999 38.9785917, -76.4976341 38.9786061, -76.4976072 38.978632, -76.4975996 38.978686, -76.4976063 38.9787334, -76.4976518 38.9787636, -76.49771200000001 38.9787688, -76.49788359999999 38.9787616)",0.0,0.0,1.0,0.0,[0. 1. 2. 3. 4. 5. 6. 7. 8. 9.],[1. 1. 1. 1. 1. 1. 1. 1. 1. 1.],0.0,0.0
353,8411948946,8411948946,1,"[905820915, 11505463]",residential,Pleasant Street,0,False,80.88920663677102,,,,,,no,,"LINESTRING (-76.49788359999999 38.9787616, -76.49771200000001 38.9787688, -76.4976518 38.9787636, -76.4976063 38.9787334, -76.4975996 38.978686, -76.4976072 38.978632, -76.4976341 38.9786061, -76.49768589999999 38.9785917, -76.4978845 38.9785938, -76.49788359999999 38.9787616)",0.0,0.0,1.0,0.0,[0. 1. 2. 3. 4. 5. 6. 7. 8. 9.],[1. 1. 1. 1. 1. 1. 1. 1. 1. 1.],0.0,0.0
354,1648584953,10031857084,0,11511296,residential,Franklin Street,0,True,8.69565254924992,,,,,,no,,"LINESTRING (-76.494727 38.9766539, -76.4947741 38.9765848)",0.0,0.0,1.0,0.0,[0. 1. 2. 3. 4. 5. 6. 7. 8. 9.],[1. 1. 1. 1. 1. 1. 1. 1. 1. 1.],0.0,0.0
355,1648584953,1648584940,0,152027148,residential,Richards Lane,0,False,116.31607587593622,,,,,,no,,"LINESTRING (-76.494727 38.9766539, -76.4936123 38.976068)",0.0,0.0,1.0,0.0,[0. 1. 2. 3. 4. 5. 6. 7. 8. 9.],[1. 1. 1. 1. 1. 1. 1. 1. 1. 1.],0.0,0.0
356,1648584953,10031857043,0,11511296,residential,Franklin Street,0,False,73.55643405269737,,,,,,no,,"LINESTRING (-76.494727 38.9766539, -76.4946212 38.9768174, -76.4945092 38.9769524, -76.49425220000001 38.9771996)",0.0,0.0,1.0,0.0,[0. 1. 2. 3. 4. 5. 6. 7. 8. 9.],[1. 1. 1. 1. 1. 1. 1. 1. 1. 1.],0.0,0.0
357,102639736,102631015,0,1303089562,residential,Southgate Avenue,0,False,44.64361551365734,,,,,,no,,"LINESTRING (-76.4939292 38.9733989, -76.4943778 38.9735978)",0.0,0.0,1.0,0.0,[0. 1. 2. 3. 4. 5. 6. 7. 8. 9.],[1. 1. 1. 1. 1. 1. 1. 1. 1. 1.],0.0,0.0
358,102639738,102622192,0,11516618,residential,Southgate Avenue,0,False,98.3084030589887,,,,,,no,,"LINESTRING (-76.4971238 38.974843, -76.4981064 38.9752881)",0.0,0.0,1.0,0.0,[0. 1. 2. 3. 4. 5. 6. 7. 8. 9.],[1. 1. 1. 1. 1. 1. 1. 1. 1. 1.],0.0,0.0
359,102639738,102607662,0,11516618,residential,Southgate Avenue,0,True,85.48547066959283,,,,,,no,,"LINESTRING (-76.4971238 38.974843, -76.4962735 38.9744505)",0.0,0.0,1.0,0.0,[0. 1. 2. 3. 4. 5. 6. 7. 8. 9.],[1. 1. 1. 1. 1. 1. 1. 1. 1. 1.],0.0,0.0
360,102639738,102653935,0,11519447,residential,Thompson Street,0,True,231.02011952364055,,,,,,no,,"LINESTRING (-76.4971238 38.974843, -76.49848369999999 38.9730545)",0.0,0.0,1.0,0.0,[0. 1. 2. 3. 4. 5. 6. 7. 8. 9.],[1. 1. 1. 1. 1. 1. 1. 1. 1. 1.],0.0,0.0
361,3812599942,102580425,0,1063805343,residential,,0,True,65.00739267054203,,,,,,no,,"LINESTRING (-76.4854394 38.9809376, -76.4859312 38.9804953)",0.0,0.0,1.0,0.0,[0. 1. 2. 3. 4. 5. 6. 7. 8. 9.],[1. 1. 1. 1. 1. 1. 1. 1. 1. 1.],0.0,0.0
362,3812599942,3812553076,0,"[11505567, 1063805343]",residential,Blake Road,0,"[False, True]",50.89211905052381,,,,,,no,,"LINESTRING (-76.4854394 38.9809376, -76.48511910000001 38.9812315, -76.4851917 38.981277)",0.0,0.0,1.0,0.0,[0. 1. 2. 3. 4. 5. 6. 7. 8. 9.],[1. 1. 1. 1. 1. 1. 1. 1. 1. 1.],0.0,0.0
363,102607361,102562054,0,11511245,residential,Hill Street,0,False,54.492898065742196,,,,,,no,,"LINESTRING (-76.5017027 38.9785019, -76.5022907 38.9783252)",0.0,0.0,1.0,0.0,[0. 1. 2. 3. 4. 5. 6. 7. 8. 9.],[1. 1. 1. 1. 1. 1. 1. 1. 1. 1.],0.0,0.0
364,102607361,11485643864,0,11513597,residential,Madison Place,0,True,123.27398321156014,,,,,,no,,"LINESTRING (-76.5017027 38.9785019, -76.5015136 38.9781249, -76.5011827 38.9774696)",0.0,0.0,1.0,0.0,[0. 1. 2. 3. 4. 5. 6. 7. 8. 9.],[1. 1. 1. 1. 1. 1. 1. 1. 1. 1.],0.0,0.0
365,1685291737,102563442,0,11503355,residential,South Acton Place,0,True,63.66052669025845,,,,,,no,,"LINESTRING (-76.4946918 38.9746152, -76.4948916 38.9747259, -76.4950594 38.9748198, -76.4951035 38.9748589, -76.4951362 38.9749079, -76.4951664 38.9749705, -76.4951889 38.9750141)",0.0,0.0,1.0,0.0,[0. 1. 2. 3. 4. 5. 6. 7. 8. 9.],[1. 1. 1. 1. 1. 1. 1. 1. 1. 1.],0.0,0.0
366,1685291747,102622192,0,11513535,residential,Lafayette Avenue,0,False,100.25527345142902,,,,,,no,,"LINESTRING (-76.49752580000001 38.9760686, -76.4981064 38.9752881)",0.0,0.0,1.0,0.0,[0. 1. 2. 3. 4. 5. 6. 7. 8. 9.],[1. 1. 1. 1. 1. 1. 1. 1. 1. 1.],0.0,0.0
367,1685291747,102572036,0,11504734,residential,Murray Avenue,1,False,148.80004405040992,,,,,,no,,"LINESTRING (-76.49752580000001 38.9760686, -76.4989391 38.9767057, -76.49901869999999 38.9767342)",0.0,0.0,1.0,0.0,[0. 1. 2. 3. 4. 5. 6. 7. 8. 9.],[1. 1. 1. 1. 1. 1. 1. 1. 1. 1.],0.0,0.0
368,1685291747,102593348,0,11513535,residential,Lafayette Avenue,0,True,67.00113520228862,,,,,,no,,"LINESTRING (-76.49752580000001 38.9760686, -76.49743669999999 38.9761968, -76.49741400000001 38.9762781, -76.49740269999999 38.9763505, -76.49740269999999 38.9764415, -76.4974149 38.976651)",0.0,0.0,1.0,0.0,[0. 1. 2. 3. 4. 5. 6. 7. 8. 9.],[1. 1. 1. 1. 1. 1. 1. 1. 1. 1.],0.0,0.0
369,102607662,102563439,0,11511296,residential,Franklin Street,0,False,101.12656433038586,,,,,,no,,"LINESTRING (-76.4962735 38.9744505, -76.49569080000001 38.9752391)",0.0,0.0,1.0,0.0,[0. 1. 2. 3. 4. 5. 6. 7. 8. 9.],[1. 1. 1. 1. 1. 1. 1. 1. 1. 1.],0.0,0.0
370,102607662,102639738,0,11516618,residential,Southgate Avenue,0,False,85.48547066959283,,,,,,no,,"LINESTRING (-76.4962735 38.9744505, -76.4971238 38.974843)",0.0,0.0,1.0,0.0,[0. 1. 2. 3. 4. 5. 6. 7. 8. 9.],[1. 1. 1. 1. 1. 1. 1. 1. 1. 1.],0.0,0.0
371,102607662,102595472,0,1303089561,residential,Franklin Street,0,True,92.52466713672122,,,,,,no,,"LINESTRING (-76.4962735 38.9744505, -76.49680240000001 38.9737271)",0.0,0.0,1.0,0.0,[0. 1. 2. 3. 4. 5. 6. 7. 8. 9.],[1. 1. 1. 1. 1. 1. 1. 1. 1. 1.],0.0,0.0
372,102607662,102631015,0,1303089562,residential,Southgate Avenue,0,True,189.3294729469793,,,,,,no,,"LINESTRING (-76.4962735 38.9744505, -76.4943778 38.9735978)",0.0,0.0,1.0,0.0,[0. 1. 2. 3. 4. 5. 6. 7. 8. 9.],[1. 1. 1. 1. 1. 1. 1. 1. 1. 1.],0.0,0.0
373,102607664,10031857043,0,11511296,residential,Franklin Street,0,True,4.821622959108059,,,,,,no,,"LINESTRING (-76.4942171 38.9772333, -76.49425220000001 38.9771996)",0.0,0.0,1.0,0.0,[0. 1. 2. 3. 4. 5. 6. 7. 8. 9.],[1. 1. 1. 1. 1. 1. 1. 1. 1. 1.],0.0,0.0
374,102607664,9630596038,0,1303089560,residential,Franklin Street,0,False,5.941275390440417,,,,,,no,,"LINESTRING (-76.4942171 38.9772333, -76.4941711 38.977273)",0.0,0.0,1.0,0.0,[0. 1. 2. 3. 4. 5. 6. 7. 8. 9.],[1. 1. 1. 1. 1. 1. 1. 1. 1. 1.],0.0,0.0
375,102607664,10031857042,0,1303089565,residential,Cathedral Street,0,False,6.565132453709126,,,,,,no,,"LINESTRING (-76.4942171 38.9772333, -76.49427489999999 38.9772716)",0.0,0.0,1.0,0.0,[0. 1. 2. 3. 4. 5. 6. 7. 8. 9.],[1. 1. 1. 1. 1. 1. 1. 1. 1. 1.],0.0,0.0
376,102607664,10031944168,0,1303089566,residential,Cathedral Street,0,True,81.75138411026154,,,,,,no,,"LINESTRING (-76.4942171 38.9772333, -76.49349460000001 38.9767589)",0.0,0.0,1.0,0.0,[0. 1. 2. 3. 4. 5. 6. 7. 8. 9.],[1. 1. 1. 1. 1. 1. 1. 1. 1. 1.],0.0,0.0
377,102607666,7308513807,0,1303089560,residential,Franklin Street,0,True,10.434234812605045,,,,,,no,,"LINESTRING (-76.4931255 38.9781905, -76.4932056 38.9781203)",0.0,0.0,1.0,0.0,[0. 1. 2. 3. 4. 5. 6. 7. 8. 9.],[1. 1. 1. 1. 1. 1. 1. 1. 1. 1.],0.0,0.0
378,102607666,102584602,0,114751046,secondary,Church Circle,1,False,23.15808180377133,,,MD 450,,roundabout,no,,"LINESTRING (-76.4931255 38.9781905, -76.4930631 38.9781642, -76.4929875 38.9781464, -76.4928712 38.9781312)",0.0,0.0,1.0,0.0,[0. 1. 2. 3. 4. 5. 6. 7. 8. 9.],[1. 1. 1. 1. 1. 1. 1. 1. 1. 1.],0.0,0.0
379,102593331,102629499,0,11516423,residential,Tucker Street,0,True,142.529155269972,,,,,,no,,"LINESTRING (-76.50242590000001 38.9916495, -76.501229 38.9907677)",0.0,0.0,1.0,0.0,[0. 1. 2. 3. 4. 5. 6. 7. 8. 9.],[1. 1. 1. 1. 1. 1. 1. 1. 1. 1.],0.0,0.0
380,102593331,11907935195,0,711701687,tertiary,Melvin Avenue,0,False,44.88732778386513,,,,,,no,,"LINESTRING (-76.50242590000001 38.9916495, -76.50207330000001 38.9919459)",0.0,0.0,1.0,0.0,[0. 1. 2. 3. 4. 5. 6. 7. 8. 9.],[1. 1. 1. 1. 1. 1. 1. 1. 1. 1.],0.0,0.0
381,102593331,3590614204,0,743255227,tertiary,Melvin Avenue,0,True,57.635031850538134,,,,,,no,,"LINESTRING (-76.50242590000001 38.9916495, -76.5028786 38.9912689)",0.0,0.0,1.0,0.0,[0. 1. 2. 3. 4. 5. 6. 7. 8. 9.],[1. 1. 1. 1. 1. 1. 1. 1. 1. 1.],0.0,0.0
382,102593333,11907983981,0,11518241,residential,Shiley Street,0,False,70.35035579619375,,,,,,no,,"LINESTRING (-76.50060360000001 38.9931814, -76.5011988 38.993613)",0.0,0.0,1.0,0.0,[0. 1. 2. 3. 4. 5. 6. 7. 8. 9.],[1. 1. 1. 1. 1. 1. 1. 1. 1. 1.],0.0,0.0
383,102593333,102629495,0,11518241,residential,Shiley Street,0,True,141.5495629981769,,,,,,no,,"LINESTRING (-76.50060360000001 38.9931814, -76.4994059 38.9923131)",0.0,0.0,1.0,0.0,[0. 1. 2. 3. 4. 5. 6. 7. 8. 9.],[1. 1. 1. 1. 1. 1. 1. 1. 1. 1.],0.0,0.0
384,102593333,102593334,0,711701687,tertiary,Melvin Avenue,0,False,112.59716078958601,,,,,,no,,"LINESTRING (-76.50060360000001 38.9931814, -76.49971909999999 38.9939249)",0.0,0.0,1.0,0.0,[0. 1. 2. 3. 4. 5. 6. 7. 8. 9.],[1. 1. 1. 1. 1. 1. 1. 1. 1. 1.],0.0,0.0
385,102593333,11907983999,0,711701687,tertiary,Melvin Avenue,0,True,25.126547040129253,,,,,,no,,"LINESTRING (-76.50060360000001 38.9931814, -76.500801 38.9930155)",0.0,0.0,1.0,0.0,[0. 1. 2. 3. 4. 5. 6. 7. 8. 9.],[1. 1. 1. 1. 1. 1. 1. 1. 1. 1.],0.0,0.0
386,102593334,102593321,0,711701687,tertiary,Melvin Avenue,0,False,97.65043504348277,,,,,,no,,"LINESTRING (-76.49971909999999 38.9939249, -76.498952 38.9945697)",0.0,0.0,1.0,0.0,[0. 1. 2. 3. 4. 5. 6. 7. 8. 9.],[1. 1. 1. 1. 1. 1. 1. 1. 1. 1.],0.0,0.0
387,102593334,102593333,0,711701687,tertiary,Melvin Avenue,0,True,112.59716078958601,,,,,,no,,"LINESTRING (-76.49971909999999 38.9939249, -76.50060360000001 38.9931814)",0.0,0.0,1.0,0.0,[0. 1. 2. 3. 4. 5. 6. 7. 8. 9.],[1. 1. 1. 1. 1. 1. 1. 1. 1. 1.],0.0,0.0
388,102593334,102610260,0,11511661,residential,Claude Street,0,False,112.68243518258649,,,,,,no,,"LINESTRING (-76.49971909999999 38.9939249, -76.5002645 38.9943024, -76.5007693 38.994514)",0.0,0.0,1.0,0.0,[0. 1. 2. 3. 4. 5. 6. 7. 8. 9.],[1. 1. 1. 1. 1. 1. 1. 1. 1. 1.],0.0,0.0
389,102593334,102610258,0,1303091351,residential,Claude Street,0,True,141.5700611100935,,,,,,no,,"LINESTRING (-76.49971909999999 38.9939249, -76.49964110000001 38.993903, -76.4984876 38.9930923)",0.0,0.0,1.0,0.0,[0. 1. 2. 3. 4. 5. 6. 7. 8. 9.],[1. 1. 1. 1. 1. 1. 1. 1. 1. 1.],0.0,0.0
390,102607804,7308529013,0,11511322,secondary,West Street,0,False,9.92502285448537,,,MD 450,,,no,,"LINESTRING (-76.4933164 38.9783828, -76.493431 38.9783773)",0.0,0.0,1.0,0.0,[0. 1. 2. 3. 4. 5. 6. 7. 8. 9.],[1. 1. 1. 1. 1. 1. 1. 1. 1. 1.],0.0,0.0
391,102607804,102607666,0,114751046,secondary,Church Circle,1,False,27.662944505543372,,,MD 450,,roundabout,no,,"LINESTRING (-76.4933164 38.9783828, -76.493281 38.9783199, -76.4932457 38.9782733, -76.4932099 38.9782394, -76.4931701 38.9782116, -76.4931255 38.9781905)",0.0,0.0,1.0,0.0,[0. 1. 2. 3. 4. 5. 6. 7. 8. 9.],[1. 1. 1. 1. 1. 1. 1. 1. 1. 1.],0.0,0.0
392,102607809,7308538329,0,11519485,residential,West Washington Street,0,False,9.091113848678553,,,,,,no,,"LINESTRING (-76.4965973 38.9780963, -76.4966239 38.9781754)",0.0,0.0,1.0,0.0,[0. 1. 2. 3. 4. 5. 6. 7. 8. 9.],[1. 1. 1. 1. 1. 1. 1. 1. 1. 1.],0.0,0.0
393,102607809,11062792341,0,49826105,primary,West Street,0,False,42.81293373141782,2,25 mph,MD 450,,,no,,"LINESTRING (-76.4965973 38.9780963, -76.49707189999999 38.9779862)",0.0,0.0,1.0,0.0,[0. 1. 2. 3. 4. 5. 6. 7. 8. 9.],[1. 1. 1. 1. 1. 1. 1. 1. 1. 1.],0.0,0.0
394,102607809,7308526358,0,49826105,primary,West Street,0,True,5.75018611240801,2,25 mph,MD 450,,,no,,"LINESTRING (-76.4965973 38.9780963, -76.49653360000001 38.9781112)",0.0,0.0,1.0,0.0,[0. 1. 2. 3. 4. 5. 6. 7. 8. 9.],[1. 1. 1. 1. 1. 1. 1. 1. 1. 1.],0.0,0.0
395,102607811,7308491863,0,11513535,residential,Lafayette Avenue,0,False,8.566754709851596,,,,,,no,,"LINESTRING (-76.49754299999999 38.9778777, -76.4974984 38.9778089)",0.0,0.0,1.0,0.0,[0. 1. 2. 3. 4. 5. 6. 7. 8. 9.],[1. 1. 1. 1. 1. 1. 1. 1. 1. 1.],0.0,0.0
396,102607811,7308541583,0,415630020,residential,Lafayette Avenue,0,False,7.647489972383786,,,,,,no,,"LINESTRING (-76.49754299999999 38.9778777, -76.4975802 38.9779401)",0.0,0.0,1.0,0.0,[0. 1. 2. 3. 4. 5. 6. 7. 8. 9.],[1. 1. 1. 1. 1. 1. 1. 1. 1. 1.],0.0,0.0
397,102607811,7308536071,0,1191539891,primary,West Street,0,True,6.59787048544642,2,25 mph,MD 450,,,no,,"LINESTRING (-76.49754299999999 38.9778777, -76.49746949999999 38.9778937)",0.0,0.0,1.0,0.0,[0. 1. 2. 3. 4. 5. 6. 7. 8. 9.],[1. 1. 1. 1. 1. 1. 1. 1. 1. 1.],0.0,0.0
398,102607811,7308536072,0,1191539892,primary,West Street,0,False,7.664966801242776,2,25 mph,MD 450,,,no,,"LINESTRING (-76.49754299999999 38.9778777, -76.4976277 38.9778573)",0.0,0.0,1.0,0.0,[0. 1. 2. 3. 4. 5. 6. 7. 8. 9.],[1. 1. 1. 1. 1. 1. 1. 1. 1. 1.],0.0,0.0
399,102607813,7257212315,0,1191539892,primary,West Street,0,False,39.264180364711244,2,25 mph,MD 450,,,no,,"LINESTRING (-76.49887390000001 38.9775677, -76.49930879999999 38.9774658)",0.0,0.0,1.0,0.0,[0. 1. 2. 3. 4. 5. 6. 7. 8. 9.],[1. 1. 1. 1. 1. 1. 1. 1. 1. 1.],0.0,0.0
400,102607813,764812180,0,11519206,residential,Munroe Court,0,False,184.04922315383146,,,,,,no,,"LINESTRING (-76.49887390000001 38.9775677, -76.49904720000001 38.9780278, -76.4990608 38.9780552, -76.49908360000001 38.9780901, -76.4991151 38.9781225, -76.499149 38.9781506, -76.4991938 38.9781796, -76.4992445 38.9782036, -76.4992974 38.978221, -76.49934159999999 38.9782305, -76.4994153 38.9782405, -76.4999139 38.9782533, -76.5004416 38.9782646)",0.0,0.0,1.0,0.0,[0. 1. 2. 3. 4. 5. 6. 7. 8. 9.],[1. 1. 1. 1. 1. 1. 1. 1. 1. 1.],0.0,0.0
401,102607813,7308536072,0,1191539892,primary,West Street,0,True,112.43609122661822,2,25 mph,MD 450,,,no,,"LINESTRING (-76.49887390000001 38.9775677, -76.49764759999999 38.9778519, -76.4976277 38.9778573)",0.0,0.0,1.0,0.0,[0. 1. 2. 3. 4. 5. 6. 7. 8. 9.],[1. 1. 1. 1. 1. 1. 1. 1. 1. 1.],0.0,0.0
402,102607815,102607817,0,1191539892,primary,West Street,0,False,35.65548274441849,2,25 mph,MD 450,,,no,,"LINESTRING (-76.5005565 38.9771139, -76.5009429 38.9770017)",0.0,0.0,1.0,0.0,[0. 1. 2. 3. 4. 5. 6. 7. 8. 9.],[1. 1. 1. 1. 1. 1. 1. 1. 1. 1.],0.0,0.0
403,102607815,7607685708,0,1191539892,primary,West Street,0,True,35.983024794390865,2,25 mph,MD 450,,,no,,"LINESTRING (-76.5005565 38.9771139, -76.5001662 38.9772264)",0.0,0.0,1.0,0.0,[0. 1. 2. 3. 4. 5. 6. 7. 8. 9.],[1. 1. 1. 1. 1. 1. 1. 1. 1. 1.],0.0,0.0
404,102607817,11485643862,0,11513597,residential,Madison Place,0,False,29.854634787973914,,,,,,no,,"LINESTRING (-76.5009429 38.9770017, -76.5010695 38.9772515)",0.0,0.0,1.0,0.0,[0. 1. 2. 3. 4. 5. 6. 7. 8. 9.],[1. 1. 1. 1. 1. 1. 1. 1. 1. 1.],0.0,0.0
405,102607817,102562052,0,1191539892,primary,West Street,0,False,52.989009543837355,2,25 mph,MD 450,,,no,,"LINESTRING (-76.5009429 38.9770017, -76.50151750000001 38.9768357)",0.0,0.0,1.0,0.0,[0. 1. 2. 3. 4. 5. 6. 7. 8. 9.],[1. 1. 1. 1. 1. 1. 1. 1. 1. 1.],0.0,0.0
406,102607817,102607815,0,1191539892,primary,West Street,0,True,35.65548274441849,2,25 mph,MD 450,,,no,,"LINESTRING (-76.5009429 38.9770017, -76.5005565 38.9771139)",0.0,0.0,1.0,0.0,[0. 1. 2. 3. 4. 5. 6. 7. 8. 9.],[1. 1. 1. 1. 1. 1. 1. 1. 1. 1.],0.0,0.0
407,102607817,9630733136,0,1303099417,residential,Southgate Avenue,0,True,33.360558144755785,,,,,,no,,"LINESTRING (-76.5009429 38.9770017, -76.5008251 38.976716)",0.0,0.0,1.0,0.0,[0. 1. 2. 3. 4. 5. 6. 7. 8. 9.],[1. 1. 1. 1. 1. 1. 1. 1. 1. 1.],0.0,0.0
408,102575051,102620127,0,534640214,residential,Maryland Avenue,0,False,81.15501770322132,,,,,,no,,"LINESTRING (-76.4887703 38.9808493, -76.48936759999999 38.9802862)",0.0,0.0,1.0,0.0,[0. 1. 2. 3. 4. 5. 6. 7. 8. 9.],[1. 1. 1. 1. 1. 1. 1. 1. 1. 1.],0.0,0.0
409,102575051,102614133,0,534640214,residential,Maryland Avenue,0,True,54.91263048232622,,,,,,no,,"LINESTRING (-76.4887703 38.9808493, -76.4883541 38.9812224)",0.0,0.0,1.0,0.0,[0. 1. 2. 3. 4. 5. 6. 7. 8. 9.],[1. 1. 1. 1. 1. 1. 1. 1. 1. 1.],0.0,0.0
410,11907935195,3093471587,0,711701687,tertiary,Melvin Avenue,0,False,20.424872362569577,,,,,,no,,"LINESTRING (-76.50207330000001 38.9919459, -76.50191289999999 38.9920808)",0.0,0.0,1.0,0.0,[0. 1. 2. 3. 4. 5. 6. 7. 8. 9.],[1. 1. 1. 1. 1. 1. 1. 1. 1. 1.],0.0,0.0
411,11907935195,102593331,0,711701687,tertiary,Melvin Avenue,0,True,44.88732778386513,,,,,,no,,"LINESTRING (-76.50207330000001 38.9919459, -76.50242590000001 38.9916495)",0.0,0.0,1.0,0.0,[0. 1. 2. 3. 4. 5. 6. 7. 8. 9.],[1. 1. 1. 1. 1. 1. 1. 1. 1. 1.],0.0,0.0
412,11907935205,3093471527,0,541147435,residential,Monterey Avenue,0,False,3.476071558701027,,,,,,no,,"LINESTRING (-76.50274330000001 38.9928283, -76.5027704 38.9928052)",0.0,0.0,1.0,0.0,[0. 1. 2. 3. 4. 5. 6. 7. 8. 9.],[1. 1. 1. 1. 1. 1. 1. 1. 1. 1.],0.0,0.0
413,11907935205,102592781,0,541147435,residential,Monterey Avenue,0,True,38.528179985820174,,,,,,no,,"LINESTRING (-76.50274330000001 38.9928283, -76.5024433 38.9930846)",0.0,0.0,1.0,0.0,[0. 1. 2. 3. 4. 5. 6. 7. 8. 9.],[1. 1. 1. 1. 1. 1. 1. 1. 1. 1.],0.0,0.0
414,12063911170,12063911171,0,"[1303086715, 1303086716, 115391757, 1303086718]",residential,Bloomsbury Square,1,False,81.7763167100246,,15 mph,,,,no,,"LINESTRING (-76.49504349999999 38.9826044, -76.49510840000001 38.9826475, -76.49526830000001 38.9827537, -76.49531 38.9827713, -76.4953761 38.9827753, -76.4954213 38.9827645, -76.495456 38.9827402, -76.4954769 38.9827105, -76.49548040000001 38.9826767, -76.49547339999999 38.9826388, -76.49536740000001 38.9824726, -76.4953364 38.9824259)",0.0,0.0,1.0,0.0,[0. 1. 2. 3. 4. 5. 6. 7. 8. 9.],[1. 1. 1. 1. 1. 1. 1. 1. 1. 1.],0.0,0.0
415,12063911171,12063911174,0,115391757,residential,Bloomsbury Square,1,False,35.554668634757476,,15 mph,,,,no,,"LINESTRING (-76.4953364 38.9824259, -76.49514790000001 38.9821417)",0.0,0.0,1.0,0.0,[0. 1. 2. 3. 4. 5. 6. 7. 8. 9.],[1. 1. 1. 1. 1. 1. 1. 1. 1. 1.],0.0,0.0
416,12063911172,12063911170,0,1303086715,residential,Bloomsbury Square,1,False,38.18882592985142,,15 mph,,,,no,,"LINESTRING (-76.4947076 38.9823813, -76.49504349999999 38.9826044)",0.0,0.0,1.0,0.0,[0. 1. 2. 3. 4. 5. 6. 7. 8. 9.],[1. 1. 1. 1. 1. 1. 1. 1. 1. 1.],0.0,0.0
417,12063911174,1303929757,0,"[115391757, 1303086719]",residential,Bloomsbury Square,1,False,73.02314982560321,,15 mph,,,,no,,"LINESTRING (-76.49514790000001 38.9821417, -76.49490830000001 38.9817805, -76.4946638 38.9816176)",0.0,0.0,1.0,0.0,[0. 1. 2. 3. 4. 5. 6. 7. 8. 9.],[1. 1. 1. 1. 1. 1. 1. 1. 1. 1.],0.0,0.0
418,102608139,12112044759,0,633517754,secondary,Main Street,1,False,14.551934392477097,2,,,,,no,,"LINESTRING (-76.48884940000001 38.9775981, -76.4890121 38.9776317)",0.5666470728216186,0.2925168518,0.7074831482,0.2925168518,[0. 1. 2. 3. 4. 5. 6. 7. 8. 9.],"[0.70748315 0.70748315 0.70748323 0.85374157 0.99999992 1.
 1.         1.         1.         1.        ]",0.8775505553999998,1.3647552983296356
419,102608141,102587587,0,11519098,residential,Cornhill Street,1,False,90.39160173006755,1,,,,,no,,"LINESTRING (-76.4886422 38.9783407, -76.4876415 38.9781048)",0.5872802934942261,0.2970550423,0.7029449577,0.2970550423,[0. 1. 2. 3. 4. 5. 6. 7. 8. 9.],"[0.70294496 0.70294496 0.70294504 0.85147248 0.99999991 1.
 1.         1.         1.         1.        ]",0.8911651269,1.3708830868832276
420,2916167085,7308527341,0,534626216,secondary,Main Street,1,False,100.02811752398941,1,,,,,no,,"LINESTRING (-76.4911456 38.9780521, -76.4922009 38.9782594, -76.4922383 38.9782719, -76.4922631 38.978282)",0.0,0.0,1.0,0.0,[0. 1. 2. 3. 4. 5. 6. 7. 8. 9.],[1. 1. 1. 1. 1. 1. 1. 1. 1. 1.],0.0,0.0
421,5566082519,12112044738,0,"[633517754, 1303124843]",secondary,Main Street,1,False,36.83266398476437,"['1', '2']",,,,,no,,"LINESTRING (-76.4883344 38.9775009, -76.4886113 38.977549, -76.4887489 38.9775774)",0.5666470728216186,0.2925168518,0.7074831482,0.2925168518,[0. 1. 2. 3. 4. 5. 6. 7. 8. 9.],"[0.70748315 0.70748315 0.70748323 0.85374157 0.99999992 1.
 1.         1.         1.         1.        ]",0.8775505553999998,1.3647552983296356
422,102580423,5184736607,0,534660291,residential,Porter Road,0,False,13.637030237139964,,,,,,no,,"LINESTRING (-76.48662729999999 38.9809586, -76.4865075 38.9808788)",0.0,0.0,1.0,0.0,[0. 1. 2. 3. 4. 5. 6. 7. 8. 9.],[1. 1. 1. 1. 1. 1. 1. 1. 1. 1.],0.0,0.0
423,102580423,102598428,0,534660291,residential,Porter Road,0,True,44.13063775860462,,,,,,no,,"LINESTRING (-76.48662729999999 38.9809586, -76.4863039 38.9812657)",0.0,0.0,1.0,0.0,[0. 1. 2. 3. 4. 5. 6. 7. 8. 9.],[1. 1. 1. 1. 1. 1. 1. 1. 1. 1.],0.0,0.0
424,102580425,5184535511,0,534660291,residential,Porter Road,0,False,6.993499273822451,,,,,,no,,"LINESTRING (-76.4859312 38.9804953, -76.4858693 38.9804548)",0.0,0.0,1.0,0.0,[0. 1. 2. 3. 4. 5. 6. 7. 8. 9.],[1. 1. 1. 1. 1. 1. 1. 1. 1. 1.],0.0,0.0
425,102580425,3812701993,0,534660291,residential,Porter Road,0,True,6.046618424499862,,,,,,no,,"LINESTRING (-76.4859312 38.9804953, -76.4859843 38.9805307)",0.0,0.0,1.0,0.0,[0. 1. 2. 3. 4. 5. 6. 7. 8. 9.],[1. 1. 1. 1. 1. 1. 1. 1. 1. 1.],0.0,0.0
426,102580425,3812599942,0,1063805343,residential,,0,False,65.00739267054203,,,,,,no,,"LINESTRING (-76.4859312 38.9804953, -76.4854394 38.9809376)",0.0,0.0,1.0,0.0,[0. 1. 2. 3. 4. 5. 6. 7. 8. 9.],[1. 1. 1. 1. 1. 1. 1. 1. 1. 1.],0.0,0.0
427,102580425,10031857089,0,1063805343,residential,,0,True,8.209933609047127,,,,,,no,,"LINESTRING (-76.4859312 38.9804953, -76.4859931 38.9804393)",0.0,0.0,1.0,0.0,[0. 1. 2. 3. 4. 5. 6. 7. 8. 9.],[1. 1. 1. 1. 1. 1. 1. 1. 1. 1.],0.0,0.0
428,639282744,102646589,0,49826107,primary,Taylor Avenue,0,True,13.606020236806678,2,,MD 435,,,no,,"LINESTRING (-76.5028343 38.9871064, -76.5029375 38.987014)",0.0,0.0,1.0,0.0,[0. 1. 2. 3. 4. 5. 6. 7. 8. 9.],[1. 1. 1. 1. 1. 1. 1. 1. 1. 1.],0.0,0.0
429,639282744,102593325,0,192889397,primary,Roscoe Rowe Boulevard,1,False,303.27998511484464,2,40 mph,MD 70,,,no,,"LINESTRING (-76.5028343 38.9871064, -76.50299750000001 38.9872081, -76.5033409 38.9874222, -76.5054337 38.988697, -76.5054873 38.9887296, -76.5055917 38.9887932)",0.0,0.0,1.0,0.0,[0. 1. 2. 3. 4. 5. 6. 7. 8. 9.],[1. 1. 1. 1. 1. 1. 1. 1. 1. 1.],0.0,0.0
430,639282744,3583517854,0,"[1332106172, 192889421]",primary,Taylor Avenue,0,False,97.58830179121563,"['4', '2']",,MD 435,,,no,,"LINESTRING (-76.5028343 38.9871064, -76.50272080000001 38.987208, -76.5027001 38.9872265, -76.5022381 38.9876403, -76.5020942 38.9877692)",0.0,0.0,1.0,0.0,[0. 1. 2. 3. 4. 5. 6. 7. 8. 9.],[1. 1. 1. 1. 1. 1. 1. 1. 1. 1.],0.0,0.0
431,639282806,768922849,0,61694456,secondary,Bladen Street,1,False,175.26256526332978,2,,MD 70,,,no,,"LINESTRING (-76.4957409 38.9818905, -76.4952696 38.981525, -76.4946044 38.981083, -76.49437260000001 38.980929, -76.4942344 38.9808371)",0.0,0.0,1.0,0.0,[0. 1. 2. 3. 4. 5. 6. 7. 8. 9.],[1. 1. 1. 1. 1. 1. 1. 1. 1. 1.],0.0,0.0
432,639282806,1299115487,0,114751028,primary,Roscoe Rowe Boulevard,1,False,203.57029602633423,2,,,,,no,,"LINESTRING (-76.4957409 38.9818905, -76.4955374 38.9816748, -76.4953859 38.9814741, -76.4952961 38.9813453, -76.49520440000001 38.9811989, -76.49511579999999 38.9810051, -76.49504589999999 38.9808211, -76.4949895 38.9806269, -76.4949613 38.9804646, -76.4949558 38.9802038)",0.0,0.0,1.0,0.0,[0. 1. 2. 3. 4. 5. 6. 7. 8. 9.],[1. 1. 1. 1. 1. 1. 1. 1. 1. 1.],0.0,0.0
433,639282830,102645118,0,11517635,residential,Herbert Sachs Boulevard,0,True,15.870125704411171,,,,,,no,,"LINESTRING (-76.50028570000001 38.9855609, -76.50040079999999 38.9854497)",0.0,0.0,1.0,0.0,[0. 1. 2. 3. 4. 5. 6. 7. 8. 9.],[1. 1. 1. 1. 1. 1. 1. 1. 1. 1.],0.0,0.0
434,639282830,6495077042,0,50320187,primary,Roscoe Rowe Boulevard,1,False,7.951410738000494,2,,MD 70,,,no,,"LINESTRING (-76.50028570000001 38.9855609, -76.5003573 38.9856058)",0.0,0.0,1.0,0.0,[0. 1. 2. 3. 4. 5. 6. 7. 8. 9.],[1. 1. 1. 1. 1. 1. 1. 1. 1. 1.],0.0,0.0
435,11907903295,102592779,0,711701687,tertiary,Melvin Avenue,0,False,24.760577137386242,,,,,,no,,"LINESTRING (-76.5017139 38.992248, -76.50151940000001 38.9924115)",0.0,0.0,1.0,0.0,[0. 1. 2. 3. 4. 5. 6. 7. 8. 9.],[1. 1. 1. 1. 1. 1. 1. 1. 1. 1.],0.0,0.0
436,11907903295,3093471587,0,711701687,tertiary,Melvin Avenue,0,True,25.326713762950167,,,,,,no,,"LINESTRING (-76.5017139 38.992248, -76.50191289999999 38.9920808)",0.0,0.0,1.0,0.0,[0. 1. 2. 3. 4. 5. 6. 7. 8. 9.],[1. 1. 1. 1. 1. 1. 1. 1. 1. 1.],0.0,0.0
437,102576005,7786302870,0,11505463,residential,Pleasant Street,0,True,34.594149069659885,,,,,,no,,"LINESTRING (-76.4978519 38.9796814, -76.4978808 38.9793711)",0.0,0.0,1.0,0.0,[0. 1. 2. 3. 4. 5. 6. 7. 8. 9.],[1. 1. 1. 1. 1. 1. 1. 1. 1. 1.],0.0,0.0
438,102576005,102583826,0,11517931,residential,Clay Street,0,False,65.91462818175535,,,,,,no,,"LINESTRING (-76.4978519 38.9796814, -76.4986135 38.979711)",0.0,0.0,1.0,0.0,[0. 1. 2. 3. 4. 5. 6. 7. 8. 9.],[1. 1. 1. 1. 1. 1. 1. 1. 1. 1.],0.0,0.0
439,102576005,1303929769,0,11517931,residential,Clay Street,0,True,38.212288609126276,,,,,,no,,"LINESTRING (-76.4978519 38.9796814, -76.4974105 38.9796625)",0.0,0.0,1.0,0.0,[0. 1. 2. 3. 4. 5. 6. 7. 8. 9.],[1. 1. 1. 1. 1. 1. 1. 1. 1. 1.],0.0,0.0
440,102576005,102576009,0,11505463,residential,Pleasant Street,0,False,41.9955432927847,,,,,,no,,"LINESTRING (-76.4978519 38.9796814, -76.4978289 38.9799639, -76.4978306 38.9800585)",0.0,0.0,1.0,0.0,[0. 1. 2. 3. 4. 5. 6. 7. 8. 9.],[1. 1. 1. 1. 1. 1. 1. 1. 1. 1.],0.0,0.0
441,102576009,102576005,0,11505463,residential,Pleasant Street,0,True,41.9955432927847,,,,,,no,,"LINESTRING (-76.4978306 38.9800585, -76.4978289 38.9799639, -76.4978519 38.9796814)",0.0,0.0,1.0,0.0,[0. 1. 2. 3. 4. 5. 6. 7. 8. 9.],[1. 1. 1. 1. 1. 1. 1. 1. 1. 1.],0.0,0.0
442,102608839,12112019682,0,11518798,residential,Pinkney Street,0,False,8.912274973382306,1,,,,,no,,"LINESTRING (-76.487138 38.9782282, -76.48713789999999 38.9782734, -76.48714029999999 38.9783083)",1.5165038309392944,0.4270472325,0.5729527675,0.4270472325,[0. 1. 2. 3. 4. 5. 6. 7. 8. 9.],"[0.57295277 0.57295277 0.57295289 0.78647638 0.99999988 1.
 1.         1.         1.         1.        ]",1.2811416975,1.4839479549774852
443,102576071,10245603663,0,50319297,secondary,Compromise Street,0,False,35.523679229131034,,,,,,no,,"LINESTRING (-76.48610619999999 38.9755621, -76.48626849999999 38.9758556)",2.0229660473165527,0.4689579255,0.5310420745,0.4689579255,[0. 1. 2. 3. 4. 5. 6. 7. 8. 9.],"[0.53104207 0.53104207 0.53104221 0.76552104 0.99999987 1.
 1.         1.         1.         1.        ]",1.4068737765000001,1.497106557398883
444,102576071,4535779004,0,50319297,secondary,Compromise Street,0,True,13.851445902339522,,,,,,no,,"LINESTRING (-76.48610619999999 38.9755621, -76.4860465 38.9754465)",1.6145273647604004,0.4361039117,0.5638960882999999,0.4361039117,[0. 1. 2. 3. 4. 5. 6. 7. 8. 9.],"[0.56389609 0.56389609 0.56389621 0.78194804 0.99999987 1.
 1.         1.         1.         1.        ]",1.3083117351000002,1.487701619660043
445,102576071,102566156,0,11505478,residential,Saint Mary's Street,0,True,121.05202128323323,,,,,,no,,"LINESTRING (-76.48610619999999 38.9755621, -76.4868137 38.9752229, -76.4871658 38.9748753)",1.5073050461111084,0.4261694441,0.5738305559,0.4261694441,[0. 1. 2. 3. 4. 5. 6. 7. 8. 9.],"[0.57383056 0.57383056 0.57383068 0.78691528 0.99999988 1.
 1.         1.         1.         1.        ]",1.2785083323,1.4835571879061613
446,102608841,102569875,0,119678016,residential,Green Street,0,False,9.30898608543995,,,,,,no,,"LINESTRING (-76.4877917 38.9774726, -76.4878152 38.9773909)",1.3743726215658203,0.4128967019,0.5871032981,0.4128967019,[0. 1. 2. 3. 4. 5. 6. 7. 8. 9.],"[0.5871033  0.5871033  0.58710342 0.79355165 0.99999988 1.
 1.         1.         1.         1.        ]",1.2386901057000002,1.4770638485085463
447,102608841,1304062293,0,1307896550,secondary,Main Street,1,False,9.596656681795865,1,,,,,no,,"LINESTRING (-76.4877917 38.9774726, -76.48790200000001 38.9774824)",1.3743726215658203,0.4128967019,0.5871032981,0.4128967019,[0. 1. 2. 3. 4. 5. 6. 7. 8. 9.],"[0.5871033  0.5871033  0.58710342 0.79355165 0.99999988 1.
 1.         1.         1.         1.        ]",1.2386901057000002,1.4770638485085463
448,102608845,102608850,0,115407719,tertiary,Market Space,0,True,6.520143767368898,4,,,,,no,,"LINESTRING (-76.486835 38.9780105, -76.4868821 38.9779647)",1.9220871529874817,0.4614792195,0.5385207805000001,0.4614792195,[0. 1. 2. 3. 4. 5. 6. 7. 8. 9.],"[0.53852078 0.53852078 0.53852091 0.76926039 0.99999987 1.
 1.         1.         1.         1.        ]",1.3844376584999998,1.4955420001999316
449,102608845,2358654348,0,294265633,tertiary,Randall Street,0,True,6.971896492950399,,,,,,no,,"LINESTRING (-76.486835 38.9780105, -76.4867842 38.9780592)",1.9220871529874817,0.4614792195,0.5385207805000001,0.4614792195,[0. 1. 2. 3. 4. 5. 6. 7. 8. 9.],"[0.53852078 0.53852078 0.53852091 0.76926039 0.99999987 1.
 1.         1.         1.         1.        ]",1.3844376584999998,1.4955420001999316
450,102608850,102608845,0,115407719,tertiary,Market Space,0,False,6.520143767368898,4,,,,,no,,"LINESTRING (-76.4868821 38.9779647, -76.486835 38.9780105)",1.9220871529874817,0.4614792195,0.5385207805000001,0.4614792195,[0. 1. 2. 3. 4. 5. 6. 7. 8. 9.],"[0.53852078 0.53852078 0.53852091 0.76926039 0.99999987 1.
 1.         1.         1.         1.        ]",1.3844376584999998,1.4955420001999316
451,102608850,102595015,0,115407719,tertiary,Market Space,0,True,14.358391000329522,4,,,,,no,,"LINESTRING (-76.4868821 38.9779647, -76.486959 38.9778935, -76.48698950000001 38.9778662)",1.9220871529874817,0.4614792195,0.5385207805000001,0.4614792195,[0. 1. 2. 3. 4. 5. 6. 7. 8. 9.],"[0.53852078 0.53852078 0.53852091 0.76926039 0.99999987 1.
 1.         1.         1.         1.        ]",1.3844376584999998,1.4955420001999316
452,10779963445,5202712721,0,50319297,secondary,Compromise Street,0,False,7.013512907168569,,,,,,no,,"LINESTRING (-76.4866342 38.9765846, -76.48666 38.9766444)",2.1027685604391113,0.4746219318,0.5253780682,0.4746219318,[0. 1. 2. 3. 4. 5. 6. 7. 8. 9.],"[0.52537807 0.52537807 0.5253782  0.76268903 0.99999986 1.
 1.         1.         1.         1.        ]",1.4238657954,1.4980667966063517
453,10779963445,8433971740,0,50319297,secondary,Compromise Street,0,True,3.016304373152817,,,,,,no,,"LINESTRING (-76.4866342 38.9765846, -76.48662229999999 38.9765591)",2.1027685604391113,0.4746219318,0.5253780682,0.4746219318,[0. 1. 2. 3. 4. 5. 6. 7. 8. 9.],"[0.52537807 0.52537807 0.5253782  0.76268903 0.99999986 1.
 1.         1.         1.         1.        ]",1.4238657954,1.4980667966063517
454,12112769136,102587586,0,633517751,residential,Fleet Street,1,False,9.409344950010132,1,,,,,no,,"LINESTRING (-76.48749770000001 38.978012, -76.487414 38.9779579)",1.5569889746007934,0.4308523755,0.5691476245,0.4308523755,[0. 1. 2. 3. 4. 5. 6. 7. 8. 9.],"[0.56914762 0.56914762 0.56914775 0.78457381 0.99999988 1.
 1.         1.         1.         1.        ]",1.2925571265,1.4855867353514254
455,8219504855,102610258,0,11514655,residential,Giddings Avenue,0,False,1.622396482399565,,,,,,no,,"LINESTRING (-76.4984747 38.9931029, -76.4984876 38.9930923)",0.0,0.0,1.0,0.0,[0. 1. 2. 3. 4. 5. 6. 7. 8. 9.],[1. 1. 1. 1. 1. 1. 1. 1. 1. 1.],0.0,0.0
456,8219504855,102627519,0,11514655,residential,Giddings Avenue,0,True,103.87787485764512,,,,,,no,,"LINESTRING (-76.4984747 38.9931029, -76.4976508 38.9937831)",0.0,0.0,1.0,0.0,[0. 1. 2. 3. 4. 5. 6. 7. 8. 9.],[1. 1. 1. 1. 1. 1. 1. 1. 1. 1.],0.0,0.0
457,102576378,1299115487,0,192889398,primary,Calvert Street,0,True,33.85700927805043,2,,,,,no,,"LINESTRING (-76.49520010000001 38.9799658, -76.4949558 38.9802038)",0.0,0.0,1.0,0.0,[0. 1. 2. 3. 4. 5. 6. 7. 8. 9.],[1. 1. 1. 1. 1. 1. 1. 1. 1. 1.],0.0,0.0
458,102576378,102589409,0,192889399,primary,Calvert Street,0,False,50.882177109912874,2,,,,,no,,"LINESTRING (-76.49520010000001 38.9799658, -76.4954 38.9795354)",0.0,0.0,1.0,0.0,[0. 1. 2. 3. 4. 5. 6. 7. 8. 9.],[1. 1. 1. 1. 1. 1. 1. 1. 1. 1.],0.0,0.0
459,102576378,768922855,0,509105977,secondary,Northwest Street,1,False,44.31608683740348,,,,,,no,,"LINESTRING (-76.49520010000001 38.9799658, -76.4949883 38.9798339, -76.4948 38.9797166)",0.0,0.0,1.0,0.0,[0. 1. 2. 3. 4. 5. 6. 7. 8. 9.],[1. 1. 1. 1. 1. 1. 1. 1. 1. 1.],0.0,0.0
460,102641931,102594237,0,11517004,residential,Revell Street,0,True,25.928746143778096,,,,,,no,,"LINESTRING (-76.4909207 38.9738137, -76.4907353 38.973997)",2.6662409953174606,0.5094475329,0.4905524671,0.5094475329,[0. 1. 2. 3. 4. 5. 6. 7. 8. 9.],"[0.49055247 0.49055247 0.49055261 0.74527623 0.99999985 1.
 1.         1.         1.         1.        ]",1.5283425986999997,1.499732403208878
461,102576468,3812550653,0,11505567,residential,Blake Road,0,False,5.256666873948201,,,,,,no,,"LINESTRING (-76.4870164 38.9824735, -76.4869714 38.9824417)",0.0,0.0,1.0,0.0,[0. 1. 2. 3. 4. 5. 6. 7. 8. 9.],[1. 1. 1. 1. 1. 1. 1. 1. 1. 1.],0.0,0.0
462,102576468,5184562697,0,377851562,residential,Maryland Avenue,0,False,5.602839055424019,,,,,,no,,"LINESTRING (-76.4870164 38.9824735, -76.4870576 38.9824346)",0.0,0.0,1.0,0.0,[0. 1. 2. 3. 4. 5. 6. 7. 8. 9.],[1. 1. 1. 1. 1. 1. 1. 1. 1. 1.],0.0,0.0
463,102576468,102571993,0,377851562,residential,Maryland Avenue,0,True,50.615426193518154,,,,,,no,,"LINESTRING (-76.4870164 38.9824735, -76.48664479999999 38.9828253)",10.037265923219424,0.6954496548,0.3045503452,0.6954496548,[0. 1. 2. 3. 4. 5. 6. 7. 8. 9.],"[0.30455035 0.30455035 0.30455054 0.65227517 0.9999998  1.
 1.         1.         1.         1.        ]",2.0863489644,1.3806504587888986
464,7045788067,102627696,0,11514407,residential,Steele Avenue,0,False,15.511243792756717,,,,,,no,,"LINESTRING (-76.50195119999999 38.976058, -76.5021148 38.9761153)",0.0,0.0,1.0,0.0,[0. 1. 2. 3. 4. 5. 6. 7. 8. 9.],[1. 1. 1. 1. 1. 1. 1. 1. 1. 1.],0.0,0.0
465,7045788067,102594720,0,11514407,residential,Steele Avenue,0,True,184.67436192345184,,,,,,no,,"LINESTRING (-76.50195119999999 38.976058, -76.5017904 38.9760022, -76.5015822 38.9759306, -76.50008459999999 38.9752533)",0.0,0.0,1.0,0.0,[0. 1. 2. 3. 4. 5. 6. 7. 8. 9.],[1. 1. 1. 1. 1. 1. 1. 1. 1. 1.],0.0,0.0
466,5849821659,102589151,0,115408963,residential,Cooper Road,0,False,7.185203118391953,,,,private,,no,,"LINESTRING (-76.48035640000001 38.9825112, -76.4803039 38.9825613)",12.758296914863278,0.7256147146,0.27438528539999996,0.7256147146,[0. 1. 2. 3. 4. 5. 6. 7. 8. 9.],"[0.27438529 0.27438529 0.27438549 0.63719264 0.99999979 1.
 1.         1.         1.         1.        ]",2.1768441438,1.3386122803104863
467,8433971740,10779963445,0,50319297,secondary,Compromise Street,0,False,3.016304373152817,,,,,,no,,"LINESTRING (-76.48662229999999 38.9765591, -76.4866342 38.9765846)",2.1027685604391113,0.4746219318,0.5253780682,0.4746219318,[0. 1. 2. 3. 4. 5. 6. 7. 8. 9.],"[0.52537807 0.52537807 0.5253782  0.76268903 0.99999986 1.
 1.         1.         1.         1.        ]",1.4238657954,1.4980667966063517
468,8433971740,102563660,0,50319297,secondary,Compromise Street,0,True,47.50213560860034,,,,,,no,,"LINESTRING (-76.48662229999999 38.9765591, -76.4864353 38.9761574)",2.215120276003839,0.4822499221,0.5177500778999999,0.4822499221,[0. 1. 2. 3. 4. 5. 6. 7. 8. 9.],"[0.51775008 0.51775008 0.51775022 0.75887504 0.99999986 1.
 1.         1.         1.         1.        ]",1.4467497663000002,1.4990546906506412
469,102576703,3812745896,0,11505613,residential,Hanover Street,0,True,6.249057703333919,,15 mph,,,,no,,"LINESTRING (-76.4875402 38.9819827, -76.4874849 38.9819465)",0.0,0.0,1.0,0.0,[0. 1. 2. 3. 4. 5. 6. 7. 8. 9.],[1. 1. 1. 1. 1. 1. 1. 1. 1. 1.],0.0,0.0
470,102576703,1304061903,0,377851562,residential,Maryland Avenue,0,True,5.808692620562582,,,,,,no,,"LINESTRING (-76.4875402 38.9819827, -76.4874945 38.982021)",0.0,0.0,1.0,0.0,[0. 1. 2. 3. 4. 5. 6. 7. 8. 9.],[1. 1. 1. 1. 1. 1. 1. 1. 1. 1.],0.0,0.0
471,102576703,3812745902,0,581832632,residential,Hanover Street,1,False,8.037337321525667,,15 mph,,,,no,,"LINESTRING (-76.4875402 38.9819827, -76.4876082 38.982032)",0.0,0.0,1.0,0.0,[0. 1. 2. 3. 4. 5. 6. 7. 8. 9.],[1. 1. 1. 1. 1. 1. 1. 1. 1. 1.],0.0,0.0
472,102576703,102614133,0,633517745,residential,Maryland Avenue,0,False,109.98450368851202,,,,,,no,,"LINESTRING (-76.4875402 38.9819827, -76.4883541 38.9812224)",0.0,0.0,1.0,0.0,[0. 1. 2. 3. 4. 5. 6. 7. 8. 9.],[1. 1. 1. 1. 1. 1. 1. 1. 1. 1.],0.0,0.0
473,3812700746,3812701976,0,11510994,residential,Arcade Road,0,True,66.21717839172238,,,,private,,no,,"LINESTRING (-76.48331760000001 38.9801003, -76.48389539999999 38.9804913)",12.402245231437375,0.722133374,0.277866626,0.722133374,[0. 1. 2. 3. 4. 5. 6. 7. 8. 9.],"[0.27786663 0.27786663 0.27786683 0.63893331 0.99999979 1.
 1.         1.         1.         1.        ]",2.1664001219999998,1.343842143036545
474,3812700746,3812700752,0,11510994,residential,Arcade Road,0,False,26.797489057714287,,,,private,,no,,"LINESTRING (-76.48331760000001 38.9801003, -76.4831784 38.9800061, -76.4831631 38.9799093)",12.288587995338132,0.7209963732,0.2790036268,0.7209963732,[0. 1. 2. 3. 4. 5. 6. 7. 8. 9.],"[0.27900363 0.27900363 0.27900383 0.63950181 0.99999979 1.
 1.         1.         1.         1.        ]",2.1629891196,1.3455282434757703
475,3812700752,3812700746,0,11510994,residential,Arcade Road,0,True,26.797489057714287,,,,private,,no,,"LINESTRING (-76.4831631 38.9799093, -76.4831784 38.9800061, -76.48331760000001 38.9801003)",12.288587995338132,0.7209963732,0.2790036268,0.7209963732,[0. 1. 2. 3. 4. 5. 6. 7. 8. 9.],"[0.27900363 0.27900363 0.27900383 0.63950181 0.99999979 1.
 1.         1.         1.         1.        ]",2.1629891196,1.3455282434757703
476,3812700752,102557194,0,377864873,residential,Cooper Road,0,True,105.74397719974775,,,,private,,no,,"LINESTRING (-76.4831631 38.9799093, -76.4832007 38.9799072, -76.4832275 38.9799017, -76.4832624 38.979885, -76.48329990000001 38.9798592, -76.48334010000001 38.97983, -76.48384919999999 38.9793709, -76.4840007 38.9792342)",12.517744847106625,0.7232758907,0.2767241093,0.7232758907,[0. 1. 2. 3. 4. 5. 6. 7. 8. 9.],"[0.27672411 0.27672411 0.27672432 0.63836205 0.99999979 1.
 1.         1.         1.         1.        ]",2.1698276721,1.3421369971063986
477,3812799110,3812799152,1,11512854,residential,Ramsey Drive,0,True,72.7582000200407,,,,,,no,,"LINESTRING (-76.48929889999999 38.9866758, -76.4896336 38.9865438, -76.48979 38.9864871, -76.48992490000001 38.9864621, -76.4900794 38.9864738)",13.821936142044764,0.7353455703,0.26465442969999997,0.7353455703,[0. 1. 2. 3. 4. 5. 6. 7. 8. 9.],"[0.26465443 0.26465443 0.26465464 0.63232721 0.99999979 1.
 1.         1.         1.         1.        ]",2.2060367109000003,1.3234473945017098
478,3812799110,11365456002,0,11512854,residential,Ramsey Drive,0,False,27.320666778708258,,,,,,no,,"LINESTRING (-76.48929889999999 38.9866758, -76.489209 38.986764, -76.48914980000001 38.9868701, -76.48914619999999 38.9868874)",13.511554029184085,0.7326035323,0.26739646770000003,0.7326035323,[0. 1. 2. 3. 4. 5. 6. 7. 8. 9.],"[0.26739647 0.26739647 0.26739668 0.63369823 0.99999979 1.
 1.         1.         1.         1.        ]",2.1978105969,1.3278031521509057
479,3812799152,3812799110,1,11512854,residential,Ramsey Drive,0,False,72.7582000200407,,,,,,no,,"LINESTRING (-76.4900794 38.9864738, -76.48992490000001 38.9864621, -76.48979 38.9864871, -76.4896336 38.9865438, -76.48929889999999 38.9866758)",13.821936142044764,0.7353455703,0.26465442969999997,0.7353455703,[0. 1. 2. 3. 4. 5. 6. 7. 8. 9.],"[0.26465443 0.26465443 0.26465464 0.63232721 0.99999979 1.
 1.         1.         1.         1.        ]",2.2060367109000003,1.3234473945017098
480,3812799152,102617954,0,11512854,residential,Ramsey Drive,0,True,234.909906224062,,,,,,no,,"LINESTRING (-76.4900794 38.9864738, -76.4902304 38.9865144, -76.49036479999999 38.9865974, -76.4908167 38.9868716, -76.4909329 38.986936, -76.4910737 38.986976, -76.4912336 38.986971, -76.4913478 38.9869588, -76.4914974 38.9869146, -76.49178980000001 38.9868014, -76.49195779999999 38.9867503, -76.4921039 38.9867221, -76.49220149999999 38.9867189, -76.4922885 38.9867298, -76.49239110000001 38.9867574, -76.4924979 38.9868193)",13.773515876727801,0.7349228211,0.26507717890000004,0.7349228211,[0. 1. 2. 3. 4. 5. 6. 7. 8. 9.],"[0.26507718 0.26507718 0.26507739 0.63253859 0.99999979 1.
 1.         1.         1.         1.        ]",2.2047684632999998,1.32412320265332
481,102610258,102629495,0,11514655,residential,Giddings Avenue,0,False,117.49687750634276,,,,,,no,,"LINESTRING (-76.4984876 38.9930923, -76.4994059 38.9923131)",0.0,0.0,1.0,0.0,[0. 1. 2. 3. 4. 5. 6. 7. 8. 9.],[1. 1. 1. 1. 1. 1. 1. 1. 1. 1.],0.0,0.0
482,102610258,8219504855,0,11514655,residential,Giddings Avenue,0,True,1.622396482399565,,,,,,no,,"LINESTRING (-76.4984876 38.9930923, -76.4984747 38.9931029)",0.0,0.0,1.0,0.0,[0. 1. 2. 3. 4. 5. 6. 7. 8. 9.],[1. 1. 1. 1. 1. 1. 1. 1. 1. 1.],0.0,0.0
483,102610258,102593334,0,1303091351,residential,Claude Street,0,False,141.5700611100935,,,,,,no,,"LINESTRING (-76.4984876 38.9930923, -76.49964110000001 38.993903, -76.49971909999999 38.9939249)",0.0,0.0,1.0,0.0,[0. 1. 2. 3. 4. 5. 6. 7. 8. 9.],[1. 1. 1. 1. 1. 1. 1. 1. 1. 1.],0.0,0.0
484,102610260,102613891,0,541147435,residential,Monterey Avenue,0,False,98.59275568062574,,,,,,no,,"LINESTRING (-76.5007693 38.994514, -76.50153709999999 38.9938582)",0.6849961037013799,0.3169414403,0.6830585597000001,0.3169414403,[0. 1. 2. 3. 4. 5. 6. 7. 8. 9.],"[0.68305856 0.68305856 0.68305865 0.84152928 0.99999991 1.
 1.         1.         1.         1.        ]",0.9508243208999998,1.3958533006344547
485,102610260,102593334,0,11511661,residential,Claude Street,0,True,112.68243518258649,,,,,,no,,"LINESTRING (-76.5007693 38.994514, -76.5002645 38.9943024, -76.49971909999999 38.9939249)",0.0,0.0,1.0,0.0,[0. 1. 2. 3. 4. 5. 6. 7. 8. 9.],[1. 1. 1. 1. 1. 1. 1. 1. 1. 1.],0.0,0.0
486,102610294,790678730,0,11511666,residential,Rodgers Road,0,False,137.38058455202244,,,,,,no,,"LINESTRING (-76.4920948 38.9844805, -76.49111069999999 38.9854507)",12.769071128564578,0.7257182085,0.2742817915,0.7257182085,[0. 1. 2. 3. 4. 5. 6. 7. 8. 9.],"[0.27428179 0.27428179 0.274282   0.6371409  0.99999979 1.
 1.         1.         1.         1.        ]",2.1771546255,1.33845524589992
487,102610294,102562641,0,11513994,residential,Upshur Road,0,False,258.39631436870263,,,,,,no,,"LINESTRING (-76.4920948 38.9844805, -76.48979300000001 38.9829977)",9.286938336091739,0.6853722079,0.3146277921,0.6853722079,[0. 1. 2. 3. 4. 5. 6. 7. 8. 9.],"[0.31462779 0.31462779 0.31462799 0.6573139  0.9999998  1.
 1.         1.         1.         1.        ]",2.0561166237,1.3931026834718954
488,102610294,102625144,0,11513994,residential,Upshur Road,0,True,61.481755755204574,,,,,,no,,"LINESTRING (-76.4920948 38.9844805, -76.4926425 38.9848333)",12.568600919442874,0.7237748931,0.2762251069,0.7237748931,[0. 1. 2. 3. 4. 5. 6. 7. 8. 9.],"[0.27622511 0.27622511 0.27622531 0.63811255 0.99999979 1.
 1.         1.         1.         1.        ]",2.1713246793,1.3413888343234395
489,2358654348,102608845,0,294265633,tertiary,Randall Street,0,False,6.971896492950399,,,,,,no,,"LINESTRING (-76.4867842 38.9780592, -76.486835 38.9780105)",1.9220871529874817,0.4614792195,0.5385207805000001,0.4614792195,[0. 1. 2. 3. 4. 5. 6. 7. 8. 9.],"[0.53852078 0.53852078 0.53852091 0.76926039 0.99999987 1.
 1.         1.         1.         1.        ]",1.3844376584999998,1.4955420001999316
490,2358654348,12112019632,0,294265633,tertiary,Randall Street,0,True,44.39517063043702,,,,,,no,,"LINESTRING (-76.4867842 38.9780592, -76.4867622 38.9780796, -76.4864585 38.9783679)",1.3717315397558227,0.4126211793,0.5873788207,0.4126211793,[0. 1. 2. 3. 4. 5. 6. 7. 8. 9.],"[0.58737882 0.58737882 0.58737894 0.79368941 0.99999988 1.
 1.         1.         1.         1.        ]",1.2378635378999998,1.4769173803404623
491,7017051631,7017051635,0,11519513,residential,Norwood Road,0,False,15.068404261723202,,,,,,no,,"LINESTRING (-76.4967335 38.9933413, -76.49679999999999 38.9933309, -76.4969049 38.9933453)",0.0,0.0,1.0,0.0,[0. 1. 2. 3. 4. 5. 6. 7. 8. 9.],[1. 1. 1. 1. 1. 1. 1. 1. 1. 1.],0.0,0.0
492,7017051631,8024486803,0,11519513,residential,Norwood Road,0,True,27.060273551537346,,,,,,no,,"LINESTRING (-76.4967335 38.9933413, -76.4964841 38.9933804, -76.4964322 38.9934017)",0.0,0.0,1.0,0.0,[0. 1. 2. 3. 4. 5. 6. 7. 8. 9.],[1. 1. 1. 1. 1. 1. 1. 1. 1. 1.],0.0,0.0
493,7017051635,102583228,0,11519513,residential,Norwood Road,0,False,9.248639184678321,,,,,,no,,"LINESTRING (-76.4969049 38.9933453, -76.4970103 38.9933597)",0.0,0.0,1.0,0.0,[0. 1. 2. 3. 4. 5. 6. 7. 8. 9.],[1. 1. 1. 1. 1. 1. 1. 1. 1. 1.],0.0,0.0
494,7017051635,7017051631,0,11519513,residential,Norwood Road,0,True,15.068404261723202,,,,,,no,,"LINESTRING (-76.4969049 38.9933453, -76.49679999999999 38.9933309, -76.4967335 38.9933413)",0.0,0.0,1.0,0.0,[0. 1. 2. 3. 4. 5. 6. 7. 8. 9.],[1. 1. 1. 1. 1. 1. 1. 1. 1. 1.],0.0,0.0
495,7017051638,102627519,0,11514375,residential,Old Crossing Lane,0,False,57.52390066845521,,,,,,no,,"LINESTRING (-76.49715860000001 38.9934351, -76.4972647 38.9935028, -76.4976508 38.9937831)",0.0,0.0,1.0,0.0,[0. 1. 2. 3. 4. 5. 6. 7. 8. 9.],[1. 1. 1. 1. 1. 1. 1. 1. 1. 1.],0.0,0.0
496,7017051638,102583228,0,11514375,residential,Old Crossing Lane,0,True,15.330080061065726,,,,,,no,,"LINESTRING (-76.49715860000001 38.9934351, -76.497139 38.9934226, -76.4970103 38.9933597)",0.0,0.0,1.0,0.0,[0. 1. 2. 3. 4. 5. 6. 7. 8. 9.],[1. 1. 1. 1. 1. 1. 1. 1. 1. 1.],0.0,0.0
497,10031904484,4383628537,0,50319297,secondary,Compromise Street,0,False,18.105321446022682,,,,,,no,,"LINESTRING (-76.48680539999999 38.9769525, -76.4868767 38.9771056)",2.0086090765295044,0.4679159121,0.5320840879,0.4679159121,[0. 1. 2. 3. 4. 5. 6. 7. 8. 9.],"[0.53208409 0.53208409 0.53208422 0.76604204 0.99999987 1.
 1.         1.         1.         1.        ]",1.4037477363000002,1.4969088276337852
498,10031904484,5202712721,0,50319297,secondary,Compromise Street,0,True,36.492036109634796,,,,,,no,,"LINESTRING (-76.48680539999999 38.9769525, -76.48666 38.9766444)",2.1027685604391113,0.4746219318,0.5253780682,0.4746219318,[0. 1. 2. 3. 4. 5. 6. 7. 8. 9.],"[0.52537807 0.52537807 0.5253782  0.76268903 0.99999986 1.
 1.         1.         1.         1.        ]",1.4238657954,1.4980667966063517
499,7755720282,102599281,0,11510018,residential,Jefferson Place,0,False,134.55082047995992,,,,,,no,,"LINESTRING (-76.5022369 38.9770403, -76.5028111 38.978165)",0.0,0.0,1.0,0.0,[0. 1. 2. 3. 4. 5. 6. 7. 8. 9.],[1. 1. 1. 1. 1. 1. 1. 1. 1. 1.],0.0,0.0
500,7755720282,9630733079,0,11510018,residential,Jefferson Place,0,True,37.01691794163236,,,,,,no,,"LINESTRING (-76.5022369 38.9770403, -76.50208550000001 38.9767289)",0.0,0.0,1.0,0.0,[0. 1. 2. 3. 4. 5. 6. 7. 8. 9.],[1. 1. 1. 1. 1. 1. 1. 1. 1. 1.],0.0,0.0
501,3812701967,3812745896,0,11505613,residential,Hanover Street,0,False,121.11054936905502,,15 mph,,,,no,,"LINESTRING (-76.4864194 38.9812392, -76.4874849 38.9819465)",0.0,0.0,1.0,0.0,[0. 1. 2. 3. 4. 5. 6. 7. 8. 9.],[1. 1. 1. 1. 1. 1. 1. 1. 1. 1.],0.0,0.0
502,3812701976,3812700746,0,11510994,residential,Arcade Road,0,False,66.21717839172238,,,,private,,no,,"LINESTRING (-76.48389539999999 38.9804913, -76.48331760000001 38.9801003)",12.402245231437375,0.722133374,0.277866626,0.722133374,[0. 1. 2. 3. 4. 5. 6. 7. 8. 9.],"[0.27786663 0.27786663 0.27786683 0.63893331 0.99999979 1.
 1.         1.         1.         1.        ]",2.1664001219999998,1.343842143036545
503,3812701976,102605685,0,11510994,residential,Arcade Road,0,True,4.647429378198954,,,,private,,no,,"LINESTRING (-76.48389539999999 38.9804913, -76.483936 38.9805187)",12.080956168937375,0.7188859,0.28111410000000003,0.7188859,[0. 1. 2. 3. 4. 5. 6. 7. 8. 9.],"[0.2811141  0.2811141  0.28111431 0.64055705 0.99999979 1.
 1.         1.         1.         1.        ]",2.1566577000000002,1.348629485555541
504,3812701993,102580425,0,534660291,residential,Porter Road,0,False,6.046618424499862,,,,,,no,,"LINESTRING (-76.4859843 38.9805307, -76.4859312 38.9804953)",0.0,0.0,1.0,0.0,[0. 1. 2. 3. 4. 5. 6. 7. 8. 9.],[1. 1. 1. 1. 1. 1. 1. 1. 1. 1.],0.0,0.0
505,3812701993,5184736578,0,534660291,residential,Porter Road,0,True,15.146746259655389,,,,,,no,,"LINESTRING (-76.4859843 38.9805307, -76.4861174 38.9806193)",0.0,0.0,1.0,0.0,[0. 1. 2. 3. 4. 5. 6. 7. 8. 9.],[1. 1. 1. 1. 1. 1. 1. 1. 1. 1.],0.0,0.0
506,8032565122,7094900479,0,160669677,tertiary,Annapolis Street,0,False,34.99846121096236,,,,,,no,,"LINESTRING (-76.50281200000001 38.9905132, -76.5025141 38.9903)",0.0,0.0,1.0,0.0,[0. 1. 2. 3. 4. 5. 6. 7. 8. 9.],[1. 1. 1. 1. 1. 1. 1. 1. 1. 1.],0.0,0.0
507,8032565122,102593329,0,160669677,tertiary,Annapolis Street,0,True,61.27854544919637,,,,,,no,,"LINESTRING (-76.50281200000001 38.9905132, -76.5033337 38.9908864)",0.0,0.0,1.0,0.0,[0. 1. 2. 3. 4. 5. 6. 7. 8. 9.],[1. 1. 1. 1. 1. 1. 1. 1. 1. 1.],0.0,0.0
508,7936292740,7308513807,0,1303089560,residential,Franklin Street,0,False,47.119903199512045,,,,,,no,,"LINESTRING (-76.4935672 38.9778032, -76.4932056 38.9781203)",0.0,0.0,1.0,0.0,[0. 1. 2. 3. 4. 5. 6. 7. 8. 9.],[1. 1. 1. 1. 1. 1. 1. 1. 1. 1.],0.0,0.0
509,7936292740,7936292744,0,1303089560,residential,Franklin Street,0,True,16.527335180194065,,,,,,no,,"LINESTRING (-76.4935672 38.9778032, -76.4936908 38.9776898)",0.0,0.0,1.0,0.0,[0. 1. 2. 3. 4. 5. 6. 7. 8. 9.],[1. 1. 1. 1. 1. 1. 1. 1. 1. 1.],0.0,0.0
510,7936292744,7936292740,0,1303089560,residential,Franklin Street,0,False,16.527335180194065,,,,,,no,,"LINESTRING (-76.4936908 38.9776898, -76.4935672 38.9778032)",0.0,0.0,1.0,0.0,[0. 1. 2. 3. 4. 5. 6. 7. 8. 9.],[1. 1. 1. 1. 1. 1. 1. 1. 1. 1.],0.0,0.0
511,7936292744,9630649045,0,1303089560,residential,Franklin Street,0,True,14.814349917850642,,,,,,no,,"LINESTRING (-76.4936908 38.9776898, -76.4938052 38.9775906)",0.0,0.0,1.0,0.0,[0. 1. 2. 3. 4. 5. 6. 7. 8. 9.],[1. 1. 1. 1. 1. 1. 1. 1. 1. 1.],0.0,0.0
512,7936292748,7308527324,0,11511322,secondary,West Street,0,False,139.3287498955272,,,MD 450,,,no,,"LINESTRING (-76.4939942 38.9783499, -76.4955664 38.9783039, -76.4956045 38.9782995)",0.0,0.0,1.0,0.0,[0. 1. 2. 3. 4. 5. 6. 7. 8. 9.],[1. 1. 1. 1. 1. 1. 1. 1. 1. 1.],0.0,0.0
513,7936292748,7308529013,0,11511322,secondary,West Street,0,True,48.78135235321354,,,MD 450,,,no,,"LINESTRING (-76.4939942 38.9783499, -76.4934703 38.9783765, -76.493431 38.9783773)",0.0,0.0,1.0,0.0,[0. 1. 2. 3. 4. 5. 6. 7. 8. 9.],[1. 1. 1. 1. 1. 1. 1. 1. 1. 1.],0.0,0.0
514,8241068289,4383628533,0,537219637,secondary,Main Street,1,False,11.259538097983805,2,,,,,no,,"LINESTRING (-76.4873881 38.9773162, -76.4872752 38.9773667)",1.5625466308889404,0.4313674943,0.5686325057,0.4313674943,[0. 1. 2. 3. 4. 5. 6. 7. 8. 9.],"[0.56863251 0.56863251 0.56863263 0.78431625 0.99999988 1.
 1.         1.         1.         1.        ]",1.2941024828999999,1.4858017051614716
515,8241068289,10245669636,0,1221452023,secondary,Main Street,1,False,16.945307219547022,2,,,,,no,,"LINESTRING (-76.4873881 38.9773162, -76.48719490000001 38.9772904)",1.6572797498998657,0.4398931648,0.5601068352,0.4398931648,[0. 1. 2. 3. 4. 5. 6. 7. 8. 9.],"[0.56010684 0.56010684 0.56010696 0.78005342 0.99999987 1.
 1.         1.         1.         1.        ]",1.3196794943999999,1.4891222312639179
516,8241068297,1304061920,0,886273332,residential,Green Street,1,False,6.238529883714517,,,,,,no,,"LINESTRING (-76.48782850000001 38.9772473, -76.4878241 38.9773033)",1.3743726215658203,0.4128967019,0.5871032981,0.4128967019,[0. 1. 2. 3. 4. 5. 6. 7. 8. 9.],"[0.5871033  0.5871033  0.58710342 0.79355165 0.99999988 1.
 1.         1.         1.         1.        ]",1.2386901057000002,1.4770638485085463
517,8241068297,12112020491,0,1307896548,residential,Green Street,1,False,7.376070955254763,,,,,,no,,"LINESTRING (-76.48782850000001 38.9772473, -76.4877632 38.97729)",1.5267934999761597,0.4280232546,0.5719767454,0.4280232546,[0. 1. 2. 3. 4. 5. 6. 7. 8. 9.],"[0.57197675 0.57197675 0.57197687 0.78598837 0.99999988 1.
 1.         1.         1.         1.        ]",1.2840697638,1.4843768469862253
518,3618163247,8241068297,0,11504428,residential,Green Street,1,False,16.197215789903744,,,,,,no,,"LINESTRING (-76.4879275 38.9771246, -76.4878774 38.9771723, -76.48782850000001 38.9772473)",1.3743726215658203,0.4128967019,0.5871032981,0.4128967019,[0. 1. 2. 3. 4. 5. 6. 7. 8. 9.],"[0.5871033  0.5871033  0.58710342 0.79355165 0.99999988 1.
 1.         1.         1.         1.        ]",1.2386901057000002,1.4770638485085463
519,12112019634,102584924,0,294005889,residential,Prince George Street,1,False,118.47654776505848,,,,,,no,,"LINESTRING (-76.4864724 38.9784429, -76.4875313 38.9791194)",0.397176762610437,0.2492744313,0.7507255687000001,0.2492744313,[0. 1. 2. 3. 4. 5. 6. 7. 8. 9.],"[0.75072557 0.75072557 0.75072564 0.87536278 0.99999993 1.
 1.         1.         1.         1.        ]",0.7478232938999998,1.2977790600176073
520,12112019635,102638947,0,11516639,tertiary,Randall Street,0,False,5.833137455068814,,,,,,no,,"LINESTRING (-76.4863737 38.9784477, -76.48641689999999 38.9784074)",0.4774882993993774,0.2712533532,0.7287466468,0.2712533532,[0. 1. 2. 3. 4. 5. 6. 7. 8. 9.],"[0.72874665 0.72874665 0.72874672 0.86437332 0.99999992 1.
 1.         1.         1.         1.        ]",0.8137600596000001,1.333819723658563
521,12112019635,2975737037,0,11516639,tertiary,Randall Street,0,True,129.75135147092232,,,,,,no,,"LINESTRING (-76.4863737 38.9784477, -76.48600140000001 38.9787953, -76.4853963 38.9793332)",1.382774849921228,0.4137700125,0.5862299875,0.4137700125,[0. 1. 2. 3. 4. 5. 6. 7. 8. 9.],"[0.58622999 0.58622999 0.58623011 0.79311499 0.99999988 1.
 1.         1.         1.         1.        ]",1.2413100375000001,1.4775249499528076
522,102644233,102562796,0,11517476,residential,Stehle Street,0,False,84.71726560309394,,,,,,no,,"LINESTRING (-76.50134679999999 38.9744394, -76.5022408 38.9741273)",0.0,0.0,1.0,0.0,[0. 1. 2. 3. 4. 5. 6. 7. 8. 9.],[1. 1. 1. 1. 1. 1. 1. 1. 1. 1.],0.0,0.0
523,102644233,102612485,0,11519668,residential,Monticello Avenue,0,False,99.42799221626605,,,,,,no,,"LINESTRING (-76.50134679999999 38.9744394, -76.5015707 38.974827, -76.5016696 38.9750403, -76.5017627 38.9752718)",0.0,0.0,1.0,0.0,[0. 1. 2. 3. 4. 5. 6. 7. 8. 9.],[1. 1. 1. 1. 1. 1. 1. 1. 1. 1.],0.0,0.0
524,102644233,102625022,0,11519668,residential,Monticello Avenue,0,True,193.34919287601173,,,,,,no,,"LINESTRING (-76.50134679999999 38.9744394, -76.50088599999999 38.9736415, -76.50041779999999 38.9728577)",0.0,0.0,1.0,0.0,[0. 1. 2. 3. 4. 5. 6. 7. 8. 9.],[1. 1. 1. 1. 1. 1. 1. 1. 1. 1.],0.0,0.0
525,4166433371,4166433371,0,415630020,residential,Lafayette Avenue,0,False,76.24118397131323,,,,,,no,,"LINESTRING (-76.4976805 38.9781829, -76.4977298 38.9783153, -76.4979821 38.9782575, -76.4979352 38.9781253, -76.4976805 38.9781829)",0.0,0.0,1.0,0.0,[0. 1. 2. 3. 4. 5. 6. 7. 8. 9.],[1. 1. 1. 1. 1. 1. 1. 1. 1. 1.],0.0,0.0
526,4166433371,4166433371,1,415630020,residential,Lafayette Avenue,0,True,76.24118397131323,,,,,,no,,"LINESTRING (-76.4976805 38.9781829, -76.4979352 38.9781253, -76.4979821 38.9782575, -76.4977298 38.9783153, -76.4976805 38.9781829)",0.0,0.0,1.0,0.0,[0. 1. 2. 3. 4. 5. 6. 7. 8. 9.],[1. 1. 1. 1. 1. 1. 1. 1. 1. 1.],0.0,0.0
527,4166433371,7308541583,0,415630020,residential,Lafayette Avenue,0,True,28.399877588611638,,,,,,no,,"LINESTRING (-76.4976805 38.9781829, -76.49760089999999 38.9779742, -76.4975927 38.9779593, -76.4975802 38.9779401)",0.0,0.0,1.0,0.0,[0. 1. 2. 3. 4. 5. 6. 7. 8. 9.],[1. 1. 1. 1. 1. 1. 1. 1. 1. 1.],0.0,0.0
528,5566053184,10031944162,0,11515712,secondary,Bladen Street,1,False,109.46891231727784,2,,MD 70,,,no,,"LINESTRING (-76.4930908 38.9802365, -76.4932833 38.9803566, -76.4940596 38.9808482, -76.4940738 38.9808572)",0.0,0.0,1.0,0.0,[0. 1. 2. 3. 4. 5. 6. 7. 8. 9.],[1. 1. 1. 1. 1. 1. 1. 1. 1. 1.],0.0,0.0
529,102579127,4835974727,0,11506074,residential,Decatur Avenue,0,False,48.46954872433644,,,,,,no,,"LINESTRING (-76.4890358 38.9844068, -76.48861909999999 38.9841151)",12.019291784959536,0.7182506206,0.2817493794,0.7182506206,[0. 1. 2. 3. 4. 5. 6. 7. 8. 9.],"[0.28174938 0.28174938 0.28174959 0.64087469 0.99999979 1.
 1.         1.         1.         1.        ]",2.1547518618000003,1.349555787294512
530,102579127,4835974741,0,11507960,residential,Dorsey Road,0,True,86.59589207490235,,,,,,no,,"LINESTRING (-76.4890358 38.9844068, -76.48981430000001 38.984897)",12.679606821733218,0.7248555918,0.27514440819999997,0.7248555918,[0. 1. 2. 3. 4. 5. 6. 7. 8. 9.],"[0.27514441 0.27514441 0.27514462 0.6375722  0.99999979 1.
 1.         1.         1.         1.        ]",2.1745667754,1.339761358097189
531,102579127,4835974799,0,436237643,residential,Sims Road,0,False,4.316110910003302,,,,,,no,,"LINESTRING (-76.4890358 38.9844068, -76.4890029 38.984436)",12.019291784959536,0.7182506206,0.2817493794,0.7182506206,[0. 1. 2. 3. 4. 5. 6. 7. 8. 9.],"[0.28174938 0.28174938 0.28174959 0.64087469 0.99999979 1.
 1.         1.         1.         1.        ]",2.1547518618000003,1.349555787294512
532,9630596038,9630649056,0,1303089560,residential,Franklin Street,0,False,21.662921952629112,,,,,,no,,"LINESTRING (-76.4941711 38.977273, -76.4940033 38.9774177)",0.0,0.0,1.0,0.0,[0. 1. 2. 3. 4. 5. 6. 7. 8. 9.],[1. 1. 1. 1. 1. 1. 1. 1. 1. 1.],0.0,0.0
533,9630596038,102607664,0,1303089560,residential,Franklin Street,0,True,5.941275390440417,,,,,,no,,"LINESTRING (-76.4941711 38.977273, -76.4942171 38.9772333)",0.0,0.0,1.0,0.0,[0. 1. 2. 3. 4. 5. 6. 7. 8. 9.],[1. 1. 1. 1. 1. 1. 1. 1. 1. 1.],0.0,0.0
534,5184535511,5184736602,0,534660291,residential,Porter Road,0,False,8.837068007178566,,,,,,no,,"LINESTRING (-76.4858693 38.9804548, -76.48579100000001 38.9804037)",0.0,0.0,1.0,0.0,[0. 1. 2. 3. 4. 5. 6. 7. 8. 9.],[1. 1. 1. 1. 1. 1. 1. 1. 1. 1.],0.0,0.0
535,5184535511,102580425,0,534660291,residential,Porter Road,0,True,6.993499273822451,,,,,,no,,"LINESTRING (-76.4858693 38.9804548, -76.4859312 38.9804953)",0.0,0.0,1.0,0.0,[0. 1. 2. 3. 4. 5. 6. 7. 8. 9.],[1. 1. 1. 1. 1. 1. 1. 1. 1. 1.],0.0,0.0
536,3623992290,7018809956,0,750670157,residential,,0,True,34.40094356857446,,,,,,no,,"LINESTRING (-76.4969 38.9900942, -76.4967272 38.9903729)",0.0,0.0,1.0,0.0,[0. 1. 2. 3. 4. 5. 6. 7. 8. 9.],[1. 1. 1. 1. 1. 1. 1. 1. 1. 1.],0.0,0.0
537,3623992290,3814033864,0,11508370,residential,Perry Circle,1,False,68.7008864513746,,,,,,no,,"LINESTRING (-76.4969 38.9900942, -76.4969662 38.9901084, -76.49704800000001 38.9901129, -76.4971974 38.9900655, -76.4973208 38.9899822, -76.49739270000001 38.989902, -76.4974431 38.9897919, -76.4974484 38.9897585)",0.0,0.0,1.0,0.0,[0. 1. 2. 3. 4. 5. 6. 7. 8. 9.],[1. 1. 1. 1. 1. 1. 1. 1. 1. 1.],0.0,0.0
538,7031700541,8411894011,0,11507733,tertiary,Ridgely Avenue,0,False,26.814650610388174,,,MD 436,,,no,,"LINESTRING (-76.5021349 38.9885871, -76.50236200000001 38.9887514)",0.0,0.0,1.0,0.0,[0. 1. 2. 3. 4. 5. 6. 7. 8. 9.],[1. 1. 1. 1. 1. 1. 1. 1. 1. 1.],0.0,0.0
539,7031700541,102587075,0,11507733,tertiary,Ridgely Avenue,0,True,62.27141227549355,,,MD 436,,,no,,"LINESTRING (-76.5021349 38.9885871, -76.5015867 38.9882237)",0.0,0.0,1.0,0.0,[0. 1. 2. 3. 4. 5. 6. 7. 8. 9.],[1. 1. 1. 1. 1. 1. 1. 1. 1. 1.],0.0,0.0
540,7308491863,102607811,0,11513535,residential,Lafayette Avenue,0,True,8.566754709851596,,,,,,no,,"LINESTRING (-76.4974984 38.9778089, -76.49754299999999 38.9778777)",0.0,0.0,1.0,0.0,[0. 1. 2. 3. 4. 5. 6. 7. 8. 9.],[1. 1. 1. 1. 1. 1. 1. 1. 1. 1.],0.0,0.0
541,7308491863,102622188,0,11513535,residential,Lafayette Avenue,0,False,39.12603734595042,,,,,,no,,"LINESTRING (-76.4974984 38.9778089, -76.4974874 38.9777967, -76.4974811 38.9777819, -76.49747840000001 38.9777457, -76.49746399999999 38.9774608)",0.0,0.0,1.0,0.0,[0. 1. 2. 3. 4. 5. 6. 7. 8. 9.],[1. 1. 1. 1. 1. 1. 1. 1. 1. 1.],0.0,0.0
542,5794741402,1036710049,0,377864877,residential,Turner Joy Road,1,False,21.722631712705244,,,,private,,no,,"LINESTRING (-76.48058229999999 38.9777728, -76.4808283 38.9777329)",13.648032911586453,0.7338186844,0.2661813156,0.7338186844,[0. 1. 2. 3. 4. 5. 6. 7. 8. 9.],"[0.26618132 0.26618132 0.26618153 0.63309066 0.99999979 1.
 1.         1.         1.         1.        ]",2.2014560532000003,1.3258809323729623
543,102612208,102583826,0,11517931,residential,Clay Street,0,True,38.17845021589554,,,,,,no,,"LINESTRING (-76.4990535 38.9797409, -76.4986135 38.979711)",0.0,0.0,1.0,0.0,[0. 1. 2. 3. 4. 5. 6. 7. 8. 9.],[1. 1. 1. 1. 1. 1. 1. 1. 1. 1.],0.0,0.0
544,102612208,102612213,0,824433730,residential,Bates Street,1,False,82.94572822116662,,,,,,no,,"LINESTRING (-76.4990535 38.9797409, -76.4989842 38.9804849)",0.0,0.0,1.0,0.0,[0. 1. 2. 3. 4. 5. 6. 7. 8. 9.],[1. 1. 1. 1. 1. 1. 1. 1. 1. 1.],0.0,0.0
545,102612208,102646387,0,824433731,residential,Clay Street,0,False,98.63012480813161,,15 mph,,,,no,,"LINESTRING (-76.4990535 38.9797409, -76.5001913 38.9798076)",0.0,0.0,1.0,0.0,[0. 1. 2. 3. 4. 5. 6. 7. 8. 9.],[1. 1. 1. 1. 1. 1. 1. 1. 1. 1.],0.0,0.0
546,102612213,9688748636,0,1054285947,residential,Bates Street,0,False,7.079281337909936,,,,,,no,,"LINESTRING (-76.4989842 38.9804849, -76.4989783 38.9805484)",0.0,0.0,1.0,0.0,[0. 1. 2. 3. 4. 5. 6. 7. 8. 9.],[1. 1. 1. 1. 1. 1. 1. 1. 1. 1.],0.0,0.0
547,102612213,102646387,0,11519903,residential,Bertina A Nick Way,1,False,144.29072765329892,,,,,,no,,"LINESTRING (-76.4989842 38.9804849, -76.4991066 38.9804358, -76.49937730000001 38.9803501, -76.4997943 38.9802756, -76.49998600000001 38.9802271, -76.500107 38.980148, -76.500174 38.9800215, -76.5001822 38.9799123, -76.5001913 38.9798076)",0.0,0.0,1.0,0.0,[0. 1. 2. 3. 4. 5. 6. 7. 8. 9.],[1. 1. 1. 1. 1. 1. 1. 1. 1. 1.],0.0,0.0
548,102645097,7038354368,0,11517635,residential,Herbert Sachs Boulevard,0,False,268.6885815529912,,,,,,no,,"LINESTRING (-76.5044795 38.9854027, -76.50440399999999 38.9853592, -76.5041568 38.9852168, -76.5041215 38.9851949, -76.5035587 38.9848479, -76.5034079 38.9847525, -76.50334700000001 38.9847147, -76.5032073 38.984644, -76.5031132 38.9846129, -76.5029918 38.9845999, -76.5029006 38.9846004, -76.5027173 38.9846118, -76.50172449999999 38.9847306)",0.0,0.0,1.0,0.0,[0. 1. 2. 3. 4. 5. 6. 7. 8. 9.],[1. 1. 1. 1. 1. 1. 1. 1. 1. 1.],0.0,0.0
549,102645118,639282830,0,11517635,residential,Herbert Sachs Boulevard,0,False,15.870125704411171,,,,,,no,,"LINESTRING (-76.50040079999999 38.9854497, -76.50028570000001 38.9855609)",0.0,0.0,1.0,0.0,[0. 1. 2. 3. 4. 5. 6. 7. 8. 9.],[1. 1. 1. 1. 1. 1. 1. 1. 1. 1.],0.0,0.0
550,102645118,7038356100,0,11517635,residential,Herbert Sachs Boulevard,0,True,69.0173858431942,,,,,,no,,"LINESTRING (-76.50040079999999 38.9854497, -76.50092220000001 38.9849796)",0.0,0.0,1.0,0.0,[0. 1. 2. 3. 4. 5. 6. 7. 8. 9.],[1. 1. 1. 1. 1. 1. 1. 1. 1. 1.],0.0,0.0
551,102645118,639282806,0,"[61694457, 192889419, 50319908, 50320183]",primary,Roscoe Rowe Boulevard,1,False,565.6772855069939,2,,MD 70,,,yes,,"LINESTRING (-76.50040079999999 38.9854497, -76.5002494 38.9853532, -76.49994510000001 38.9851664, -76.4988687 38.9844597, -76.49850290000001 38.9841993, -76.4982385 38.983974, -76.49735870000001 38.9832318, -76.49664009999999 38.9826355, -76.4959695 38.9820821, -76.4958463 38.9819822, -76.4957409 38.9818905)",3.0575750544807843,0.5295209399,0.47047906009999996,0.5295209399,[0. 1. 2. 3. 4. 5. 6. 7. 8. 9.],"[0.47047906 0.47047906 0.47047921 0.73523953 0.99999985 1.
 1.         1.         1.         1.        ]",1.5885628197000001,1.4973834626169829
552,102579624,102584611,0,11518511,residential,Wainwright Road,0,False,38.982861643454655,,,,,,no,,"LINESTRING (-76.4954398 38.9890307, -76.4956823 38.9887351)",0.0,0.0,1.0,0.0,[0. 1. 2. 3. 4. 5. 6. 7. 8. 9.],[1. 1. 1. 1. 1. 1. 1. 1. 1. 1.],0.0,0.0
553,102579624,102579629,0,11506177,residential,Power Road,0,False,79.94983458253077,,,,,,no,,"LINESTRING (-76.4954398 38.9890307, -76.495283 38.988911, -76.49474669999999 38.988555)",0.0,0.0,1.0,0.0,[0. 1. 2. 3. 4. 5. 6. 7. 8. 9.],[1. 1. 1. 1. 1. 1. 1. 1. 1. 1.],0.0,0.0
554,102579624,10759362323,0,11508662,residential,Halligan Road,0,False,46.812906130169004,,,,,,no,,"LINESTRING (-76.4954398 38.9890307, -76.49519909999999 38.9892086, -76.4949953 38.9892463)",0.0,0.0,1.0,0.0,[0. 1. 2. 3. 4. 5. 6. 7. 8. 9.],[1. 1. 1. 1. 1. 1. 1. 1. 1. 1.],0.0,0.0
555,102579629,102605356,0,11510956,residential,Powers Road,0,False,27.853728385458336,,,,,,no,,"LINESTRING (-76.49474669999999 38.988555, -76.494483 38.988411)",0.0,0.0,1.0,0.0,[0. 1. 2. 3. 4. 5. 6. 7. 8. 9.],[1. 1. 1. 1. 1. 1. 1. 1. 1. 1.],0.0,0.0
556,102579629,102584613,0,11514577,residential,Bailey Road,1,False,36.3799785279109,,,,,,no,,"LINESTRING (-76.49474669999999 38.988555, -76.4950128 38.9883015)",0.0,0.0,1.0,0.0,[0. 1. 2. 3. 4. 5. 6. 7. 8. 9.],[1. 1. 1. 1. 1. 1. 1. 1. 1. 1.],0.0,0.0
557,102579629,102584641,0,824429761,residential,Bailey Road,0,False,49.66901243479993,,,,,,no,,"LINESTRING (-76.49474669999999 38.988555, -76.4943911 38.9889059)",0.0,0.0,1.0,0.0,[0. 1. 2. 3. 4. 5. 6. 7. 8. 9.],[1. 1. 1. 1. 1. 1. 1. 1. 1. 1.],0.0,0.0
558,102579629,102579624,0,11506177,residential,Power Road,0,True,79.94983458253077,,,,,,no,,"LINESTRING (-76.49474669999999 38.988555, -76.495283 38.988911, -76.4954398 38.9890307)",0.0,0.0,1.0,0.0,[0. 1. 2. 3. 4. 5. 6. 7. 8. 9.],[1. 1. 1. 1. 1. 1. 1. 1. 1. 1.],0.0,0.0
559,102612485,8741681214,0,11511985,residential,Brooke Avenue,0,False,97.39694065629777,,,,,,no,,"LINESTRING (-76.5017627 38.9752718, -76.5028071 38.9749432)",0.0,0.0,1.0,0.0,[0. 1. 2. 3. 4. 5. 6. 7. 8. 9.],[1. 1. 1. 1. 1. 1. 1. 1. 1. 1.],0.0,0.0
560,102612485,7111865720,0,11519668,residential,Monticello Avenue,0,False,88.09627140246936,,,,,,no,,"LINESTRING (-76.5017627 38.9752718, -76.5020736 38.9760263)",0.0,0.0,1.0,0.0,[0. 1. 2. 3. 4. 5. 6. 7. 8. 9.],[1. 1. 1. 1. 1. 1. 1. 1. 1. 1.],0.0,0.0
561,102612485,102644233,0,11519668,residential,Monticello Avenue,0,True,99.42799221626605,,,,,,no,,"LINESTRING (-76.5017627 38.9752718, -76.5016696 38.9750403, -76.5015707 38.974827, -76.50134679999999 38.9744394)",0.0,0.0,1.0,0.0,[0. 1. 2. 3. 4. 5. 6. 7. 8. 9.],[1. 1. 1. 1. 1. 1. 1. 1. 1. 1.],0.0,0.0
562,102612488,102619685,0,11513124,residential,Amos Garrett Boulevard,0,True,23.761897555773725,,,,,,no,,"LINESTRING (-76.5031125 38.9749129, -76.50305400000001 38.9747041)",0.0,0.0,1.0,0.0,[0. 1. 2. 3. 4. 5. 6. 7. 8. 9.],[1. 1. 1. 1. 1. 1. 1. 1. 1. 1.],0.0,0.0
563,102612488,2970527134,0,"[1191539892, 11513124]","['residential', 'primary']","['West Street', 'Amos Garrett Boulevard']",0,"[False, True]",240.47995992665494,2,25 mph,MD 450,,,no,,"LINESTRING (-76.5031125 38.9749129, -76.5032587 38.9754354, -76.50327540000001 38.9754949, -76.5032887 38.9755426, -76.50350520000001 38.9763157, -76.5033026 38.9763561, -76.5029485 38.9764312, -76.5026069 38.9765171)",0.0,0.0,1.0,0.0,[0. 1. 2. 3. 4. 5. 6. 7. 8. 9.],[1. 1. 1. 1. 1. 1. 1. 1. 1. 1.],0.0,0.0
564,12112019618,8028930829,0,294005889,residential,Prince George Street,1,False,52.37534800402886,,,,,,no,,"LINESTRING (-76.4854225 38.9777742, -76.4858912 38.9780727)",1.867157538920404,0.4572460384,0.5427539616,0.4572460384,[0. 1. 2. 3. 4. 5. 6. 7. 8. 9.],"[0.54275396 0.54275396 0.54275409 0.77137698 0.99999987 1.
 1.         1.         1.         1.        ]",1.3717381152000003,1.4945064112236972
565,12112019619,102632847,0,11516455,residential,Prince George Street,0,False,6.274017044756103,,,,,,no,,"LINESTRING (-76.4853166 38.9777067, -76.4853727 38.9777425)",1.8550552926359192,0.4562972876,0.5437027124,0.4562972876,[0. 1. 2. 3. 4. 5. 6. 7. 8. 9.],"[0.54370271 0.54370271 0.54370284 0.77185136 0.99999987 1.
 1.         1.         1.         1.        ]",1.3688918628,1.4942594083870728
566,12112019619,102638943,0,11516455,residential,Prince George Street,0,True,97.03812613560575,,,,,,no,,"LINESTRING (-76.4853166 38.9777067, -76.48444859999999 38.9771533)",13.178284116553952,0.7295718095,0.2704281905,0.7295718095,[0. 1. 2. 3. 4. 5. 6. 7. 8. 9.],"[0.27042819 0.27042819 0.2704284  0.6352141  0.99999979 1.
 1.         1.         1.         1.        ]",2.1887154284999997,1.3325433933188389
567,12112019632,102638947,0,294265633,tertiary,Randall Street,0,True,5.676473945615187,,,,,,no,,"LINESTRING (-76.4864585 38.9783679, -76.48641689999999 38.9784074)",0.397176762610437,0.2492744313,0.7507255687000001,0.2492744313,[0. 1. 2. 3. 4. 5. 6. 7. 8. 9.],"[0.75072557 0.75072557 0.75072564 0.87536278 0.99999993 1.
 1.         1.         1.         1.        ]",0.7478232938999998,1.2977790600176073
568,12112019632,2358654348,0,294265633,tertiary,Randall Street,0,False,44.39517063043702,,,,,,no,,"LINESTRING (-76.4864585 38.9783679, -76.4867622 38.9780796, -76.4867842 38.9780592)",1.3717315397558227,0.4126211793,0.5873788207,0.4126211793,[0. 1. 2. 3. 4. 5. 6. 7. 8. 9.],"[0.58737882 0.58737882 0.58737894 0.79368941 0.99999988 1.
 1.         1.         1.         1.        ]",1.2378635378999998,1.4769173803404623
569,12112019636,102638947,0,294005889,residential,Prince George Street,1,False,5.229309989529126,,,,,,no,,"LINESTRING (-76.4863701 38.9783776, -76.48641689999999 38.9784074)",0.4774882993993774,0.2712533532,0.7287466468,0.2712533532,[0. 1. 2. 3. 4. 5. 6. 7. 8. 9.],"[0.72874665 0.72874665 0.72874672 0.86437332 0.99999992 1.
 1.         1.         1.         1.        ]",0.8137600596000001,1.333819723658563
570,12112019682,102584926,0,11518798,residential,Pinkney Street,0,False,153.32731824382654,1,,,,,no,,"LINESTRING (-76.48714029999999 38.9783083, -76.4871555 38.9783625, -76.487189 38.9783999, -76.48721500000001 38.9784203, -76.4872323 38.9784339, -76.48727479999999 38.9784612, -76.48735499999999 38.9785027, -76.48864709999999 38.9789804)",1.5165038309392944,0.4270472325,0.5729527675,0.4270472325,[0. 1. 2. 3. 4. 5. 6. 7. 8. 9.],"[0.57295277 0.57295277 0.57295289 0.78647638 0.99999988 1.
 1.         1.         1.         1.        ]",1.2811416975,1.4839479549774852
571,12112019682,102608839,0,11518798,residential,Pinkney Street,0,True,8.912274973382306,1,,,,,no,,"LINESTRING (-76.48714029999999 38.9783083, -76.48713789999999 38.9782734, -76.487138 38.9782282)",1.5165038309392944,0.4270472325,0.5729527675,0.4270472325,[0. 1. 2. 3. 4. 5. 6. 7. 8. 9.],"[0.57295277 0.57295277 0.57295289 0.78647638 0.99999988 1.
 1.         1.         1.         1.        ]",1.2811416975,1.4839479549774852
572,102613280,102619678,0,11513124,residential,Amos Garrett Boulevard,0,False,97.79538746810722,,,,,,no,,"LINESTRING (-76.50154310000001 38.9715559, -76.5019491 38.9723768)",0.0,0.0,1.0,0.0,[0. 1. 2. 3. 4. 5. 6. 7. 8. 9.],[1. 1. 1. 1. 1. 1. 1. 1. 1. 1.],0.0,0.0
573,102613280,102562800,0,11517586,residential,Grainfield Road,0,True,62.93401008271534,,,,,,no,,"LINESTRING (-76.50154310000001 38.9715559, -76.5008792 38.9717881)",0.0,0.0,1.0,0.0,[0. 1. 2. 3. 4. 5. 6. 7. 8. 9.],[1. 1. 1. 1. 1. 1. 1. 1. 1. 1.],0.0,0.0
574,102646119,12112044769,0,11517861,residential,King Charles Place,0,True,56.32573573575891,,,,,,no,,"LINESTRING (-76.4924244 38.9771131, -76.49191329999999 38.9767989)",0.0,0.0,1.0,0.0,[0. 1. 2. 3. 4. 5. 6. 7. 8. 9.],[1. 1. 1. 1. 1. 1. 1. 1. 1. 1.],0.0,0.0
575,876659098,12112044802,0,1075128734,secondary,Duke of Gloucester Street,1,False,18.953369241218418,2,25 mph,,,,no,,"LINESTRING (-76.4898547 38.9765715, -76.4896856 38.976463)",0.0,0.0,1.0,0.0,[0. 1. 2. 3. 4. 5. 6. 7. 8. 9.],[1. 1. 1. 1. 1. 1. 1. 1. 1. 1.],0.0,0.0
576,102580651,102584598,0,11516817,residential,Cathedral Street,0,False,80.23720509301027,,,,,,no,,"LINESTRING (-76.4925351 38.9761283, -76.4932439 38.9765942)",0.0,0.0,1.0,0.0,[0. 1. 2. 3. 4. 5. 6. 7. 8. 9.],[1. 1. 1. 1. 1. 1. 1. 1. 1. 1.],0.0,0.0
577,102580651,102585565,0,11516817,residential,Cathedral Street,0,True,87.97005974881353,,,,,,no,,"LINESTRING (-76.4925351 38.9761283, -76.4917753 38.975602)",0.0,0.0,1.0,0.0,[0. 1. 2. 3. 4. 5. 6. 7. 8. 9.],[1. 1. 1. 1. 1. 1. 1. 1. 1. 1.],0.0,0.0
578,102580651,102580652,0,402077768,residential,Charles Street,1,False,91.84758432629415,,,,,,no,,"LINESTRING (-76.4925351 38.9761283, -76.49185900000001 38.9767655)",0.0,0.0,1.0,0.0,[0. 1. 2. 3. 4. 5. 6. 7. 8. 9.],[1. 1. 1. 1. 1. 1. 1. 1. 1. 1.],0.0,0.0
579,102580652,12112044769,0,11517861,residential,King Charles Place,0,False,5.98544282684463,,,,,,no,,"LINESTRING (-76.49185900000001 38.9767655, -76.49191329999999 38.9767989)",0.0,0.0,1.0,0.0,[0. 1. 2. 3. 4. 5. 6. 7. 8. 9.],[1. 1. 1. 1. 1. 1. 1. 1. 1. 1.],0.0,0.0
580,102580652,12112044772,0,367910130,residential,Charles Street,1,False,86.66935284239753,,,,,,no,,"LINESTRING (-76.49185900000001 38.9767655, -76.49122560000001 38.9773697)",0.0,0.0,1.0,0.0,[0. 1. 2. 3. 4. 5. 6. 7. 8. 9.],[1. 1. 1. 1. 1. 1. 1. 1. 1. 1.],0.0,0.0
581,102646385,1303929769,0,11517931,residential,Clay Street,0,False,61.7037791260325,,,,,,no,,"LINESTRING (-76.4966974 38.9796373, -76.4974105 38.9796625)",0.0,0.0,1.0,0.0,[0. 1. 2. 3. 4. 5. 6. 7. 8. 9.],[1. 1. 1. 1. 1. 1. 1. 1. 1. 1.],0.0,0.0
582,102646385,102569248,0,11519485,residential,West Washington Street,0,False,71.86774579021882,,,,,,no,,"LINESTRING (-76.4966974 38.9796373, -76.4966555 38.9802828)",0.0,0.0,1.0,0.0,[0. 1. 2. 3. 4. 5. 6. 7. 8. 9.],[1. 1. 1. 1. 1. 1. 1. 1. 1. 1.],0.0,0.0
583,102646385,102622512,0,11519485,residential,West Washington Street,0,True,27.35909956538389,,,,,,no,,"LINESTRING (-76.4966974 38.9796373, -76.49670829999999 38.9793914)",0.0,0.0,1.0,0.0,[0. 1. 2. 3. 4. 5. 6. 7. 8. 9.],[1. 1. 1. 1. 1. 1. 1. 1. 1. 1.],0.0,0.0
584,102646385,102589409,0,11517931,residential,Clay Street,0,True,112.73046207974318,,,,,,no,,"LINESTRING (-76.4966974 38.9796373, -76.4956222 38.9795586, -76.4954 38.9795354)",0.0,0.0,1.0,0.0,[0. 1. 2. 3. 4. 5. 6. 7. 8. 9.],[1. 1. 1. 1. 1. 1. 1. 1. 1. 1.],0.0,0.0
585,102646387,1303929704,0,361403594,residential,Bertina A Nick Way,0,False,64.06883240379734,,,,,,no,,"LINESTRING (-76.5001913 38.9798076, -76.5002346 38.9792324)",0.0,0.0,1.0,0.0,[0. 1. 2. 3. 4. 5. 6. 7. 8. 9.],[1. 1. 1. 1. 1. 1. 1. 1. 1. 1.],0.0,0.0
586,102646387,102620905,0,824433731,residential,Clay Street,0,False,73.89274368454979,,15 mph,,,,no,,"LINESTRING (-76.5001913 38.9798076, -76.50104399999999 38.9798547)",0.0,0.0,1.0,0.0,[0. 1. 2. 3. 4. 5. 6. 7. 8. 9.],[1. 1. 1. 1. 1. 1. 1. 1. 1. 1.],0.0,0.0
587,102646387,102612208,0,824433731,residential,Clay Street,0,True,98.63012480813161,,15 mph,,,,no,,"LINESTRING (-76.5001913 38.9798076, -76.4990535 38.9797409)",0.0,0.0,1.0,0.0,[0. 1. 2. 3. 4. 5. 6. 7. 8. 9.],[1. 1. 1. 1. 1. 1. 1. 1. 1. 1.],0.0,0.0
588,102613620,7308541762,0,509105507,secondary,Church Circle,1,False,27.973555507690072,,,MD 450,,roundabout,no,,"LINESTRING (-76.4931934 38.9786541, -76.4932678 38.9785849, -76.4933056 38.9785174, -76.4933171 38.9784801, -76.4933219 38.9784469, -76.4933242 38.978431)",0.0,0.0,1.0,0.0,[0. 1. 2. 3. 4. 5. 6. 7. 8. 9.],[1. 1. 1. 1. 1. 1. 1. 1. 1. 1.],0.0,0.0
589,102613623,102569248,0,11519485,residential,West Washington Street,0,True,59.87581311662167,,,,,,no,,"LINESTRING (-76.4966264 38.9808208, -76.4966555 38.9802828)",0.0,0.0,1.0,0.0,[0. 1. 2. 3. 4. 5. 6. 7. 8. 9.],[1. 1. 1. 1. 1. 1. 1. 1. 1. 1.],0.0,0.0
590,102613623,1304096088,0,49826103,residential,Northwest Street,1,False,139.52026401629078,,,,,,no,,"LINESTRING (-76.4966264 38.9808208, -76.49534749999999 38.9800553)",0.0,0.0,1.0,0.0,[0. 1. 2. 3. 4. 5. 6. 7. 8. 9.],[1. 1. 1. 1. 1. 1. 1. 1. 1. 1.],0.0,0.0
591,6496830086,102589405,0,11508279,residential,Calvert Street,0,False,7.076797194790344,,,,,,no,,"LINESTRING (-76.4941025 38.9809574, -76.49415380000001 38.9809078)",0.0,0.0,1.0,0.0,[0. 1. 2. 3. 4. 5. 6. 7. 8. 9.],[1. 1. 1. 1. 1. 1. 1. 1. 1. 1.],0.0,0.0
592,6496830086,8027993921,0,11508279,residential,Calvert Street,0,True,26.24400810053348,,,,,,no,,"LINESTRING (-76.4941025 38.9809574, -76.49407859999999 38.9809805, -76.49397949999999 38.9810762, -76.4939114 38.9811408)",0.0,0.0,1.0,0.0,[0. 1. 2. 3. 4. 5. 6. 7. 8. 9.],[1. 1. 1. 1. 1. 1. 1. 1. 1. 1.],0.0,0.0
593,6496830115,3583517820,0,352595209,residential,Ridgely Avenue,0,True,5.526323866675679,,,,,,no,,"LINESTRING (-76.5010456 38.9868099, -76.5010357 38.9867608)",0.0,0.0,1.0,0.0,[0. 1. 2. 3. 4. 5. 6. 7. 8. 9.],[1. 1. 1. 1. 1. 1. 1. 1. 1. 1.],0.0,0.0
594,6496830115,6495077016,0,352595209,residential,Ridgely Avenue,0,False,60.53852762635096,,,,,,no,,"LINESTRING (-76.5010456 38.9868099, -76.50107970000001 38.986978, -76.501193 38.9873131, -76.5011957 38.9873408)",0.0,0.0,1.0,0.0,[0. 1. 2. 3. 4. 5. 6. 7. 8. 9.],[1. 1. 1. 1. 1. 1. 1. 1. 1. 1.],0.0,0.0
595,8028930829,12112019636,0,294005889,residential,Prince George Street,1,False,53.50825273406129,,,,,,no,,"LINESTRING (-76.4858912 38.9780727, -76.4863701 38.9783776)",1.1008706293401733,0.3814286388,0.6185713612,0.3814286388,[0. 1. 2. 3. 4. 5. 6. 7. 8. 9.],"[0.61857136 0.61857136 0.61857147 0.80928568 0.99999989 1.
 1.         1.         1.         1.        ]",1.1442859164,1.4572123826255003
596,7308526358,102607809,0,49826105,primary,West Street,0,False,5.75018611240801,2,25 mph,MD 450,,,no,,"LINESTRING (-76.49653360000001 38.9781112, -76.4965973 38.9780963)",0.0,0.0,1.0,0.0,[0. 1. 2. 3. 4. 5. 6. 7. 8. 9.],[1. 1. 1. 1. 1. 1. 1. 1. 1. 1.],0.0,0.0
597,7308526358,102572721,0,49826105,primary,West Street,0,True,21.172260231102943,2,25 mph,MD 450,,,no,,"LINESTRING (-76.49653360000001 38.9781112, -76.49629969999999 38.9781677)",0.0,0.0,1.0,0.0,[0. 1. 2. 3. 4. 5. 6. 7. 8. 9.],[1. 1. 1. 1. 1. 1. 1. 1. 1. 1.],0.0,0.0
598,102646581,102638412,0,11520008,residential,Glenwood Street,0,True,283.15927100626357,,,,,,no,,"LINESTRING (-76.50588860000001 38.9814637, -76.5058319 38.9814547, -76.505402 38.9813863, -76.50510060000001 38.9813384, -76.5043924 38.9812257, -76.50420800000001 38.9811964, -76.50400860000001 38.9811647, -76.5038641 38.9811417, -76.50354590000001 38.9810911, -76.5026792 38.9809533)",0.0,0.0,1.0,0.0,[0. 1. 2. 3. 4. 5. 6. 7. 8. 9.],[1. 1. 1. 1. 1. 1. 1. 1. 1. 1.],0.0,0.0
599,102646589,639282744,0,49826107,primary,Taylor Avenue,0,False,13.606020236806678,2,,MD 435,,,no,,"LINESTRING (-76.5029375 38.987014, -76.5028343 38.9871064)",0.0,0.0,1.0,0.0,[0. 1. 2. 3. 4. 5. 6. 7. 8. 9.],[1. 1. 1. 1. 1. 1. 1. 1. 1. 1.],0.0,0.0
600,102646589,7229545534,0,11517975,primary,Taylor Avenue,0,False,75.76727168805331,4,,MD 435,,,no,,"LINESTRING (-76.5029375 38.987014, -76.50305059999999 38.9869127, -76.50307189999999 38.9868936, -76.50351209999999 38.9864994)",0.0,0.0,1.0,0.0,[0. 1. 2. 3. 4. 5. 6. 7. 8. 9.],[1. 1. 1. 1. 1. 1. 1. 1. 1. 1.],0.0,0.0
601,102646589,6495077044,0,192889419,primary,Roscoe Rowe Boulevard,1,False,271.3695142647635,2,,MD 70,,,no,,"LINESTRING (-76.5029375 38.987014, -76.50277490000001 38.9869175, -76.5004778 38.9854973)",0.0,0.0,1.0,0.0,[0. 1. 2. 3. 4. 5. 6. 7. 8. 9.],[1. 1. 1. 1. 1. 1. 1. 1. 1. 1.],0.0,0.0
602,102613891,11907983981,0,11518241,residential,Shiley Street,0,True,39.97709110374532,,,,,,no,,"LINESTRING (-76.50153709999999 38.9938582, -76.5011988 38.993613)",0.0,0.0,1.0,0.0,[0. 1. 2. 3. 4. 5. 6. 7. 8. 9.],[1. 1. 1. 1. 1. 1. 1. 1. 1. 1.],0.0,0.0
603,102613891,11907983977,0,541147435,residential,Monterey Avenue,0,False,65.72826660901546,,,,,,no,,"LINESTRING (-76.50153709999999 38.9938582, -76.50204909999999 38.9934211)",0.0,0.0,1.0,0.0,[0. 1. 2. 3. 4. 5. 6. 7. 8. 9.],[1. 1. 1. 1. 1. 1. 1. 1. 1. 1.],0.0,0.0
604,102613891,102610260,0,541147435,residential,Monterey Avenue,0,True,98.59275568062574,,,,,,no,,"LINESTRING (-76.50153709999999 38.9938582, -76.5007693 38.994514)",0.6849961037013799,0.3169414403,0.6830585597000001,0.3169414403,[0. 1. 2. 3. 4. 5. 6. 7. 8. 9.],"[0.68305856 0.68305856 0.68305865 0.84152928 0.99999991 1.
 1.         1.         1.         1.        ]",0.9508243208999998,1.3958533006344547
605,102613900,3093471570,0,541147435,residential,Monterey Avenue,0,True,48.03629199437285,,,,,,no,,"LINESTRING (-76.5033433 38.9923118, -76.50297190000001 38.9926332)",0.0,0.0,1.0,0.0,[0. 1. 2. 3. 4. 5. 6. 7. 8. 9.],[1. 1. 1. 1. 1. 1. 1. 1. 1. 1.],0.0,0.0
606,102613900,3093471573,0,711701688,residential,Tucker Street,1,False,29.2288902357702,,,,,,no,,"LINESTRING (-76.5033433 38.9923118, -76.5030898 38.9921378)",0.0,0.0,1.0,0.0,[0. 1. 2. 3. 4. 5. 6. 7. 8. 9.],[1. 1. 1. 1. 1. 1. 1. 1. 1. 1.],0.0,0.0
607,12112020491,12112020492,0,1307896548,residential,Green Street,1,False,10.964464934752757,,,,,,no,,"LINESTRING (-76.4877632 38.97729, -76.4876974 38.9773743)",1.5267934999761597,0.4280232546,0.5719767454,0.4280232546,[0. 1. 2. 3. 4. 5. 6. 7. 8. 9.],"[0.57197675 0.57197675 0.57197687 0.78598837 0.99999988 1.
 1.         1.         1.         1.        ]",1.2840697638,1.4843768469862253
608,12112020492,8241068289,0,"[537219637, 1307896549]",secondary,Main Street,1,False,27.51589258241856,2,,,,,no,,"LINESTRING (-76.4876974 38.9773743, -76.4876421 38.9773665, -76.4873881 38.9773162)",1.5625466308889404,0.4313674943,0.5686325057,0.4313674943,[0. 1. 2. 3. 4. 5. 6. 7. 8. 9.],"[0.56863251 0.56863251 0.56863263 0.78431625 0.99999988 1.
 1.         1.         1.         1.        ]",1.2941024828999999,1.4858017051614716
609,102614133,102575051,0,534640214,residential,Maryland Avenue,0,False,54.91263048232622,,,,,,no,,"LINESTRING (-76.4883541 38.9812224, -76.4887703 38.9808493)",0.0,0.0,1.0,0.0,[0. 1. 2. 3. 4. 5. 6. 7. 8. 9.],[1. 1. 1. 1. 1. 1. 1. 1. 1. 1.],0.0,0.0
610,102614133,102576703,0,633517745,residential,Maryland Avenue,0,True,109.98450368851202,,,,,,no,,"LINESTRING (-76.4883541 38.9812224, -76.4875402 38.9819827)",0.0,0.0,1.0,0.0,[0. 1. 2. 3. 4. 5. 6. 7. 8. 9.],[1. 1. 1. 1. 1. 1. 1. 1. 1. 1.],0.0,0.0
611,102614133,102594914,0,50319302,tertiary,King George Street,0,True,211.4738311266335,2,25 mph,,,,no,,"LINESTRING (-76.4883541 38.9812224, -76.4883093 38.9811946, -76.4873084 38.9805729, -76.4864589 38.9800199)",0.27836563208675535,0.2096788602,0.7903211398,0.2096788602,[0. 1. 2. 3. 4. 5. 6. 7. 8. 9.],"[0.79032114 0.79032114 0.7903212  0.89516057 0.99999994 1.
 1.         1.         1.         1.        ]",0.6290365806000002,1.2212382906239716
612,102614133,4836067819,0,633517746,tertiary,King George Street,0,False,119.66975919641578,2,25 mph,,,,no,,"LINESTRING (-76.4883541 38.9812224, -76.4883991 38.9812518, -76.4894141 38.9819147)",0.0,0.0,1.0,0.0,[0. 1. 2. 3. 4. 5. 6. 7. 8. 9.],[1. 1. 1. 1. 1. 1. 1. 1. 1. 1.],0.0,0.0
613,102614135,7300289220,0,11512872,secondary,College Avenue,0,False,8.562044343771076,2,25 mph,MD 450,,,no,,"LINESTRING (-76.4894513 38.9819414, -76.4895077 38.9818781)",0.0,0.0,1.0,0.0,[0. 1. 2. 3. 4. 5. 6. 7. 8. 9.],[1. 1. 1. 1. 1. 1. 1. 1. 1. 1.],0.0,0.0
614,102614135,4836067817,0,41226282,residential,College Avenue,0,False,5.096554381701191,,,,,,no,,"LINESTRING (-76.4894513 38.9819414, -76.4894165 38.9819784)",0.0,0.0,1.0,0.0,[0. 1. 2. 3. 4. 5. 6. 7. 8. 9.],[1. 1. 1. 1. 1. 1. 1. 1. 1. 1.],0.0,0.0
615,102614135,4836067814,0,43931120,secondary,King George Street,0,False,9.274284628685603,2,25 mph,MD 450,,,no,,"LINESTRING (-76.4894513 38.9819414, -76.489536 38.9819926)",0.0,0.0,1.0,0.0,[0. 1. 2. 3. 4. 5. 6. 7. 8. 9.],[1. 1. 1. 1. 1. 1. 1. 1. 1. 1.],0.0,0.0
616,102614135,4836067819,0,633517746,tertiary,King George Street,0,True,4.376476861139607,2,25 mph,,,,no,,"LINESTRING (-76.4894513 38.9819414, -76.4894141 38.9819147)",0.0,0.0,1.0,0.0,[0. 1. 2. 3. 4. 5. 6. 7. 8. 9.],[1. 1. 1. 1. 1. 1. 1. 1. 1. 1.],0.0,0.0
617,102614143,1486127380,0,437649001,residential,Vandergrift Road,0,False,22.651648140079296,,,,,,no,,"LINESTRING (-76.4954073 38.985741, -76.49532979999999 38.9859356)",0.9190967846802405,0.3563917871,0.6436082129,0.3563917871,[0. 1. 2. 3. 4. 5. 6. 7. 8. 9.],"[0.64360821 0.64360821 0.64360832 0.82180411 0.9999999  1.
 1.         1.         1.         1.        ]",1.0691753613,1.436798712182774
618,102614143,7985096496,0,38305514,secondary,King George Street,0,False,124.45459172489468,,,MD 450,,,no,,"LINESTRING (-76.4954073 38.985741, -76.49613979999999 38.9862155, -76.49651350000001 38.9864575)",0.9190967846802405,0.3563917871,0.6436082129,0.3563917871,[0. 1. 2. 3. 4. 5. 6. 7. 8. 9.],"[0.64360821 0.64360821 0.64360832 0.82180411 0.9999999  1.
 1.         1.         1.         1.        ]",1.0691753613,1.436798712182774
619,102614143,3148256782,0,"[43931120, 38305515, 135310468]",secondary,King George Street,0,True,191.16462238982984,2,25 mph,MD 450,,,yes,,"LINESTRING (-76.4954073 38.985741, -76.4951592 38.9855853, -76.4938034 38.9847313, -76.4936893 38.9846583)",3.0575703531644276,0.5295207149,0.47047928510000003,0.5295207149,[0. 1. 2. 3. 4. 5. 6. 7. 8. 9.],"[0.47047929 0.47047929 0.47047944 0.73523964 0.99999985 1.
 1.         1.         1.         1.        ]",1.5885621446999998,1.4973835025396525
620,7036618068,12112044803,0,367911383,residential,Market Street,1,False,40.73506359005104,,,,,,no,,"LINESTRING (-76.4899739 38.9760909, -76.48968120000001 38.976378)",0.0,0.0,1.0,0.0,[0. 1. 2. 3. 4. 5. 6. 7. 8. 9.],[1. 1. 1. 1. 1. 1. 1. 1. 1. 1.],0.0,0.0
621,102614360,4835957716,0,11512237,residential,Ridge Road,0,True,44.93193229268755,,,,,,no,,"LINESTRING (-76.49494300000001 38.9944684, -76.4944467 38.994348)",7.122977947649744,0.6499489733,0.3500510267,0.6499489733,[0. 1. 2. 3. 4. 5. 6. 7. 8. 9.],"[0.35005103 0.35005103 0.35005121 0.67502551 0.99999981 1.
 1.         1.         1.         1.        ]",1.9498469199,1.430957194989446
622,102614360,3658992053,0,11512237,residential,Ridge Road,0,False,85.83063551277385,,,,,,no,,"LINESTRING (-76.49494300000001 38.9944684, -76.49557249999999 38.9946675, -76.4957174 38.9947134, -76.4958295 38.9947989)",7.122977947649744,0.6499489733,0.3500510267,0.6499489733,[0. 1. 2. 3. 4. 5. 6. 7. 8. 9.],"[0.35005103 0.35005103 0.35005121 0.67502551 0.99999981 1.
 1.         1.         1.         1.        ]",1.9498469199,1.430957194989446
623,102614360,102623270,0,11519510,residential,Norwood Road,0,False,93.88844573709387,,,,,,no,,"LINESTRING (-76.49494300000001 38.9944684, -76.4948758 38.9942387, -76.4949318 38.9940089, -76.4950352 38.9938318, -76.4951125 38.9937612, -76.495216 38.9937262)",7.122977947649744,0.6499489733,0.3500510267,0.6499489733,[0. 1. 2. 3. 4. 5. 6. 7. 8. 9.],"[0.35005103 0.35005103 0.35005121 0.67502551 0.99999981 1.
 1.         1.         1.         1.        ]",1.9498469199,1.430957194989446
624,7036618076,102566159,0,1075128735,secondary,Duke of Gloucester Street,1,False,10.717636779666659,2,25 mph,,,,no,,"LINESTRING (-76.48913810000001 38.9761155, -76.489042 38.9760546)",0.0,0.0,1.0,0.0,[0. 1. 2. 3. 4. 5. 6. 7. 8. 9.],[1. 1. 1. 1. 1. 1. 1. 1. 1. 1.],0.0,0.0
625,7257212315,102607813,0,1191539892,primary,West Street,0,True,39.264180364711244,2,25 mph,MD 450,,,no,,"LINESTRING (-76.49930879999999 38.9774658, -76.49887390000001 38.9775677)",0.0,0.0,1.0,0.0,[0. 1. 2. 3. 4. 5. 6. 7. 8. 9.],[1. 1. 1. 1. 1. 1. 1. 1. 1. 1.],0.0,0.0
626,7257212315,3455012039,0,11509404,residential,Colonial Avenue,0,False,50.61932556947972,,,,,,no,,"LINESTRING (-76.49930879999999 38.9774658, -76.4992714 38.9774164, -76.4992611 38.97739, -76.4991225 38.9770357)",0.0,0.0,1.0,0.0,[0. 1. 2. 3. 4. 5. 6. 7. 8. 9.],[1. 1. 1. 1. 1. 1. 1. 1. 1. 1.],0.0,0.0
627,7257212315,7607685708,0,1191539892,primary,West Street,0,False,78.76069576385072,2,25 mph,MD 450,,,no,,"LINESTRING (-76.49930879999999 38.9774658, -76.499712 38.977359, -76.5001662 38.9772264)",0.0,0.0,1.0,0.0,[0. 1. 2. 3. 4. 5. 6. 7. 8. 9.],[1. 1. 1. 1. 1. 1. 1. 1. 1. 1.],0.0,0.0
628,102614537,102614539,0,1303091353,residential,Tolson Street,0,False,124.53049583299541,,,,,,no,,"LINESTRING (-76.4992197 38.9908201, -76.50029600000001 38.9915647)",0.0,0.0,1.0,0.0,[0. 1. 2. 3. 4. 5. 6. 7. 8. 9.],[1. 1. 1. 1. 1. 1. 1. 1. 1. 1.],0.0,0.0
629,102614539,102592779,0,11508944,residential,Tolson Street,0,False,141.58152746657856,,,,,,no,,"LINESTRING (-76.50029600000001 38.9915647, -76.50151940000001 38.9924115)",0.0,0.0,1.0,0.0,[0. 1. 2. 3. 4. 5. 6. 7. 8. 9.],[1. 1. 1. 1. 1. 1. 1. 1. 1. 1.],0.0,0.0
630,102614539,102629495,0,11514655,residential,Giddings Avenue,0,True,113.32696815077662,,,,,,no,,"LINESTRING (-76.50029600000001 38.9915647, -76.4994059 38.9923131)",0.0,0.0,1.0,0.0,[0. 1. 2. 3. 4. 5. 6. 7. 8. 9.],[1. 1. 1. 1. 1. 1. 1. 1. 1. 1.],0.0,0.0
631,102614539,102614537,0,1303091353,residential,Tolson Street,0,True,124.53049583299541,,,,,,no,,"LINESTRING (-76.50029600000001 38.9915647, -76.4992197 38.9908201)",0.0,0.0,1.0,0.0,[0. 1. 2. 3. 4. 5. 6. 7. 8. 9.],[1. 1. 1. 1. 1. 1. 1. 1. 1. 1.],0.0,0.0
632,102614539,102629499,0,11514655,residential,Giddings Avenue,0,False,119.86590710843561,,,,,,no,,"LINESTRING (-76.50029600000001 38.9915647, -76.50061820000001 38.9912927, -76.500826 38.9911314, -76.501229 38.9907677)",0.0,0.0,1.0,0.0,[0. 1. 2. 3. 4. 5. 6. 7. 8. 9.],[1. 1. 1. 1. 1. 1. 1. 1. 1. 1.],0.0,0.0
633,8026801817,4836073073,0,11503226,residential,Balch Road,0,False,90.31592867539294,,,,,,no,,"LINESTRING (-76.4893045 38.983436, -76.4886236 38.9840521)",11.610824492173892,0.7139403277,0.28605967229999996,0.7139403277,[0. 1. 2. 3. 4. 5. 6. 7. 8. 9.],"[0.28605967 0.28605967 0.28605988 0.64302984 0.9999998  1.
 1.         1.         1.         1.        ]",2.1418209831000006,1.35575316494597
634,8026801817,102557102,0,11503226,residential,Balch Road,0,True,16.5940158184931,,,,,,no,,"LINESTRING (-76.4893045 38.983436, -76.48942959999999 38.9833228)",10.6299768950517,0.7027976746,0.2972023254,0.7027976746,[0. 1. 2. 3. 4. 5. 6. 7. 8. 9.],"[0.29720233 0.29720233 0.29720253 0.64860116 0.9999998  1.
 1.         1.         1.         1.        ]",2.1083930238,1.3710794048572548
635,8026801818,102598422,0,11518478,residential,Parker Lane,1,False,31.522074347501363,,,,,,no,,"LINESTRING (-76.4884734 38.9828739, -76.4882326 38.9830868)",8.729194786744815,0.677238293,0.32276170699999995,0.677238293,[0. 1. 2. 3. 4. 5. 6. 7. 8. 9.],"[0.32276171 0.32276171 0.3227619  0.66138085 0.99999981 1.
 1.         1.         1.         1.        ]",2.0317148790000004,1.4025976129937263
636,7308527324,102589412,0,11511322,secondary,West Street,0,False,18.063436682121257,,,MD 450,,,no,,"LINESTRING (-76.4956045 38.9782995, -76.49581240000001 38.9782831)",0.0,0.0,1.0,0.0,[0. 1. 2. 3. 4. 5. 6. 7. 8. 9.],[1. 1. 1. 1. 1. 1. 1. 1. 1. 1.],0.0,0.0
637,7308527324,7936292748,0,11511322,secondary,West Street,0,True,139.3287498955272,,,MD 450,,,no,,"LINESTRING (-76.4956045 38.9782995, -76.4955664 38.9783039, -76.4939942 38.9783499)",0.0,0.0,1.0,0.0,[0. 1. 2. 3. 4. 5. 6. 7. 8. 9.],[1. 1. 1. 1. 1. 1. 1. 1. 1. 1.],0.0,0.0
638,102594718,102622192,0,11516618,residential,Southgate Avenue,0,True,146.11385652810927,,,,,,no,,"LINESTRING (-76.4995697 38.9759458, -76.4981064 38.9752881)",0.0,0.0,1.0,0.0,[0. 1. 2. 3. 4. 5. 6. 7. 8. 9.],[1. 1. 1. 1. 1. 1. 1. 1. 1. 1.],0.0,0.0
639,102594718,102594720,0,1303099421,residential,Colonial Avenue,0,False,88.94137880091114,,,,,,no,,"LINESTRING (-76.4995697 38.9759458, -76.50008459999999 38.9752533)",0.0,0.0,1.0,0.0,[0. 1. 2. 3. 4. 5. 6. 7. 8. 9.],[1. 1. 1. 1. 1. 1. 1. 1. 1. 1.],0.0,0.0
640,102594718,102572036,0,11509403,residential,Colonial Avenue,0,True,100.26853871975356,,,,,,no,,"LINESTRING (-76.4995697 38.9759458, -76.4991673 38.9764769, -76.4990662 38.976605, -76.4990394 38.9766537, -76.4990323 38.9766809, -76.49901869999999 38.9767342)",0.0,0.0,1.0,0.0,[0. 1. 2. 3. 4. 5. 6. 7. 8. 9.],[1. 1. 1. 1. 1. 1. 1. 1. 1. 1.],0.0,0.0
641,102594718,7607685709,0,"[1303099417, 11516618]",residential,Southgate Avenue,0,False,122.28643823117824,,,,,,no,,"LINESTRING (-76.4995697 38.9759458, -76.5007279 38.9764776, -76.5007481 38.9765293)",0.0,0.0,1.0,0.0,[0. 1. 2. 3. 4. 5. 6. 7. 8. 9.],[1. 1. 1. 1. 1. 1. 1. 1. 1. 1.],0.0,0.0
642,102581989,8006803224,0,11515850,residential,Osborne Road,0,False,13.777630229542611,,,,,,no,,"LINESTRING (-76.49066550000001 38.9885601, -76.49053929999999 38.9886358)",6.451094773011905,0.6363557433,0.3636442567,0.6363557433,[0. 1. 2. 3. 4. 5. 6. 7. 8. 9.],"[0.36364426 0.36364426 0.36364444 0.68182213 0.99999982 1.
 1.         1.         1.         1.        ]",1.9090672299,1.4431440437709038
643,102581989,102554613,0,"[11501729, 11506647]",residential,Wood Road,0,True,349.7497123379681,,,,,,no,,"LINESTRING (-76.49066550000001 38.9885601, -76.49072390000001 38.9887474, -76.4907613 38.9888541, -76.4907805 38.9888931, -76.49080410000001 38.9889208, -76.49157049999999 38.9894306, -76.4920339 38.9895641, -76.49304359999999 38.9901964, -76.4931382 38.9901998, -76.49368219999999 38.9899015)",5.5149547125871,0.6144958212,0.3855041788,0.6144958212,[0. 1. 2. 3. 4. 5. 6. 7. 8. 9.],"[0.38550418 0.38550418 0.38550435 0.69275209 0.99999982 1.
 1.         1.         1.         1.        ]",1.8434874636,1.4601428241560521
644,102581989,102581993,0,11506648,residential,Wood Road,0,False,104.80872465302309,,,,,,no,,"LINESTRING (-76.49066550000001 38.9885601, -76.4906747 38.9884638, -76.49070209999999 38.9883862, -76.49123830000001 38.9878834, -76.4913751 38.9878468)",7.26216569204877,0.6525824514,0.34741754859999996,0.6525824514,[0. 1. 2. 3. 4. 5. 6. 7. 8. 9.],"[0.34741755 0.34741755 0.34741774 0.67370877 0.99999981 1.
 1.         1.         1.         1.        ]",1.9577473542000001,1.4284495468787275
645,102581993,102581989,0,11506648,residential,Wood Road,0,True,104.80872465302308,,,,,,no,,"LINESTRING (-76.4913751 38.9878468, -76.49123830000001 38.9878834, -76.49070209999999 38.9883862, -76.4906747 38.9884638, -76.49066550000001 38.9885601)",7.26216569204877,0.6525824514,0.34741754859999996,0.6525824514,[0. 1. 2. 3. 4. 5. 6. 7. 8. 9.],"[0.34741755 0.34741755 0.34741774 0.67370877 0.99999981 1.
 1.         1.         1.         1.        ]",1.9577473542000001,1.4284495468787275
646,102581993,102597243,0,11517306,residential,Phythian Road,0,True,92.1210546270133,,,,,,no,,"LINESTRING (-76.4913751 38.9878468, -76.4914103 38.9878958, -76.4915056 38.9879832, -76.49176199999999 38.9881101, -76.4919275 38.9882295, -76.492188 38.9883692)",5.165987160402041,0.6052688509,0.39473114909999996,0.6052688509,[0. 1. 2. 3. 4. 5. 6. 7. 8. 9.],"[0.39473115 0.39473115 0.39473132 0.69736557 0.99999983 1.
 1.         1.         1.         1.        ]",1.8158065527000002,1.4663788443907706
647,102581993,102583146,0,11517307,residential,Phythian Road,0,False,18.708627680390272,,,,,,no,,"LINESTRING (-76.4913751 38.9878468, -76.4913729 38.9877853, -76.4913919 38.9876796)",9.47408499975751,0.6879735747,0.3120264253,0.6879735747,[0. 1. 2. 3. 4. 5. 6. 7. 8. 9.],"[0.31202643 0.31202643 0.31202662 0.65601321 0.9999998  1.
 1.         1.         1.         1.        ]",2.0639207241,1.3899619439989563
648,7308527341,506036944,0,534626216,secondary,Main Street,1,False,8.614482035908754,1,,,,,no,,"LINESTRING (-76.4922631 38.978282, -76.4923338 38.9783366)",0.0,0.0,1.0,0.0,[0. 1. 2. 3. 4. 5. 6. 7. 8. 9.],[1. 1. 1. 1. 1. 1. 1. 1. 1. 1.],0.0,0.0
649,7308527344,102613620,0,509105506,secondary,Church Circle,1,False,6.888012083429011,,,MD 450,,roundabout,no,,"LINESTRING (-76.49313170000001 38.9786933, -76.4931934 38.9786541)",0.0,0.0,1.0,0.0,[0. 1. 2. 3. 4. 5. 6. 7. 8. 9.],[1. 1. 1. 1. 1. 1. 1. 1. 1. 1.],0.0,0.0
650,11872618276,11869935913,0,1303091354,residential,Tolson Street,0,False,9.616187632815382,,,,,,no,,"LINESTRING (-76.50191409999999 38.9927103, -76.5019964 38.9927685)",0.0,0.0,1.0,0.0,[0. 1. 2. 3. 4. 5. 6. 7. 8. 9.],[1. 1. 1. 1. 1. 1. 1. 1. 1. 1.],0.0,0.0
651,11872618276,102592779,0,1303091354,residential,Tolson Street,0,True,47.75109574672362,,,,,,no,,"LINESTRING (-76.50191409999999 38.9927103, -76.501576 38.9924712, -76.50151940000001 38.9924115)",0.0,0.0,1.0,0.0,[0. 1. 2. 3. 4. 5. 6. 7. 8. 9.],[1. 1. 1. 1. 1. 1. 1. 1. 1. 1.],0.0,0.0
652,102582123,7475369166,0,11512872,secondary,College Avenue,0,False,10.029036760481029,2,25 mph,MD 450,,,no,,"LINESTRING (-76.49119090000001 38.9803225, -76.491272 38.980258)",0.0,0.0,1.0,0.0,[0. 1. 2. 3. 4. 5. 6. 7. 8. 9.],[1. 1. 1. 1. 1. 1. 1. 1. 1. 1.],0.0,0.0
653,102582123,4699361905,0,11512872,secondary,College Avenue,0,True,4.849455195398185,2,25 mph,MD 450,,,no,,"LINESTRING (-76.49119090000001 38.9803225, -76.4911517 38.9803537)",0.0,0.0,1.0,0.0,[0. 1. 2. 3. 4. 5. 6. 7. 8. 9.],[1. 1. 1. 1. 1. 1. 1. 1. 1. 1.],0.0,0.0
654,102582125,9898623661,0,115391770,residential,North Street,0,True,4.771246046003927,2,,,,,no,,"LINESTRING (-76.4909992 38.9794309, -76.4910105 38.9794729)",0.0,0.0,1.0,0.0,[0. 1. 2. 3. 4. 5. 6. 7. 8. 9.],[1. 1. 1. 1. 1. 1. 1. 1. 1. 1.],0.0,0.0
655,102582125,1304010097,0,799294478,residential,State Circle,1,False,39.28247401017422,1,20 mph,,,roundabout,no,,"LINESTRING (-76.4909992 38.9794309, -76.4910921 38.9793886, -76.4911541 38.9793613, -76.49126219999999 38.9792952, -76.49135680000001 38.9792171)",0.0,0.0,1.0,0.0,[0. 1. 2. 3. 4. 5. 6. 7. 8. 9.],[1. 1. 1. 1. 1. 1. 1. 1. 1. 1.],0.0,0.0
656,4341122944,102626772,0,1303089565,residential,Cathedral Street,0,False,6.690563121225678,,,,,,no,,"LINESTRING (-76.49468090000001 38.9775405, -76.49474069999999 38.9775787)",0.0,0.0,1.0,0.0,[0. 1. 2. 3. 4. 5. 6. 7. 8. 9.],[1. 1. 1. 1. 1. 1. 1. 1. 1. 1.],0.0,0.0
657,4341122944,10031857048,0,1303089565,residential,Cathedral Street,0,True,10.028674965114252,,,,,,no,,"LINESTRING (-76.49468090000001 38.9775405, -76.4945926 38.977482)",0.0,0.0,1.0,0.0,[0. 1. 2. 3. 4. 5. 6. 7. 8. 9.],[1. 1. 1. 1. 1. 1. 1. 1. 1. 1.],0.0,0.0
658,3713976514,5202712722,0,11511461,residential,Market Space,1,False,7.593933418961997,,,,,,no,,"LINESTRING (-76.48744550000001 38.9779296, -76.48749290000001 38.9778721)",1.5569889746007934,0.4308523755,0.5691476245,0.4308523755,[0. 1. 2. 3. 4. 5. 6. 7. 8. 9.],"[0.56914762 0.56914762 0.56914775 0.78457381 0.99999988 1.
 1.         1.         1.         1.        ]",1.2925571265,1.4855867353514254
659,3658992053,102614360,0,11512237,residential,Ridge Road,0,True,85.83063551277387,,,,,,no,,"LINESTRING (-76.4958295 38.9947989, -76.4957174 38.9947134, -76.49557249999999 38.9946675, -76.49494300000001 38.9944684)",7.122977947649744,0.6499489733,0.3500510267,0.6499489733,[0. 1. 2. 3. 4. 5. 6. 7. 8. 9.],"[0.35005103 0.35005103 0.35005121 0.67502551 0.99999981 1.
 1.         1.         1.         1.        ]",1.9498469199,1.430957194989446
660,7308528058,102613620,0,11512128,secondary,Northwest Street,1,False,7.298006364127724,2,,,,,no,,"LINESTRING (-76.4932551 38.9786989, -76.4931934 38.9786541)",0.0,0.0,1.0,0.0,[0. 1. 2. 3. 4. 5. 6. 7. 8. 9.],[1. 1. 1. 1. 1. 1. 1. 1. 1. 1.],0.0,0.0
661,7038356100,102645118,0,11517635,residential,Herbert Sachs Boulevard,0,False,69.0173858431942,,,,,,no,,"LINESTRING (-76.50092220000001 38.9849796, -76.50040079999999 38.9854497)",0.0,0.0,1.0,0.0,[0. 1. 2. 3. 4. 5. 6. 7. 8. 9.],[1. 1. 1. 1. 1. 1. 1. 1. 1. 1.],0.0,0.0
662,7038356100,7038354368,0,11517635,residential,Herbert Sachs Boulevard,0,True,78.01334110847591,,,,,,no,,"LINESTRING (-76.50092220000001 38.9849796, -76.50104039999999 38.984873, -76.5010901 38.984835, -76.5011401 38.9848136, -76.501193 38.9847996, -76.50172449999999 38.9847306)",0.0,0.0,1.0,0.0,[0. 1. 2. 3. 4. 5. 6. 7. 8. 9.],[1. 1. 1. 1. 1. 1. 1. 1. 1. 1.],0.0,0.0
663,102583131,102646589,0,377804503,primary,Roscoe Rowe Boulevard,1,False,302.7502355419428,2,,MD 70,,,no,,"LINESTRING (-76.5057066 38.9886814, -76.5055387 38.9885795, -76.5050299 38.9882705, -76.50499809999999 38.9882512, -76.50442169999999 38.9879012, -76.504176 38.987752, -76.5039093 38.9875938, -76.503546 38.9873782, -76.5035192 38.9873623, -76.50312580000001 38.9871266, -76.503102 38.9871123, -76.5029375 38.987014)",0.0,0.0,1.0,0.0,[0. 1. 2. 3. 4. 5. 6. 7. 8. 9.],[1. 1. 1. 1. 1. 1. 1. 1. 1. 1.],0.0,0.0
664,102583136,102583138,0,11506892,residential,Cromwell Road,0,False,26.800517232394164,,,,,,no,,"LINESTRING (-76.4949027 38.9892635, -76.4946843 38.9890924)",0.0,0.0,1.0,0.0,[0. 1. 2. 3. 4. 5. 6. 7. 8. 9.],[1. 1. 1. 1. 1. 1. 1. 1. 1. 1.],0.0,0.0
665,102583136,10759362323,0,11508662,residential,Halligan Road,0,True,8.228578425649497,,,,,,no,,"LINESTRING (-76.4949027 38.9892635, -76.4949953 38.9892463)",0.0,0.0,1.0,0.0,[0. 1. 2. 3. 4. 5. 6. 7. 8. 9.],[1. 1. 1. 1. 1. 1. 1. 1. 1. 1.],0.0,0.0
666,102583136,10759362319,0,"[11517306, 11508662]",residential,"['Halligan Road', 'Phythian Road']",0,False,254.90677856088757,,,,,,no,,"LINESTRING (-76.4949027 38.9892635, -76.4946064 38.989389, -76.4941974 38.9894543, -76.4923953 38.9884811)",0.0,0.0,1.0,0.0,[0. 1. 2. 3. 4. 5. 6. 7. 8. 9.],[1. 1. 1. 1. 1. 1. 1. 1. 1. 1.],0.0,0.0
667,102583138,102583136,0,11506892,residential,Cromwell Road,0,True,26.800517232394164,,,,,,no,,"LINESTRING (-76.4946843 38.9890924, -76.4949027 38.9892635)",0.0,0.0,1.0,0.0,[0. 1. 2. 3. 4. 5. 6. 7. 8. 9.],[1. 1. 1. 1. 1. 1. 1. 1. 1. 1.],0.0,0.0
668,102583138,102584641,0,11507188,residential,O Hare Road,0,False,32.74467860400955,,,,,,no,,"LINESTRING (-76.4946843 38.9890924, -76.4943911 38.9889059)",0.0,0.0,1.0,0.0,[0. 1. 2. 3. 4. 5. 6. 7. 8. 9.],[1. 1. 1. 1. 1. 1. 1. 1. 1. 1.],0.0,0.0
669,102583138,10759362320,0,11506892,residential,Cromwell Road,0,False,162.7663093106841,,,,,,no,,"LINESTRING (-76.4946843 38.9890924, -76.494383 38.989211, -76.49408339999999 38.9891807, -76.49386699999999 38.9890787, -76.49307829999999 38.9886132)",0.0,0.0,1.0,0.0,[0. 1. 2. 3. 4. 5. 6. 7. 8. 9.],[1. 1. 1. 1. 1. 1. 1. 1. 1. 1.],0.0,0.0
670,102583146,10759362320,0,11506892,residential,Cromwell Road,0,True,182.136293880393,,,,,,no,,"LINESTRING (-76.4913919 38.9876796, -76.49188340000001 38.9878252, -76.4923008 38.9880086, -76.49236639999999 38.9880565, -76.4929393 38.9885312, -76.49307829999999 38.9886132)",9.47408499975751,0.6879735747,0.3120264253,0.6879735747,[0. 1. 2. 3. 4. 5. 6. 7. 8. 9.],"[0.31202643 0.31202643 0.31202662 0.65601321 0.9999998  1.
 1.         1.         1.         1.        ]",2.0639207241,1.3899619439989563
671,102583146,102617954,0,11517307,residential,Phythian Road,0,False,148.93405869901065,,,,,,no,,"LINESTRING (-76.4913919 38.9876796, -76.4914957 38.9872576, -76.4915191 38.9872174, -76.4915879 38.9871755, -76.4916837 38.9871389, -76.4919132 38.9870664, -76.4922715 38.9869476, -76.4923265 38.9869275, -76.4923878 38.9868968, -76.4924979 38.9868193)",11.296600964265567,0.7104979048,0.28950209520000003,0.7104979048,[0. 1. 2. 3. 4. 5. 6. 7. 8. 9.],"[0.2895021  0.2895021  0.2895023  0.64475105 0.9999998  1.
 1.         1.         1.         1.        ]",2.1314937144,1.3605941729019189
672,102583146,102581993,0,11517307,residential,Phythian Road,0,True,18.708627680390272,,,,,,no,,"LINESTRING (-76.4913919 38.9876796, -76.4913729 38.9877853, -76.4913751 38.9878468)",9.47408499975751,0.6879735747,0.3120264253,0.6879735747,[0. 1. 2. 3. 4. 5. 6. 7. 8. 9.],"[0.31202643 0.31202643 0.31202662 0.65601321 0.9999998  1.
 1.         1.         1.         1.        ]",2.0639207241,1.3899619439989563
673,102583228,7017051635,0,11519513,residential,Norwood Road,0,True,9.248639184678321,,,,,,no,,"LINESTRING (-76.4970103 38.9933597, -76.4969049 38.9933453)",0.0,0.0,1.0,0.0,[0. 1. 2. 3. 4. 5. 6. 7. 8. 9.],[1. 1. 1. 1. 1. 1. 1. 1. 1. 1.],0.0,0.0
674,102583228,7017051638,0,11514375,residential,Old Crossing Lane,0,False,15.330080061065726,,,,,,no,,"LINESTRING (-76.4970103 38.9933597, -76.497139 38.9934226, -76.49715860000001 38.9934351)",0.0,0.0,1.0,0.0,[0. 1. 2. 3. 4. 5. 6. 7. 8. 9.],[1. 1. 1. 1. 1. 1. 1. 1. 1. 1.],0.0,0.0
675,503729146,4836067817,0,41226282,residential,College Avenue,0,True,105.563505724709,,,,,,no,,"LINESTRING (-76.4886314 38.9827056, -76.4894165 38.9819784)",7.349087383943301,0.6541979183,0.34580208170000004,0.6541979183,[0. 1. 2. 3. 4. 5. 6. 7. 8. 9.],"[0.34580208 0.34580208 0.34580227 0.67290104 0.99999981 1.
 1.         1.         1.         1.        ]",1.9625937548999999,1.4268874405624872
676,503729146,102562636,0,"[581832628, 436237645]",residential,"['Hanover Street', 'Wagner Street']",0,False,198.6659422588061,,15 mph,,,,no,,"LINESTRING (-76.4886314 38.9827056, -76.48917779999999 38.9830546, -76.4894262 38.9832117, -76.490246 38.9824567)",10.6299768950517,0.7027976746,0.2972023254,0.7027976746,[0. 1. 2. 3. 4. 5. 6. 7. 8. 9.],"[0.29720233 0.29720233 0.29720253 0.64860116 0.9999998  1.
 1.         1.         1.         1.        ]",2.1083930238,1.3710794048572548
677,790678730,2098730884,0,11511666,residential,Rodgers Road,0,False,16.71397767202008,,,,,,no,,"LINESTRING (-76.49111069999999 38.9854507, -76.4909323 38.9853927)",12.769071128564578,0.7257182085,0.2742817915,0.7257182085,[0. 1. 2. 3. 4. 5. 6. 7. 8. 9.],"[0.27428179 0.27428179 0.274282   0.6371409  0.99999979 1.
 1.         1.         1.         1.        ]",2.1771546255,1.33845524589992
678,790678730,102610294,0,11511666,residential,Rodgers Road,0,True,137.38058455202244,,,,,,no,,"LINESTRING (-76.49111069999999 38.9854507, -76.4920948 38.9844805)",12.769071128564578,0.7257182085,0.2742817915,0.7257182085,[0. 1. 2. 3. 4. 5. 6. 7. 8. 9.],"[0.27428179 0.27428179 0.274282   0.6371409  0.99999979 1.
 1.         1.         1.         1.        ]",2.1771546255,1.33845524589992
679,790678730,102625144,0,11516659,residential,Beardall Road,0,True,175.92558261083738,,,,,,no,,"LINESTRING (-76.49111069999999 38.9854507, -76.4913639 38.9855489, -76.491461 38.9855809, -76.4915853 38.9855915, -76.4916796 38.9855907, -76.49178620000001 38.9855726, -76.4918861 38.9855379, -76.49208640000001 38.985446, -76.4921921 38.9853856, -76.49229200000001 38.9853019, -76.4923526 38.9852418, -76.4926425 38.9848333)",14.019397497522336,0.7370508719,0.26294912810000004,0.7370508719,[0. 1. 2. 3. 4. 5. 6. 7. 8. 9.],"[0.26294913 0.26294913 0.26294934 0.63147456 0.99999979 1.
 1.         1.         1.         1.        ]",2.2111526157,1.3207054184375155
680,5184736566,5184736577,0,534660291,residential,Porter Road,0,False,26.33435360753937,,,,,,no,,"LINESTRING (-76.48571219999999 38.9803522, -76.485479 38.9801998)",0.0,0.0,1.0,0.0,[0. 1. 2. 3. 4. 5. 6. 7. 8. 9.],[1. 1. 1. 1. 1. 1. 1. 1. 1. 1.],0.0,0.0
681,5184736566,5184736602,0,534660291,residential,Porter Road,0,True,8.898773461738985,,,,,,no,,"LINESTRING (-76.48571219999999 38.9803522, -76.48579100000001 38.9804037)",0.0,0.0,1.0,0.0,[0. 1. 2. 3. 4. 5. 6. 7. 8. 9.],[1. 1. 1. 1. 1. 1. 1. 1. 1. 1.],0.0,0.0
682,5184736572,3615881096,0,534660291,residential,Porter Road,0,False,26.231918085663356,,,,,,no,,"LINESTRING (-76.4853961 38.9801457, -76.4851638 38.9799939)",0.19944812872982176,0.1761389073,0.8238610927,0.1761389073,[0. 1. 2. 3. 4. 5. 6. 7. 8. 9.],"[0.82386109 0.82386109 0.82386114 0.91193055 0.99999995 1.
 1.         1.         1.         1.        ]",0.5284167219000001,1.1428150050110635
683,5184736572,5184736577,0,534660291,residential,Porter Road,0,True,9.356105431453743,,,,,,no,,"LINESTRING (-76.4853961 38.9801457, -76.485479 38.9801998)",0.0,0.0,1.0,0.0,[0. 1. 2. 3. 4. 5. 6. 7. 8. 9.],[1. 1. 1. 1. 1. 1. 1. 1. 1. 1.],0.0,0.0
684,5184736577,5184736572,0,534660291,residential,Porter Road,0,False,9.356105431453743,,,,,,no,,"LINESTRING (-76.485479 38.9801998, -76.4853961 38.9801457)",0.0,0.0,1.0,0.0,[0. 1. 2. 3. 4. 5. 6. 7. 8. 9.],[1. 1. 1. 1. 1. 1. 1. 1. 1. 1.],0.0,0.0
685,5184736577,5184736566,0,534660291,residential,Porter Road,0,True,26.33435360753937,,,,,,no,,"LINESTRING (-76.485479 38.9801998, -76.48571219999999 38.9803522)",0.0,0.0,1.0,0.0,[0. 1. 2. 3. 4. 5. 6. 7. 8. 9.],[1. 1. 1. 1. 1. 1. 1. 1. 1. 1.],0.0,0.0
686,5184736578,3812701993,0,534660291,residential,Porter Road,0,False,15.146746259655389,,,,,,no,,"LINESTRING (-76.4861174 38.9806193, -76.4859843 38.9805307)",0.0,0.0,1.0,0.0,[0. 1. 2. 3. 4. 5. 6. 7. 8. 9.],[1. 1. 1. 1. 1. 1. 1. 1. 1. 1.],0.0,0.0
687,5184736578,5184736611,0,534660291,residential,Porter Road,0,True,35.65616441555814,,,,,,no,,"LINESTRING (-76.4861174 38.9806193, -76.48643079999999 38.9808278)",0.0,0.0,1.0,0.0,[0. 1. 2. 3. 4. 5. 6. 7. 8. 9.],[1. 1. 1. 1. 1. 1. 1. 1. 1. 1.],0.0,0.0
688,5184736581,102557194,0,377864873,residential,Cooper Road,0,False,7.851757360390576,,,,private,,no,,"LINESTRING (-76.4840583 38.9791796, -76.4840007 38.9792342)",12.508071132468869,0.7231806921,0.2768193079,0.7231806921,[0. 1. 2. 3. 4. 5. 6. 7. 8. 9.],"[0.27681931 0.27681931 0.27681952 0.63840965 0.99999979 1.
 1.         1.         1.         1.        ]",2.1695420763000004,1.3422794929773059
689,5184736581,10031857093,0,377864873,residential,Cooper Road,0,True,52.176488991391544,,,,private,,no,,"LINESTRING (-76.4840583 38.9791796, -76.484407 38.9788488, -76.4844368 38.9788143)",12.542607255744626,0.7235201499,0.2764798501,0.7235201499,[0. 1. 2. 3. 4. 5. 6. 7. 8. 9.],"[0.27647985 0.27647985 0.27648006 0.63823993 0.99999979 1.
 1.         1.         1.         1.        ]",2.1705604497000004,1.3417710359412611
690,5184736602,5184736566,0,534660291,residential,Porter Road,0,False,8.898773461738985,,,,,,no,,"LINESTRING (-76.48579100000001 38.9804037, -76.48571219999999 38.9803522)",0.0,0.0,1.0,0.0,[0. 1. 2. 3. 4. 5. 6. 7. 8. 9.],[1. 1. 1. 1. 1. 1. 1. 1. 1. 1.],0.0,0.0
691,5184736602,5184535511,0,534660291,residential,Porter Road,0,True,8.837068007178566,,,,,,no,,"LINESTRING (-76.48579100000001 38.9804037, -76.4858693 38.9804548)",0.0,0.0,1.0,0.0,[0. 1. 2. 3. 4. 5. 6. 7. 8. 9.],[1. 1. 1. 1. 1. 1. 1. 1. 1. 1.],0.0,0.0
692,5184736607,5184736611,0,534660291,residential,Porter Road,0,False,8.724335806664136,,,,,,no,,"LINESTRING (-76.4865075 38.9808788, -76.48643079999999 38.9808278)",0.0,0.0,1.0,0.0,[0. 1. 2. 3. 4. 5. 6. 7. 8. 9.],[1. 1. 1. 1. 1. 1. 1. 1. 1. 1.],0.0,0.0
693,5184736607,102580423,0,534660291,residential,Porter Road,0,True,13.637030237139964,,,,,,no,,"LINESTRING (-76.4865075 38.9808788, -76.48662729999999 38.9809586)",0.0,0.0,1.0,0.0,[0. 1. 2. 3. 4. 5. 6. 7. 8. 9.],[1. 1. 1. 1. 1. 1. 1. 1. 1. 1.],0.0,0.0
694,5184736608,3812553076,0,11505567,residential,Blake Road,0,False,44.737880491535186,,,,,,no,,"LINESTRING (-76.48545129999999 38.9816039, -76.4854533 38.9816007, -76.4854165 38.9815039, -76.4853937 38.9814296, -76.4853705 38.9813948, -76.48531490000001 38.9813611, -76.4851917 38.981277)",0.0,0.0,1.0,0.0,[0. 1. 2. 3. 4. 5. 6. 7. 8. 9.],[1. 1. 1. 1. 1. 1. 1. 1. 1. 1.],0.0,0.0
695,5184736608,5184736610,0,11505567,residential,Blake Road,0,True,62.0845992657931,,,,,,no,,"LINESTRING (-76.48545129999999 38.9816039, -76.4854972 38.9816863, -76.48554489999999 38.9817544, -76.48563559999999 38.9818638, -76.4857263 38.9819626, -76.48579669999999 38.9820274, -76.4858495 38.9820635)",0.0,0.0,1.0,0.0,[0. 1. 2. 3. 4. 5. 6. 7. 8. 9.],[1. 1. 1. 1. 1. 1. 1. 1. 1. 1.],0.0,0.0
696,5184736610,5184736608,0,11505567,residential,Blake Road,0,False,62.0845992657931,,,,,,no,,"LINESTRING (-76.4858495 38.9820635, -76.48579669999999 38.9820274, -76.4857263 38.9819626, -76.48563559999999 38.9818638, -76.48554489999999 38.9817544, -76.4854972 38.9816863, -76.48545129999999 38.9816039)",0.0,0.0,1.0,0.0,[0. 1. 2. 3. 4. 5. 6. 7. 8. 9.],[1. 1. 1. 1. 1. 1. 1. 1. 1. 1.],0.0,0.0
697,5184736610,3812553075,0,11505567,residential,Blake Road,0,True,65.51089097137161,,,,,,no,,"LINESTRING (-76.4858495 38.9820635, -76.4858773 38.9820824, -76.4859829 38.9821323, -76.48613589999999 38.9821849, -76.4862755 38.9822244, -76.4864299 38.9822516, -76.4865518 38.9822656)",0.0,0.0,1.0,0.0,[0. 1. 2. 3. 4. 5. 6. 7. 8. 9.],[1. 1. 1. 1. 1. 1. 1. 1. 1. 1.],0.0,0.0
698,5184736611,5184736578,0,534660291,residential,Porter Road,0,False,35.65616441555814,,,,,,no,,"LINESTRING (-76.48643079999999 38.9808278, -76.4861174 38.9806193)",0.0,0.0,1.0,0.0,[0. 1. 2. 3. 4. 5. 6. 7. 8. 9.],[1. 1. 1. 1. 1. 1. 1. 1. 1. 1.],0.0,0.0
699,5184736611,5184736607,0,534660291,residential,Porter Road,0,True,8.724335806664136,,,,,,no,,"LINESTRING (-76.48643079999999 38.9808278, -76.4865075 38.9808788)",0.0,0.0,1.0,0.0,[0. 1. 2. 3. 4. 5. 6. 7. 8. 9.],[1. 1. 1. 1. 1. 1. 1. 1. 1. 1.],0.0,0.0
700,7308529013,102607804,0,11511322,secondary,West Street,0,True,9.92502285448537,,,MD 450,,,no,,"LINESTRING (-76.493431 38.9783773, -76.4933164 38.9783828)",0.0,0.0,1.0,0.0,[0. 1. 2. 3. 4. 5. 6. 7. 8. 9.],[1. 1. 1. 1. 1. 1. 1. 1. 1. 1.],0.0,0.0
701,7308529013,7936292748,0,11511322,secondary,West Street,0,False,48.78135235321354,,,MD 450,,,no,,"LINESTRING (-76.493431 38.9783773, -76.4934703 38.9783765, -76.4939942 38.9783499)",0.0,0.0,1.0,0.0,[0. 1. 2. 3. 4. 5. 6. 7. 8. 9.],[1. 1. 1. 1. 1. 1. 1. 1. 1. 1.],0.0,0.0
702,102583826,102583828,0,11507003,residential,Brewer Street,0,False,44.85358297912391,,,,,,no,,"LINESTRING (-76.4986135 38.979711, -76.4985813 38.9801136)",0.0,0.0,1.0,0.0,[0. 1. 2. 3. 4. 5. 6. 7. 8. 9.],[1. 1. 1. 1. 1. 1. 1. 1. 1. 1.],0.0,0.0
703,102583826,102612208,0,11517931,residential,Clay Street,0,False,38.17845021589554,,,,,,no,,"LINESTRING (-76.4986135 38.979711, -76.4990535 38.9797409)",0.0,0.0,1.0,0.0,[0. 1. 2. 3. 4. 5. 6. 7. 8. 9.],[1. 1. 1. 1. 1. 1. 1. 1. 1. 1.],0.0,0.0
704,102583826,102576005,0,11517931,residential,Clay Street,0,True,65.91462818175535,,,,,,no,,"LINESTRING (-76.4986135 38.979711, -76.4978519 38.9796814)",0.0,0.0,1.0,0.0,[0. 1. 2. 3. 4. 5. 6. 7. 8. 9.],[1. 1. 1. 1. 1. 1. 1. 1. 1. 1.],0.0,0.0
705,102583828,102583826,0,11507003,residential,Brewer Street,0,True,44.85358297912391,,,,,,no,,"LINESTRING (-76.4985813 38.9801136, -76.4986135 38.979711)",0.0,0.0,1.0,0.0,[0. 1. 2. 3. 4. 5. 6. 7. 8. 9.],[1. 1. 1. 1. 1. 1. 1. 1. 1. 1.],0.0,0.0
706,1304022800,9898623652,0,11514938,residential,School Street,1,False,20.32289873955535,,,,,,no,,"LINESTRING (-76.4917923 38.978586, -76.4915577 38.978598)",0.0,0.0,1.0,0.0,[0. 1. 2. 3. 4. 5. 6. 7. 8. 9.],[1. 1. 1. 1. 1. 1. 1. 1. 1. 1.],0.0,0.0
707,1304022800,7308532659,0,115397811,residential,School Street,1,False,37.75783840886083,,,,,,no,,"LINESTRING (-76.4917923 38.978586, -76.4922289 38.9785756)",0.0,0.0,1.0,0.0,[0. 1. 2. 3. 4. 5. 6. 7. 8. 9.],[1. 1. 1. 1. 1. 1. 1. 1. 1. 1.],0.0,0.0
708,1304022812,6193355556,0,11504901,residential,Francis Street,1,False,70.53869333752415,,,,,,no,,"LINESTRING (-76.489222 38.9777325, -76.4892665 38.9777675, -76.489332 38.9778219, -76.4898486 38.9781373)",0.0,0.0,1.0,0.0,[0. 1. 2. 3. 4. 5. 6. 7. 8. 9.],[1. 1. 1. 1. 1. 1. 1. 1. 1. 1.],0.0,0.0
709,7308529654,102589412,0,1303089565,residential,Cathedral Street,0,False,11.523276613578336,,,,,,no,,"LINESTRING (-76.4957038 38.978223, -76.49581240000001 38.9782831)",0.0,0.0,1.0,0.0,[0. 1. 2. 3. 4. 5. 6. 7. 8. 9.],[1. 1. 1. 1. 1. 1. 1. 1. 1. 1.],0.0,0.0
710,7308529654,10031857041,0,1303089565,residential,Cathedral Street,0,True,84.42752362445154,,,,,,no,,"LINESTRING (-76.4957038 38.978223, -76.49567070000001 38.9782042, -76.49552009999999 38.9781102, -76.49496190000001 38.9777295)",0.0,0.0,1.0,0.0,[0. 1. 2. 3. 4. 5. 6. 7. 8. 9.],[1. 1. 1. 1. 1. 1. 1. 1. 1. 1.],0.0,0.0
711,11062792334,11062792341,0,1191539893,primary,West Street,0,True,23.093768291324132,2,25 mph,MD 450,,,no,,"LINESTRING (-76.4973279 38.9779268, -76.49707189999999 38.9779862)",0.0,0.0,1.0,0.0,[0. 1. 2. 3. 4. 5. 6. 7. 8. 9.],[1. 1. 1. 1. 1. 1. 1. 1. 1. 1.],0.0,0.0
712,11062792334,7308536071,0,1191539891,primary,West Street,0,False,12.782353224595091,2,25 mph,MD 450,,,no,,"LINESTRING (-76.4973279 38.9779268, -76.4974249 38.9779035, -76.49746949999999 38.9778937)",0.0,0.0,1.0,0.0,[0. 1. 2. 3. 4. 5. 6. 7. 8. 9.],[1. 1. 1. 1. 1. 1. 1. 1. 1. 1.],0.0,0.0
713,11062792341,102607809,0,49826105,primary,West Street,0,True,42.81293373141782,2,25 mph,MD 450,,,no,,"LINESTRING (-76.49707189999999 38.9779862, -76.4965973 38.9780963)",0.0,0.0,1.0,0.0,[0. 1. 2. 3. 4. 5. 6. 7. 8. 9.],[1. 1. 1. 1. 1. 1. 1. 1. 1. 1.],0.0,0.0
714,11062792341,11062792334,0,1191539893,primary,West Street,0,False,23.093768291324132,2,25 mph,MD 450,,,no,,"LINESTRING (-76.49707189999999 38.9779862, -76.4973279 38.9779268)",0.0,0.0,1.0,0.0,[0. 1. 2. 3. 4. 5. 6. 7. 8. 9.],[1. 1. 1. 1. 1. 1. 1. 1. 1. 1.],0.0,0.0
715,8579666137,7018809956,0,750670157,residential,,0,False,117.3699851152872,,,,,,no,,"LINESTRING (-76.49588319999999 38.9897862, -76.495868 38.9899526, -76.4958884 38.9899955, -76.4959436 38.9900068, -76.4963114 38.9900362, -76.4964423 38.9900475, -76.4965077 38.990113, -76.4965876 38.9902599, -76.4966458 38.9903469, -76.4967272 38.9903729)",0.0,0.0,1.0,0.0,[0. 1. 2. 3. 4. 5. 6. 7. 8. 9.],[1. 1. 1. 1. 1. 1. 1. 1. 1. 1.],0.0,0.0
716,8579666137,7018809968,0,750670157,residential,,0,True,128.40496267437308,,,,,,no,,"LINESTRING (-76.49588319999999 38.9897862, -76.4958913 38.9896983, -76.4958985 38.9896282, -76.49591599999999 38.9895808, -76.4959392 38.9895582, -76.4962024 38.989565, -76.4964277 38.9895638, -76.4965935 38.9895435, -76.49674469999999 38.989487, -76.4970687 38.9893706)",0.0,0.0,1.0,0.0,[0. 1. 2. 3. 4. 5. 6. 7. 8. 9.],[1. 1. 1. 1. 1. 1. 1. 1. 1. 1.],0.0,0.0
717,8411894006,8389550498,0,11507733,tertiary,Ridgely Avenue,0,False,16.667955982918553,,,MD 436,,,no,,"LINESTRING (-76.5025608 38.9888952, -76.502702 38.9889973)",0.0,0.0,1.0,0.0,[0. 1. 2. 3. 4. 5. 6. 7. 8. 9.],[1. 1. 1. 1. 1. 1. 1. 1. 1. 1.],0.0,0.0
718,8411894006,8411894011,0,11507733,tertiary,Ridgely Avenue,0,True,23.471168629897765,,,MD 436,,,no,,"LINESTRING (-76.5025608 38.9888952, -76.50236200000001 38.9887514)",0.0,0.0,1.0,0.0,[0. 1. 2. 3. 4. 5. 6. 7. 8. 9.],[1. 1. 1. 1. 1. 1. 1. 1. 1. 1.],0.0,0.0
719,8411894011,8411894006,0,11507733,tertiary,Ridgely Avenue,0,False,23.471168629897765,,,MD 436,,,no,,"LINESTRING (-76.50236200000001 38.9887514, -76.5025608 38.9888952)",0.0,0.0,1.0,0.0,[0. 1. 2. 3. 4. 5. 6. 7. 8. 9.],[1. 1. 1. 1. 1. 1. 1. 1. 1. 1.],0.0,0.0
720,8411894011,7031700541,0,11507733,tertiary,Ridgely Avenue,0,True,26.814650610388174,,,MD 436,,,no,,"LINESTRING (-76.50236200000001 38.9887514, -76.5021349 38.9885871)",0.0,0.0,1.0,0.0,[0. 1. 2. 3. 4. 5. 6. 7. 8. 9.],[1. 1. 1. 1. 1. 1. 1. 1. 1. 1.],0.0,0.0
721,102584596,1648584937,0,779014321,residential,South Street,0,False,33.641063005270475,,,,,,no,,"LINESTRING (-76.4941252 38.9753874, -76.4939174 38.9756432)",0.0,0.0,1.0,0.0,[0. 1. 2. 3. 4. 5. 6. 7. 8. 9.],[1. 1. 1. 1. 1. 1. 1. 1. 1. 1.],0.0,0.0
722,102584596,102593344,0,1303089563,residential,Shaw Street,0,True,112.94259964131392,,,,,,no,,"LINESTRING (-76.4941252 38.9753874, -76.49518399999999 38.9759825)",0.0,0.0,1.0,0.0,[0. 1. 2. 3. 4. 5. 6. 7. 8. 9.],[1. 1. 1. 1. 1. 1. 1. 1. 1. 1.],0.0,0.0
723,102584598,102580651,0,11516817,residential,Cathedral Street,0,True,80.23720509301027,,,,,,no,,"LINESTRING (-76.4932439 38.9765942, -76.4925351 38.9761283)",0.0,0.0,1.0,0.0,[0. 1. 2. 3. 4. 5. 6. 7. 8. 9.],[1. 1. 1. 1. 1. 1. 1. 1. 1. 1.],0.0,0.0
724,102584598,10031944168,0,1303089566,residential,Cathedral Street,0,False,28.373280260225734,,,,,,no,,"LINESTRING (-76.4932439 38.9765942, -76.49349460000001 38.9767589)",0.0,0.0,1.0,0.0,[0. 1. 2. 3. 4. 5. 6. 7. 8. 9.],[1. 1. 1. 1. 1. 1. 1. 1. 1. 1.],0.0,0.0
725,102584598,1648584940,0,779014321,residential,South Street,0,True,66.63510505282642,,,,,,no,,"LINESTRING (-76.4932439 38.9765942, -76.4934415 38.976327, -76.4936123 38.976068)",0.0,0.0,1.0,0.0,[0. 1. 2. 3. 4. 5. 6. 7. 8. 9.],[1. 1. 1. 1. 1. 1. 1. 1. 1. 1.],0.0,0.0
726,102584600,10031944170,0,396308142,residential,South Street,1,False,37.66266575319932,,,,,,no,,"LINESTRING (-76.4927529 38.977203, -76.49275539999999 38.9771227, -76.4927806 38.9770571, -76.4928347 38.9769965, -76.4929274 38.9769054)",0.0,0.0,1.0,0.0,[0. 1. 2. 3. 4. 5. 6. 7. 8. 9.],[1. 1. 1. 1. 1. 1. 1. 1. 1. 1.],0.0,0.0
727,102584602,7308543060,0,396308142,residential,South Street,1,False,11.885384842545662,,,,,,no,,"LINESTRING (-76.4928712 38.9781312, -76.49285949999999 38.9780247)",0.0,0.0,1.0,0.0,[0. 1. 2. 3. 4. 5. 6. 7. 8. 9.],[1. 1. 1. 1. 1. 1. 1. 1. 1. 1.],0.0,0.0
728,102584602,102566166,0,114751046,secondary,Church Circle,1,False,23.08900524836529,,,MD 450,,roundabout,no,,"LINESTRING (-76.4928712 38.9781312, -76.4927302 38.9781386, -76.49260769999999 38.9781608)",0.0,0.0,1.0,0.0,[0. 1. 2. 3. 4. 5. 6. 7. 8. 9.],[1. 1. 1. 1. 1. 1. 1. 1. 1. 1.],0.0,0.0
729,102584606,102585917,0,11514395,primary,Baltimore Boulevard,0,False,205.6218321116034,2,,MD 450,,,no,,"LINESTRING (-76.49598159999999 38.9890221, -76.4980989 38.9881788)",0.0,0.0,1.0,0.0,[0. 1. 2. 3. 4. 5. 6. 7. 8. 9.],[1. 1. 1. 1. 1. 1. 1. 1. 1. 1.],0.0,0.0
730,102584606,4343502210,0,11514784,primary,Baltimore Annapolis Boulevard,0,False,54.581301510851176,2,,MD 450,,,no,,"LINESTRING (-76.49598159999999 38.9890221, -76.49541979999999 38.9892463)",0.0,0.0,1.0,0.0,[0. 1. 2. 3. 4. 5. 6. 7. 8. 9.],[1. 1. 1. 1. 1. 1. 1. 1. 1. 1.],0.0,0.0
731,102584606,102584609,0,11507186,residential,Bowyer Road,0,False,34.713469422918635,,,,,,no,,"LINESTRING (-76.49598159999999 38.9890221, -76.49584539999999 38.9888885, -76.4957362 38.988775)",0.0,0.0,1.0,0.0,[0. 1. 2. 3. 4. 5. 6. 7. 8. 9.],[1. 1. 1. 1. 1. 1. 1. 1. 1. 1.],0.0,0.0
732,102584606,7611024585,0,11508366,residential,Perry Circle,0,True,25.672426423381282,,,,,,no,,"LINESTRING (-76.49598159999999 38.9890221, -76.4960442 38.9891104, -76.49612380000001 38.9892248)",0.0,0.0,1.0,0.0,[0. 1. 2. 3. 4. 5. 6. 7. 8. 9.],[1. 1. 1. 1. 1. 1. 1. 1. 1. 1.],0.0,0.0
733,102584609,102584611,0,11507186,residential,Bowyer Road,0,False,6.433177377908829,,,,,,no,,"LINESTRING (-76.4957362 38.988775, -76.4956823 38.9887351)",0.0,0.0,1.0,0.0,[0. 1. 2. 3. 4. 5. 6. 7. 8. 9.],[1. 1. 1. 1. 1. 1. 1. 1. 1. 1.],0.0,0.0
734,102584609,7221536339,0,1106771184,residential,Wainwright Drive,0,False,12.866551230195435,,,,,,no,,"LINESTRING (-76.4957362 38.988775, -76.4958304 38.9886854)",0.0,0.0,1.0,0.0,[0. 1. 2. 3. 4. 5. 6. 7. 8. 9.],[1. 1. 1. 1. 1. 1. 1. 1. 1. 1.],0.0,0.0
735,102584609,102584606,0,11507186,residential,Bowyer Road,0,True,34.713469422918635,,,,,,no,,"LINESTRING (-76.4957362 38.988775, -76.49584539999999 38.9888885, -76.49598159999999 38.9890221)",0.0,0.0,1.0,0.0,[0. 1. 2. 3. 4. 5. 6. 7. 8. 9.],[1. 1. 1. 1. 1. 1. 1. 1. 1. 1.],0.0,0.0
736,102584611,102584613,0,11507186,residential,Bowyer Road,0,False,75.31840634858206,,,,,,no,,"LINESTRING (-76.4956823 38.9887351, -76.4950128 38.9883015)",0.0,0.0,1.0,0.0,[0. 1. 2. 3. 4. 5. 6. 7. 8. 9.],[1. 1. 1. 1. 1. 1. 1. 1. 1. 1.],0.0,0.0
737,102584611,102584609,0,11507186,residential,Bowyer Road,0,True,6.433177377908829,,,,,,no,,"LINESTRING (-76.4956823 38.9887351, -76.4957362 38.988775)",0.0,0.0,1.0,0.0,[0. 1. 2. 3. 4. 5. 6. 7. 8. 9.],[1. 1. 1. 1. 1. 1. 1. 1. 1. 1.],0.0,0.0
738,102584611,102579624,0,11518511,residential,Wainwright Road,0,True,38.982861643454655,,,,,,no,,"LINESTRING (-76.4956823 38.9887351, -76.4954398 38.9890307)",0.0,0.0,1.0,0.0,[0. 1. 2. 3. 4. 5. 6. 7. 8. 9.],[1. 1. 1. 1. 1. 1. 1. 1. 1. 1.],0.0,0.0
739,102584613,102584611,0,11507186,residential,Bowyer Road,0,True,75.31840634858206,,,,,,no,,"LINESTRING (-76.4950128 38.9883015, -76.4956823 38.9887351)",0.0,0.0,1.0,0.0,[0. 1. 2. 3. 4. 5. 6. 7. 8. 9.],[1. 1. 1. 1. 1. 1. 1. 1. 1. 1.],0.0,0.0
740,102584613,5488762136,0,11507186,residential,Bowyer Road,0,False,54.82804230097269,,,,,,no,,"LINESTRING (-76.4950128 38.9883015, -76.4949215 38.9882119, -76.4945554 38.9879619)",0.0,0.0,1.0,0.0,[0. 1. 2. 3. 4. 5. 6. 7. 8. 9.],[1. 1. 1. 1. 1. 1. 1. 1. 1. 1.],0.0,0.0
741,102584615,4354431921,0,11507186,residential,Bowyer Road,0,False,71.35206538512321,,,,,,no,,"LINESTRING (-76.4940515 38.9876477, -76.49342249999999 38.9872321)",2.1372406650475195,0.4770040118,0.5229959881999999,0.4770040118,[0. 1. 2. 3. 4. 5. 6. 7. 8. 9.],"[0.52299599 0.52299599 0.52299612 0.76149799 0.99999986 1.
 1.         1.         1.         1.        ]",1.4310120354000002,1.4984128962592884
742,102584615,5488762136,0,11507186,residential,Bowyer Road,0,True,55.83367210696702,,,,,,no,,"LINESTRING (-76.4940515 38.9876477, -76.4945554 38.9879619)",0.0,0.0,1.0,0.0,[0. 1. 2. 3. 4. 5. 6. 7. 8. 9.],[1. 1. 1. 1. 1. 1. 1. 1. 1. 1.],0.0,0.0
743,102584617,102584619,0,11507186,residential,Bowyer Road,0,False,35.86957318914246,,,,,,no,,"LINESTRING (-76.49295100000001 38.9869205, -76.4926382 38.9867085)",11.117599394517642,0.7084848952,0.2915151048,0.7084848952,[0. 1. 2. 3. 4. 5. 6. 7. 8. 9.],"[0.2915151  0.2915151  0.29151531 0.64575755 0.9999998  1.
 1.         1.         1.         1.        ]",2.1254546856000003,1.363380815698329
744,102584617,4354431921,0,11507186,residential,Bowyer Road,0,True,53.49054379944902,,,,,,no,,"LINESTRING (-76.49295100000001 38.9869205, -76.49342249999999 38.9872321)",2.1372406650475195,0.4770040118,0.5229959881999999,0.4770040118,[0. 1. 2. 3. 4. 5. 6. 7. 8. 9.],"[0.52299599 0.52299599 0.52299612 0.76149799 0.99999986 1.
 1.         1.         1.         1.        ]",1.4310120354000002,1.4984128962592884
745,102584617,102636689,0,11516013,residential,O'Hare Road,0,True,45.148345145520715,,,,,,no,,"LINESTRING (-76.49295100000001 38.9869205, -76.4929104 38.9873253)",2.443465547650211,0.4966430794,0.5033569205999999,0.4966430794,[0. 1. 2. 3. 4. 5. 6. 7. 8. 9.],"[0.50335692 0.50335692 0.50335706 0.75167846 0.99999986 1.
 1.         1.         1.         1.        ]",1.4899292382000002,1.499966382693574
746,102584619,102584617,0,11507186,residential,Bowyer Road,0,True,35.86957318914246,,,,,,no,,"LINESTRING (-76.4926382 38.9867085, -76.49295100000001 38.9869205)",11.117599394517642,0.7084848952,0.2915151048,0.7084848952,[0. 1. 2. 3. 4. 5. 6. 7. 8. 9.],"[0.2915151  0.2915151  0.29151531 0.64575755 0.9999998  1.
 1.         1.         1.         1.        ]",2.1254546856000003,1.363380815698329
747,102584619,102617954,0,11517308,residential,Phythian Road,0,True,17.286958960242245,,,,,,no,,"LINESTRING (-76.4926382 38.9867085, -76.4924979 38.9868193)",11.296600964265567,0.7104979048,0.28950209520000003,0.7104979048,[0. 1. 2. 3. 4. 5. 6. 7. 8. 9.],"[0.2895021  0.2895021  0.2895023  0.64475105 0.9999998  1.
 1.         1.         1.         1.        ]",2.1314937144,1.3605941729019189
748,102584619,102584621,0,"[64144459, 64144460]",residential,Bowyer Road,0,True,209.29586139578768,,,,,,yes,,"LINESTRING (-76.4926382 38.9867085, -76.4923805 38.9865541, -76.4907781 38.9855037)",14.019005819569033,0.7370475187,0.26295248130000004,0.7370475187,[0. 1. 2. 3. 4. 5. 6. 7. 8. 9.],"[0.26295248 0.26295248 0.26295269 0.63147624 0.99999979 1.
 1.         1.         1.         1.        ]",2.2111425560999995,1.320710835121329
749,102584621,2098730870,0,11507960,residential,Dorsey Road,0,False,46.12681364800607,,,,,,no,,"LINESTRING (-76.4907781 38.9855037, -76.49036340000001 38.9852426)",13.8490951027448,0.7355818931,0.2644181069,0.7355818931,[0. 1. 2. 3. 4. 5. 6. 7. 8. 9.],"[0.26441811 0.26441811 0.26441832 0.63220905 0.99999979 1.
 1.         1.         1.         1.        ]",2.2067456793,1.3230689279903771
750,102584621,2098730884,0,11511666,residential,Rodgers Road,0,True,18.165190228200654,,,,,,no,,"LINESTRING (-76.4907781 38.9855037, -76.4909323 38.9853927)",12.769071128564578,0.7257182085,0.2742817915,0.7257182085,[0. 1. 2. 3. 4. 5. 6. 7. 8. 9.],"[0.27428179 0.27428179 0.274282   0.6371409  0.99999979 1.
 1.         1.         1.         1.        ]",2.1771546255,1.33845524589992
751,102584621,102584619,0,"[64144459, 64144460]",residential,Bowyer Road,0,False,209.29586139578768,,,,,,yes,,"LINESTRING (-76.4907781 38.9855037, -76.4923805 38.9865541, -76.4926382 38.9867085)",14.019005819569033,0.7370475187,0.26295248130000004,0.7370475187,[0. 1. 2. 3. 4. 5. 6. 7. 8. 9.],"[0.26295248 0.26295248 0.26295269 0.63147624 0.99999979 1.
 1.         1.         1.         1.        ]",2.2111425560999995,1.320710835121329
752,102584641,102583138,0,11507188,residential,O Hare Road,0,True,32.74467860400955,,,,,,no,,"LINESTRING (-76.4943911 38.9889059, -76.4946843 38.9890924)",0.0,0.0,1.0,0.0,[0. 1. 2. 3. 4. 5. 6. 7. 8. 9.],[1. 1. 1. 1. 1. 1. 1. 1. 1. 1.],0.0,0.0
753,102584641,102579629,0,824429761,residential,Bailey Road,0,True,49.66901243479993,,,,,,no,,"LINESTRING (-76.4943911 38.9889059, -76.49474669999999 38.988555)",0.0,0.0,1.0,0.0,[0. 1. 2. 3. 4. 5. 6. 7. 8. 9.],[1. 1. 1. 1. 1. 1. 1. 1. 1. 1.],0.0,0.0
754,102584641,102584646,0,11516013,residential,O'Hare Road,0,False,184.52163360989846,,,,,,no,,"LINESTRING (-76.4943911 38.9889059, -76.4942629 38.9889644, -76.4941516 38.9889355, -76.4934749 38.9885655, -76.4934423 38.9885181, -76.4934365 38.9884727, -76.4934762 38.9883729, -76.4934815 38.988294, -76.4934514 38.9881972, -76.4933755 38.9881018, -76.4932752 38.987997, -76.49312310000001 38.9878555)",1.757326679318302,0.4484112263,0.5515887737,0.4484112263,[0. 1. 2. 3. 4. 5. 6. 7. 8. 9.],"[0.55158877 0.55158877 0.5515889  0.77579439 0.99999987 1.
 1.         1.         1.         1.        ]",1.3452336789000001,1.4919946045493266
755,102584646,102636686,0,11516012,residential,Circle Court,0,True,61.240931897016814,,,,,,no,,"LINESTRING (-76.49312310000001 38.9878555, -76.49383159999999 38.9878481)",1.757326679318302,0.4484112263,0.5515887737,0.4484112263,[0. 1. 2. 3. 4. 5. 6. 7. 8. 9.],"[0.55158877 0.55158877 0.5515889  0.77579439 0.99999987 1.
 1.         1.         1.         1.        ]",1.3452336789000001,1.4919946045493266
756,102584646,102636689,0,11516013,residential,O'Hare Road,0,False,61.75536756193209,,,,,,no,,"LINESTRING (-76.49312310000001 38.9878555, -76.4929104 38.9873253)",2.443465547650211,0.4966430794,0.5033569205999999,0.4966430794,[0. 1. 2. 3. 4. 5. 6. 7. 8. 9.],"[0.50335692 0.50335692 0.50335706 0.75167846 0.99999986 1.
 1.         1.         1.         1.        ]",1.4899292382000002,1.499966382693574
757,102584646,3812813020,0,11507189,residential,Fire Station Road,0,False,65.08567960577477,,,,,,no,,"LINESTRING (-76.49312310000001 38.9878555, -76.49297540000001 38.9877912, -76.4926499 38.9876076, -76.4926093 38.9875854, -76.49259050000001 38.9875625, -76.4925798 38.9875417, -76.4925717 38.9875208, -76.4925604 38.9874909)",12.991029765802127,0.727826845,0.27217315500000006,0.727826845,[0. 1. 2. 3. 4. 5. 6. 7. 8. 9.],"[0.27217316 0.27217316 0.27217336 0.63608658 0.99999979 1.
 1.         1.         1.         1.        ]",2.183480535,1.3352360064074627
758,102584646,102584641,0,11516013,residential,O'Hare Road,0,True,184.52163360989843,,,,,,no,,"LINESTRING (-76.49312310000001 38.9878555, -76.4932752 38.987997, -76.4933755 38.9881018, -76.4934514 38.9881972, -76.4934815 38.988294, -76.4934762 38.9883729, -76.4934365 38.9884727, -76.4934423 38.9885181, -76.4934749 38.9885655, -76.4941516 38.9889355, -76.4942629 38.9889644, -76.4943911 38.9889059)",1.757326679318302,0.4484112263,0.5515887737,0.4484112263,[0. 1. 2. 3. 4. 5. 6. 7. 8. 9.],"[0.55158877 0.55158877 0.5515889  0.77579439 0.99999987 1.
 1.         1.         1.         1.        ]",1.3452336789000001,1.4919946045493266
759,10031944162,102589405,0,11515712,secondary,Bladen Street,1,False,8.91488236097896,2,,MD 70,,,no,,"LINESTRING (-76.4940738 38.9808572, -76.49415380000001 38.9809078)",0.0,0.0,1.0,0.0,[0. 1. 2. 3. 4. 5. 6. 7. 8. 9.],[1. 1. 1. 1. 1. 1. 1. 1. 1. 1.],0.0,0.0
760,10031944163,3627587194,0,581820581,secondary,Bladen Street,1,False,108.76661809462324,2,,MD 70,,,no,,"LINESTRING (-76.4941433 38.9807804, -76.4931828 38.9801823, -76.4931615 38.9801686)",0.0,0.0,1.0,0.0,[0. 1. 2. 3. 4. 5. 6. 7. 8. 9.],[1. 1. 1. 1. 1. 1. 1. 1. 1. 1.],0.0,0.0
761,10031944164,102572724,0,152027145,residential,City Gate Lane,0,False,12.565453546807746,,,,,,no,,"LINESTRING (-76.49630999999999 38.9765734, -76.4963712 38.9764709)",0.0,0.0,1.0,0.0,[0. 1. 2. 3. 4. 5. 6. 7. 8. 9.],[1. 1. 1. 1. 1. 1. 1. 1. 1. 1.],0.0,0.0
762,10031944164,102572723,0,152027145,residential,City Gate Lane,0,True,114.48954755246248,,,,,,no,,"LINESTRING (-76.49630999999999 38.9765734, -76.4962982 38.9765932, -76.4962692 38.9766637, -76.49625159999999 38.9767537, -76.4962113 38.9770845, -76.4962075 38.9771589, -76.49621 38.9772167, -76.4962319 38.9775945)",0.0,0.0,1.0,0.0,[0. 1. 2. 3. 4. 5. 6. 7. 8. 9.],[1. 1. 1. 1. 1. 1. 1. 1. 1. 1.],0.0,0.0
763,10031944168,102607664,0,1303089566,residential,Cathedral Street,0,False,81.75138411026154,,,,,,no,,"LINESTRING (-76.49349460000001 38.9767589, -76.4942171 38.9772333)",0.0,0.0,1.0,0.0,[0. 1. 2. 3. 4. 5. 6. 7. 8. 9.],[1. 1. 1. 1. 1. 1. 1. 1. 1. 1.],0.0,0.0
764,10031944168,102584598,0,1303089566,residential,Cathedral Street,0,True,28.373280260225734,,,,,,no,,"LINESTRING (-76.49349460000001 38.9767589, -76.4932439 38.9765942)",0.0,0.0,1.0,0.0,[0. 1. 2. 3. 4. 5. 6. 7. 8. 9.],[1. 1. 1. 1. 1. 1. 1. 1. 1. 1.],0.0,0.0
765,10031944170,102584598,0,396308142,residential,South Street,1,False,44.11304103137699,,,,,,no,,"LINESTRING (-76.4929274 38.9769054, -76.4932439 38.9765942)",0.0,0.0,1.0,0.0,[0. 1. 2. 3. 4. 5. 6. 7. 8. 9.],[1. 1. 1. 1. 1. 1. 1. 1. 1. 1.],0.0,0.0
766,102552045,102635911,0,11517728,residential,Ramsey Road,0,False,167.38135459179944,,,,,,no,,"LINESTRING (-76.4897136 38.9884869, -76.4898678 38.9886516, -76.4900166 38.988837, -76.4901119 38.9890153, -76.4901634 38.9891336, -76.4901867 38.9893077, -76.4901974 38.989783, -76.4902242 38.9898958)",13.089298811155063,0.7287463938,0.27125360620000005,0.7287463938,[0. 1. 2. 3. 4. 5. 6. 7. 8. 9.],"[0.27125361 0.27125361 0.27125382 0.6356268  0.99999979 1.
 1.         1.         1.         1.        ]",2.1862391814,1.3338203107977682
767,102552045,11365456002,0,"[11517728, 11512854]",residential,"['Ramsey Road', 'Ramsey Drive']",0,True,187.11892369041323,,,,,,no,,"LINESTRING (-76.4897136 38.9884869, -76.4896052 38.9883429, -76.4894311 38.9880485, -76.48934800000001 38.9878517, -76.4892926 38.9876557, -76.48911889999999 38.9870175, -76.48914619999999 38.9868874)",13.511554029184085,0.7326035323,0.26739646770000003,0.7326035323,[0. 1. 2. 3. 4. 5. 6. 7. 8. 9.],"[0.26739647 0.26739647 0.26739668 0.63369823 0.99999979 1.
 1.         1.         1.         1.        ]",2.1978105969,1.3278031521509057
768,10137915981,2098730878,0,11507757,residential,McNair Road,0,False,48.04047398631706,,,,,,no,,"LINESTRING (-76.4857367 38.9858171, -76.4853943 38.9858984, -76.48531079999999 38.9858495, -76.48523640000001 38.9858058)",13.73894449730466,0.7346198632,0.26538013680000005,0.7346198632,[0. 1. 2. 3. 4. 5. 6. 7. 8. 9.],"[0.26538014 0.26538014 0.26538035 0.63269007 0.99999979 1.
 1.         1.         1.         1.        ]",2.2038595895999995,1.324606553074488
769,10137915981,7185334298,0,"[436237643, 11507757]",residential,"['McNair Road', 'Sims Road']",0,True,167.58800902580379,,,,,,no,,"LINESTRING (-76.4857367 38.9858171, -76.4864735 38.985642, -76.48650170000001 38.9856163, -76.48718359999999 38.9849943, -76.4872519 38.9850158)",13.809748482304316,0.7352393338,0.26476066620000005,0.7352393338,[0. 1. 2. 3. 4. 5. 6. 7. 8. 9.],"[0.26476067 0.26476067 0.26476088 0.63238033 0.99999979 1.
 1.         1.         1.         1.        ]",2.2057180014,1.3236173712708792
770,102584924,2971465762,0,293941654,residential,East Street,0,False,71.7844498281294,,,,,,no,,"LINESTRING (-76.4875313 38.9791194, -76.4867113 38.9792215)",0.0,0.0,1.0,0.0,[0. 1. 2. 3. 4. 5. 6. 7. 8. 9.],[1. 1. 1. 1. 1. 1. 1. 1. 1. 1.],0.0,0.0
771,102584924,102584926,0,293941654,residential,East Street,0,True,97.6807579859453,,,,,,no,,"LINESTRING (-76.4875313 38.9791194, -76.48864709999999 38.9789804)",0.0,0.0,1.0,0.0,[0. 1. 2. 3. 4. 5. 6. 7. 8. 9.],[1. 1. 1. 1. 1. 1. 1. 1. 1. 1.],0.0,0.0
772,102584924,102620127,0,294005889,residential,Prince George Street,1,False,205.00731849662793,,,,,,no,,"LINESTRING (-76.4875313 38.9791194, -76.48936759999999 38.9802862)",0.0,0.0,1.0,0.0,[0. 1. 2. 3. 4. 5. 6. 7. 8. 9.],[1. 1. 1. 1. 1. 1. 1. 1. 1. 1.],0.0,0.0
773,102584926,102584924,0,293941654,residential,East Street,0,False,97.6807579859453,,,,,,no,,"LINESTRING (-76.48864709999999 38.9789804, -76.4875313 38.9791194)",0.0,0.0,1.0,0.0,[0. 1. 2. 3. 4. 5. 6. 7. 8. 9.],[1. 1. 1. 1. 1. 1. 1. 1. 1. 1.],0.0,0.0
774,102584926,102584927,0,293941654,residential,East Street,0,True,32.25962955092847,,,,,,no,,"LINESTRING (-76.48864709999999 38.9789804, -76.4890156 38.9789345)",0.0,0.0,1.0,0.0,[0. 1. 2. 3. 4. 5. 6. 7. 8. 9.],[1. 1. 1. 1. 1. 1. 1. 1. 1. 1.],0.0,0.0
775,102584926,12112019682,0,11518798,residential,Pinkney Street,0,True,153.32731824382657,1,,,,,no,,"LINESTRING (-76.48864709999999 38.9789804, -76.48735499999999 38.9785027, -76.48727479999999 38.9784612, -76.4872323 38.9784339, -76.48721500000001 38.9784203, -76.487189 38.9783999, -76.4871555 38.9783625, -76.48714029999999 38.9783083)",1.5165038309392944,0.4270472325,0.5729527675,0.4270472325,[0. 1. 2. 3. 4. 5. 6. 7. 8. 9.],"[0.57295277 0.57295277 0.57295289 0.78647638 0.99999988 1.
 1.         1.         1.         1.        ]",1.2811416975,1.4839479549774852
776,102584927,5759672918,0,11507855,residential,Fleet Street,1,False,143.37017377267,1,,,,,no,,"LINESTRING (-76.4890156 38.9789345, -76.48770570000001 38.9781436)",0.5872802934942261,0.2970550423,0.7029449577,0.2970550423,[0. 1. 2. 3. 4. 5. 6. 7. 8. 9.],"[0.70294496 0.70294496 0.70294504 0.85147248 0.99999991 1.
 1.         1.         1.         1.        ]",0.8911651269,1.3708830868832276
777,102584927,102584926,0,293941654,residential,East Street,0,False,32.25962955092847,,,,,,no,,"LINESTRING (-76.4890156 38.9789345, -76.48864709999999 38.9789804)",0.0,0.0,1.0,0.0,[0. 1. 2. 3. 4. 5. 6. 7. 8. 9.],[1. 1. 1. 1. 1. 1. 1. 1. 1. 1.],0.0,0.0
778,102584927,9630753847,0,293941654,residential,East Street,0,True,69.91192277987251,,,,,,no,,"LINESTRING (-76.4890156 38.9789345, -76.4898151 38.9788395)",0.0,0.0,1.0,0.0,[0. 1. 2. 3. 4. 5. 6. 7. 8. 9.],[1. 1. 1. 1. 1. 1. 1. 1. 1. 1.],0.0,0.0
779,102584929,9630753847,0,293941654,residential,East Street,0,False,7.214130686290839,,,,,,no,,"LINESTRING (-76.48989760000001 38.9788297, -76.4898151 38.9788395)",0.0,0.0,1.0,0.0,[0. 1. 2. 3. 4. 5. 6. 7. 8. 9.],[1. 1. 1. 1. 1. 1. 1. 1. 1. 1.],0.0,0.0
780,102584929,7475369165,0,633517752,residential,State Circle,1,False,5.21483800837058,,20 mph,,,roundabout,no,,"LINESTRING (-76.48989760000001 38.9788297, -76.4898937 38.9788765)",0.0,0.0,1.0,0.0,[0. 1. 2. 3. 4. 5. 6. 7. 8. 9.],[1. 1. 1. 1. 1. 1. 1. 1. 1. 1.],0.0,0.0
781,9630733047,9630733064,0,11503137,residential,Ellicott Avenue,0,False,167.7398795523761,,,,,,no,,"LINESTRING (-76.5015393 38.9768777, -76.50226549999999 38.9782766)",0.0,0.0,1.0,0.0,[0. 1. 2. 3. 4. 5. 6. 7. 8. 9.],[1. 1. 1. 1. 1. 1. 1. 1. 1. 1.],0.0,0.0
782,9630733047,102562052,0,11503137,residential,Ellicott Avenue,0,True,5.036059256718525,,,,,,no,,"LINESTRING (-76.5015393 38.9768777, -76.50151750000001 38.9768357)",0.0,0.0,1.0,0.0,[0. 1. 2. 3. 4. 5. 6. 7. 8. 9.],[1. 1. 1. 1. 1. 1. 1. 1. 1. 1.],0.0,0.0
783,9630733064,102562054,0,11503137,residential,Ellicott Avenue,0,False,5.82659198752132,,,,,,no,,"LINESTRING (-76.50226549999999 38.9782766, -76.5022907 38.9783252)",0.0,0.0,1.0,0.0,[0. 1. 2. 3. 4. 5. 6. 7. 8. 9.],[1. 1. 1. 1. 1. 1. 1. 1. 1. 1.],0.0,0.0
784,9630733064,9630733047,0,11503137,residential,Ellicott Avenue,0,True,167.7398795523761,,,,,,no,,"LINESTRING (-76.50226549999999 38.9782766, -76.5015393 38.9768777)",0.0,0.0,1.0,0.0,[0. 1. 2. 3. 4. 5. 6. 7. 8. 9.],[1. 1. 1. 1. 1. 1. 1. 1. 1. 1.],0.0,0.0
785,102552334,3812517082,0,11501294,residential,Turner Joy Road,1,False,162.2284318338188,,,,private,,no,,"LINESTRING (-76.4778508 38.9822934, -76.47777069999999 38.9823171, -76.4777065 38.9823249, -76.4776315 38.9823194, -76.47755479999999 38.9822883, -76.47653680000001 38.9816072, -76.47648820000001 38.9815634, -76.4764802 38.9814974, -76.4764881 38.98145)",13.764727376866032,0.734845894,0.265154106,0.734845894,[0. 1. 2. 3. 4. 5. 6. 7. 8. 9.],"[0.26515411 0.26515411 0.26515432 0.63257705 0.99999979 1.
 1.         1.         1.         1.        ]",2.204537682,1.324246010838239
786,9630733079,7755720282,0,11510018,residential,Jefferson Place,0,False,37.01691794163236,,,,,,no,,"LINESTRING (-76.50208550000001 38.9767289, -76.5022369 38.9770403)",0.0,0.0,1.0,0.0,[0. 1. 2. 3. 4. 5. 6. 7. 8. 9.],[1. 1. 1. 1. 1. 1. 1. 1. 1. 1.],0.0,0.0
787,9630733079,102599278,0,11510018,residential,Jefferson Place,0,True,7.277709736489299,,,,,,no,,"LINESTRING (-76.50208550000001 38.9767289, -76.5020593 38.9766667)",0.0,0.0,1.0,0.0,[0. 1. 2. 3. 4. 5. 6. 7. 8. 9.],[1. 1. 1. 1. 1. 1. 1. 1. 1. 1.],0.0,0.0
788,9630733081,764814696,0,1303099420,residential,Monticello Avenue,0,False,8.69087177236612,,,,,,no,,"LINESTRING (-76.50231049999999 38.9765127, -76.5023417 38.976587)",0.0,0.0,1.0,0.0,[0. 1. 2. 3. 4. 5. 6. 7. 8. 9.],[1. 1. 1. 1. 1. 1. 1. 1. 1. 1.],0.0,0.0
789,9630733081,102627696,0,1303099420,residential,Monticello Avenue,0,True,47.32839739936268,,,,,,no,,"LINESTRING (-76.50231049999999 38.9765127, -76.5022991 38.9764856, -76.5022043 38.9762873, -76.5021661 38.9762095, -76.5021148 38.9761153)",0.0,0.0,1.0,0.0,[0. 1. 2. 3. 4. 5. 6. 7. 8. 9.],[1. 1. 1. 1. 1. 1. 1. 1. 1. 1.],0.0,0.0
790,9630733136,102607817,0,1303099417,residential,Southgate Avenue,0,False,33.360558144755785,,,,,,no,,"LINESTRING (-76.5008251 38.976716, -76.5009429 38.9770017)",0.0,0.0,1.0,0.0,[0. 1. 2. 3. 4. 5. 6. 7. 8. 9.],[1. 1. 1. 1. 1. 1. 1. 1. 1. 1.],0.0,0.0
791,9630733136,7607685709,0,1303099417,residential,Southgate Avenue,0,True,21.801074470820073,,,,,,no,,"LINESTRING (-76.5008251 38.976716, -76.5007481 38.9765293)",0.0,0.0,1.0,0.0,[0. 1. 2. 3. 4. 5. 6. 7. 8. 9.],[1. 1. 1. 1. 1. 1. 1. 1. 1. 1.],0.0,0.0
792,102617954,102584619,0,11517308,residential,Phythian Road,0,False,17.286958960242245,,,,,,no,,"LINESTRING (-76.4924979 38.9868193, -76.4926382 38.9867085)",11.296600964265567,0.7104979048,0.28950209520000003,0.7104979048,[0. 1. 2. 3. 4. 5. 6. 7. 8. 9.],"[0.2895021  0.2895021  0.2895023  0.64475105 0.9999998  1.
 1.         1.         1.         1.        ]",2.1314937144,1.3605941729019189
793,102617954,3812799152,0,11512854,residential,Ramsey Drive,0,False,234.90990622406204,,,,,,no,,"LINESTRING (-76.4924979 38.9868193, -76.49239110000001 38.9867574, -76.4922885 38.9867298, -76.49220149999999 38.9867189, -76.4921039 38.9867221, -76.49195779999999 38.9867503, -76.49178980000001 38.9868014, -76.4914974 38.9869146, -76.4913478 38.9869588, -76.4912336 38.986971, -76.4910737 38.986976, -76.4909329 38.986936, -76.4908167 38.9868716, -76.49036479999999 38.9865974, -76.4902304 38.9865144, -76.4900794 38.9864738)",13.773515876727801,0.7349228211,0.26507717890000004,0.7349228211,[0. 1. 2. 3. 4. 5. 6. 7. 8. 9.],"[0.26507718 0.26507718 0.26507739 0.63253859 0.99999979 1.
 1.         1.         1.         1.        ]",2.2047684632999998,1.32412320265332
794,102617954,102583146,0,11517307,residential,Phythian Road,0,True,148.93405869901062,,,,,,no,,"LINESTRING (-76.4924979 38.9868193, -76.4923878 38.9868968, -76.4923265 38.9869275, -76.4922715 38.9869476, -76.4919132 38.9870664, -76.4916837 38.9871389, -76.4915879 38.9871755, -76.4915191 38.9872174, -76.4914957 38.9872576, -76.4913919 38.9876796)",11.296600964265567,0.7104979048,0.28950209520000003,0.7104979048,[0. 1. 2. 3. 4. 5. 6. 7. 8. 9.],"[0.2895021  0.2895021  0.2895023  0.64475105 0.9999998  1.
 1.         1.         1.         1.        ]",2.1314937144,1.3605941729019189
795,102618080,3158666143,0,11512872,secondary,College Avenue,0,False,75.97825388920973,2,25 mph,MD 450,,,no,,"LINESTRING (-76.4904592 38.9809842, -76.4910244 38.9804609)",0.0,0.0,1.0,0.0,[0. 1. 2. 3. 4. 5. 6. 7. 8. 9.],[1. 1. 1. 1. 1. 1. 1. 1. 1. 1.],0.0,0.0
796,102618080,10032187116,0,11512872,secondary,College Avenue,0,True,56.52138232647116,2,25 mph,MD 450,,,no,,"LINESTRING (-76.4904592 38.9809842, -76.4900423 38.9813758)",0.0,0.0,1.0,0.0,[0. 1. 2. 3. 4. 5. 6. 7. 8. 9.],[1. 1. 1. 1. 1. 1. 1. 1. 1. 1.],0.0,0.0
797,102618085,7475385917,0,11515712,secondary,Bladen Street,1,False,14.550233181856386,2,,MD 70,,,no,,"LINESTRING (-76.49201909999999 38.9795681, -76.4921512 38.9796492)",0.0,0.0,1.0,0.0,[0. 1. 2. 3. 4. 5. 6. 7. 8. 9.],[1. 1. 1. 1. 1. 1. 1. 1. 1. 1.],0.0,0.0
798,102618085,768922858,0,501436474,secondary,College Avenue,0,False,12.141776001150017,2,25 mph,MD 450,,,no,,"LINESTRING (-76.49201909999999 38.9795681, -76.492109 38.9794842)",0.0,0.0,1.0,0.0,[0. 1. 2. 3. 4. 5. 6. 7. 8. 9.],[1. 1. 1. 1. 1. 1. 1. 1. 1. 1.],0.0,0.0
799,102618085,1304010093,0,1079893518,secondary,College Avenue,0,True,4.856811702648879,2,25 mph,MD 450,,,no,,"LINESTRING (-76.49201909999999 38.9795681, -76.49198320000001 38.9796017)",0.0,0.0,1.0,0.0,[0. 1. 2. 3. 4. 5. 6. 7. 8. 9.],[1. 1. 1. 1. 1. 1. 1. 1. 1. 1.],0.0,0.0
800,102618087,7308527344,0,509105506,secondary,Church Circle,1,False,15.517522077949529,,,MD 450,,roundabout,no,,"LINESTRING (-76.4929719 38.9787552, -76.49308790000001 38.9787177, -76.4930967 38.9787127, -76.49313170000001 38.9786933)",0.0,0.0,1.0,0.0,[0. 1. 2. 3. 4. 5. 6. 7. 8. 9.],[1. 1. 1. 1. 1. 1. 1. 1. 1. 1.],0.0,0.0
801,102585562,102585565,0,402077769,residential,Conduit Street,0,True,131.45005843928413,,,,,,no,,"LINESTRING (-76.4927579 38.9746998, -76.4917753 38.975602)",2.1541269622144714,0.4781571992,0.5218428008,0.4781571992,[0. 1. 2. 3. 4. 5. 6. 7. 8. 9.],"[0.5218428  0.5218428  0.52184294 0.7609214  0.99999986 1.
 1.         1.         1.         1.        ]",1.4344715976,1.498568175538556
802,102585565,102580651,0,11516817,residential,Cathedral Street,0,False,87.97005974881353,,,,,,no,,"LINESTRING (-76.4917753 38.975602, -76.4925351 38.9761283)",0.0,0.0,1.0,0.0,[0. 1. 2. 3. 4. 5. 6. 7. 8. 9.],[1. 1. 1. 1. 1. 1. 1. 1. 1. 1.],0.0,0.0
803,102585565,102585562,0,402077769,residential,Conduit Street,0,False,131.45005843928413,,,,,,no,,"LINESTRING (-76.4917753 38.975602, -76.4927579 38.9746998)",2.1541269622144714,0.4781571992,0.5218428008,0.4781571992,[0. 1. 2. 3. 4. 5. 6. 7. 8. 9.],"[0.5218428  0.5218428  0.52184294 0.7609214  0.99999986 1.
 1.         1.         1.         1.        ]",1.4344715976,1.498568175538556
804,102585565,102585566,0,832234131,residential,Conduit Street,0,True,40.873568951521314,,,,,,no,,"LINESTRING (-76.4917753 38.975602, -76.49146330000001 38.9758782)",0.0,0.0,1.0,0.0,[0. 1. 2. 3. 4. 5. 6. 7. 8. 9.],[1. 1. 1. 1. 1. 1. 1. 1. 1. 1.],0.0,0.0
805,102585567,12112044751,0,402077770,residential,Conduit Street,0,False,35.66669747585719,,,,,,no,,"LINESTRING (-76.490177 38.9774854, -76.4900725 38.9777957)",0.0,0.0,1.0,0.0,[0. 1. 2. 3. 4. 5. 6. 7. 8. 9.],[1. 1. 1. 1. 1. 1. 1. 1. 1. 1.],0.0,0.0
806,102585567,12112044797,0,402077770,residential,Conduit Street,0,True,59.91903882269317,,,,,,no,,"LINESTRING (-76.490177 38.9774854, -76.4903379 38.9770117, -76.490354 38.9769644)",0.0,0.0,1.0,0.0,[0. 1. 2. 3. 4. 5. 6. 7. 8. 9.],[1. 1. 1. 1. 1. 1. 1. 1. 1. 1.],0.0,0.0
807,768922849,102589405,0,49826102,primary,Calvert Street,0,True,10.504331713620324,2,,,,,no,,"LINESTRING (-76.4942344 38.9808371, -76.49415380000001 38.9809078)",0.0,0.0,1.0,0.0,[0. 1. 2. 3. 4. 5. 6. 7. 8. 9.],[1. 1. 1. 1. 1. 1. 1. 1. 1. 1.],0.0,0.0
808,768922849,10031944163,0,581820581,secondary,Bladen Street,1,False,10.0875241540485,2,,MD 70,,,no,,"LINESTRING (-76.4942344 38.9808371, -76.4941433 38.9807804)",0.0,0.0,1.0,0.0,[0. 1. 2. 3. 4. 5. 6. 7. 8. 9.],[1. 1. 1. 1. 1. 1. 1. 1. 1. 1.],0.0,0.0
809,768922849,1299115487,0,49826102,primary,Calvert Street,0,False,94.06022591928243,2,,,,,no,,"LINESTRING (-76.4942344 38.9808371, -76.4942746 38.9808018, -76.4948412 38.9803045, -76.4949558 38.9802038)",0.0,0.0,1.0,0.0,[0. 1. 2. 3. 4. 5. 6. 7. 8. 9.],[1. 1. 1. 1. 1. 1. 1. 1. 1. 1.],0.0,0.0
810,102585569,12112044751,0,402077770,residential,Conduit Street,0,True,4.922755135665779,,,,,,no,,"LINESTRING (-76.49005699999999 38.9778383, -76.4900725 38.9777957)",0.0,0.0,1.0,0.0,[0. 1. 2. 3. 4. 5. 6. 7. 8. 9.],[1. 1. 1. 1. 1. 1. 1. 1. 1. 1.],0.0,0.0
811,102585569,12112044750,0,534626216,secondary,Main Street,1,False,14.906156638665646,1,,,,,no,,"LINESTRING (-76.49005699999999 38.9778383, -76.4902242 38.9778711)",0.0,0.0,1.0,0.0,[0. 1. 2. 3. 4. 5. 6. 7. 8. 9.],[1. 1. 1. 1. 1. 1. 1. 1. 1. 1.],0.0,0.0
812,102585566,102572161,0,11513744,residential,Union Street,0,True,86.20404744927278,,,,,,no,,"LINESTRING (-76.49146330000001 38.9758782, -76.4906874 38.9753912)",0.0,0.0,1.0,0.0,[0. 1. 2. 3. 4. 5. 6. 7. 8. 9.],[1. 1. 1. 1. 1. 1. 1. 1. 1. 1.],0.0,0.0
813,102585566,102585565,0,832234131,residential,Conduit Street,0,False,40.873568951521314,,,,,,no,,"LINESTRING (-76.49146330000001 38.9758782, -76.4917753 38.975602)",0.0,0.0,1.0,0.0,[0. 1. 2. 3. 4. 5. 6. 7. 8. 9.],[1. 1. 1. 1. 1. 1. 1. 1. 1. 1.],0.0,0.0
814,768922855,7035294162,0,11512128,secondary,Northwest Street,1,False,64.13378255462459,2,,,,,no,,"LINESTRING (-76.4948 38.9797166, -76.49423299999999 38.9793446)",0.0,0.0,1.0,0.0,[0. 1. 2. 3. 4. 5. 6. 7. 8. 9.],[1. 1. 1. 1. 1. 1. 1. 1. 1. 1.],0.0,0.0
815,768922858,1304010102,0,192889408,secondary,College Avenue,0,False,6.00027606480553,,,MD 450,,,no,,"LINESTRING (-76.492109 38.9794842, -76.49215289999999 38.9794424)",0.0,0.0,1.0,0.0,[0. 1. 2. 3. 4. 5. 6. 7. 8. 9.],[1. 1. 1. 1. 1. 1. 1. 1. 1. 1.],0.0,0.0
816,768922858,102618085,0,501436474,secondary,College Avenue,0,True,12.141776001150017,2,25 mph,MD 450,,,no,,"LINESTRING (-76.492109 38.9794842, -76.49201909999999 38.9795681)",0.0,0.0,1.0,0.0,[0. 1. 2. 3. 4. 5. 6. 7. 8. 9.],[1. 1. 1. 1. 1. 1. 1. 1. 1. 1.],0.0,0.0
817,102585916,102585917,0,11507482,secondary,King George Drive,0,False,149.9980920843142,,,MD 450,,,no,,"LINESTRING (-76.49731370000001 38.9869758, -76.4980989 38.9881788)",0.0,0.0,1.0,0.0,[0. 1. 2. 3. 4. 5. 6. 7. 8. 9.],[1. 1. 1. 1. 1. 1. 1. 1. 1. 1.],0.0,0.0
818,102585916,11419846902,0,11516103,residential,Juniper Street,0,True,24.111131818235496,,,,,,no,,"LINESTRING (-76.49731370000001 38.9869758, -76.4975031 38.9868166)",0.0,0.0,1.0,0.0,[0. 1. 2. 3. 4. 5. 6. 7. 8. 9.],[1. 1. 1. 1. 1. 1. 1. 1. 1. 1.],0.0,0.0
819,102585916,7985096496,0,38305514,secondary,King George Street,0,True,90.02717666293798,,,MD 450,,,no,,"LINESTRING (-76.49731370000001 38.9869758, -76.49651350000001 38.9864575)",0.0,0.0,1.0,0.0,[0. 1. 2. 3. 4. 5. 6. 7. 8. 9.],[1. 1. 1. 1. 1. 1. 1. 1. 1. 1.],0.0,0.0
820,102585917,102585916,0,11507482,secondary,King George Drive,0,True,149.9980920843142,,,MD 450,,,no,,"LINESTRING (-76.4980989 38.9881788, -76.49731370000001 38.9869758)",0.0,0.0,1.0,0.0,[0. 1. 2. 3. 4. 5. 6. 7. 8. 9.],[1. 1. 1. 1. 1. 1. 1. 1. 1. 1.],0.0,0.0
821,102585917,102584606,0,11514395,primary,Baltimore Boulevard,0,True,205.6218321116034,2,,MD 450,,,no,,"LINESTRING (-76.4980989 38.9881788, -76.49598159999999 38.9890221)",0.0,0.0,1.0,0.0,[0. 1. 2. 3. 4. 5. 6. 7. 8. 9.],[1. 1. 1. 1. 1. 1. 1. 1. 1. 1.],0.0,0.0
822,102585917,102627606,0,38305513,primary,Baltimore Boulevard,0,False,175.62859387724504,2,,MD 435,,,no,,"LINESTRING (-76.4980989 38.9881788, -76.49874800000001 38.9879411, -76.49885860000001 38.9879047, -76.4989657 38.9878816, -76.49905990000001 38.987872, -76.4991641 38.987874, -76.4992683 38.9878824, -76.4993679 38.9879092, -76.49946660000001 38.9879518, -76.4995507 38.9880049, -76.4998725 38.9882523)",0.0,0.0,1.0,0.0,[0. 1. 2. 3. 4. 5. 6. 7. 8. 9.],[1. 1. 1. 1. 1. 1. 1. 1. 1. 1.],0.0,0.0
823,7475385917,5566053184,0,11515712,secondary,Bladen Street,1,False,104.21683950813545,2,,MD 70,,,no,,"LINESTRING (-76.4921512 38.9796492, -76.4930908 38.9802365)",0.0,0.0,1.0,0.0,[0. 1. 2. 3. 4. 5. 6. 7. 8. 9.],[1. 1. 1. 1. 1. 1. 1. 1. 1. 1.],0.0,0.0
824,7475385916,768922858,0,581820581,secondary,Bladen Street,1,False,14.202835476094455,2,,MD 70,,,no,,"LINESTRING (-76.49222760000001 38.9795726, -76.492109 38.9794842)",0.0,0.0,1.0,0.0,[0. 1. 2. 3. 4. 5. 6. 7. 8. 9.],[1. 1. 1. 1. 1. 1. 1. 1. 1. 1.],0.0,0.0
825,10759362319,102597243,0,11517306,residential,Phythian Road,0,False,21.813536960436764,,,,,,no,,"LINESTRING (-76.4923953 38.9884811, -76.492188 38.9883692)",0.0,0.0,1.0,0.0,[0. 1. 2. 3. 4. 5. 6. 7. 8. 9.],[1. 1. 1. 1. 1. 1. 1. 1. 1. 1.],0.0,0.0
826,10759362319,102583136,0,"[11517306, 11508662]",residential,"['Halligan Road', 'Phythian Road']",0,True,254.90677856088755,,,,,,no,,"LINESTRING (-76.4923953 38.9884811, -76.4941974 38.9894543, -76.4946064 38.989389, -76.4949027 38.9892635)",0.0,0.0,1.0,0.0,[0. 1. 2. 3. 4. 5. 6. 7. 8. 9.],[1. 1. 1. 1. 1. 1. 1. 1. 1. 1.],0.0,0.0
827,10759362320,102583146,0,11506892,residential,Cromwell Road,0,False,182.136293880393,,,,,,no,,"LINESTRING (-76.49307829999999 38.9886132, -76.4929393 38.9885312, -76.49236639999999 38.9880565, -76.4923008 38.9880086, -76.49188340000001 38.9878252, -76.4913919 38.9876796)",9.47408499975751,0.6879735747,0.3120264253,0.6879735747,[0. 1. 2. 3. 4. 5. 6. 7. 8. 9.],"[0.31202643 0.31202643 0.31202662 0.65601321 0.9999998  1.
 1.         1.         1.         1.        ]",2.0639207241,1.3899619439989563
828,10759362320,102583138,0,11506892,residential,Cromwell Road,0,True,162.76630931068408,,,,,,no,,"LINESTRING (-76.49307829999999 38.9886132, -76.49386699999999 38.9890787, -76.49408339999999 38.9891807, -76.494383 38.989211, -76.4946843 38.9890924)",0.0,0.0,1.0,0.0,[0. 1. 2. 3. 4. 5. 6. 7. 8. 9.],[1. 1. 1. 1. 1. 1. 1. 1. 1. 1.],0.0,0.0
829,10759362323,102583136,0,11508662,residential,Halligan Road,0,False,8.228578425649497,,,,,,no,,"LINESTRING (-76.4949953 38.9892463, -76.4949027 38.9892635)",0.0,0.0,1.0,0.0,[0. 1. 2. 3. 4. 5. 6. 7. 8. 9.],[1. 1. 1. 1. 1. 1. 1. 1. 1. 1.],0.0,0.0
830,10759362323,102579624,0,11508662,residential,Halligan Road,0,True,46.812906130169004,,,,,,no,,"LINESTRING (-76.4949953 38.9892463, -76.49519909999999 38.9892086, -76.4954398 38.9890307)",0.0,0.0,1.0,0.0,[0. 1. 2. 3. 4. 5. 6. 7. 8. 9.],[1. 1. 1. 1. 1. 1. 1. 1. 1. 1.],0.0,0.0
831,1304061750,1304062043,0,227136223,residential,King George Street,1,False,55.160656513729414,2,,,private,,no,,"LINESTRING (-76.4847236 38.9789432, -76.4852374 38.9792374)",1.4093867740926758,0.4165041255,0.5834958745000001,0.4165041255,[0. 1. 2. 3. 4. 5. 6. 7. 8. 9.],"[0.58349587 0.58349587 0.58349599 0.79174794 0.99999988 1.
 1.         1.         1.         1.        ]",1.2495123764999998,1.4789376011311535
832,3466680481,876659098,0,1075128734,secondary,Duke of Gloucester Street,1,False,28.59750440249886,2,25 mph,,,,no,,"LINESTRING (-76.4901076 38.9767373, -76.4898547 38.9765715)",0.0,0.0,1.0,0.0,[0. 1. 2. 3. 4. 5. 6. 7. 8. 9.],[1. 1. 1. 1. 1. 1. 1. 1. 1. 1.],0.0,0.0
833,11869935913,11907983969,0,1303091354,residential,Tolson Street,0,False,27.986372637494362,,,,,,no,,"LINESTRING (-76.5019964 38.9927685, -76.5022359 38.9929379)",0.0,0.0,1.0,0.0,[0. 1. 2. 3. 4. 5. 6. 7. 8. 9.],[1. 1. 1. 1. 1. 1. 1. 1. 1. 1.],0.0,0.0
834,11869935913,11872618276,0,1303091354,residential,Tolson Street,0,True,9.616187632815382,,,,,,no,,"LINESTRING (-76.5019964 38.9927685, -76.50191409999999 38.9927103)",0.0,0.0,1.0,0.0,[0. 1. 2. 3. 4. 5. 6. 7. 8. 9.],[1. 1. 1. 1. 1. 1. 1. 1. 1. 1.],0.0,0.0
835,768923999,10031857098,0,61694557,residential,King George Street,1,False,106.3087632439605,1,,,private,,no,,"LINESTRING (-76.4829666 38.9778929, -76.48302889999999 38.9779324, -76.4839338 38.9784656, -76.4839448 38.9784723)",12.648532219695737,0.7245542309,0.27544576909999996,0.7245542309,[0. 1. 2. 3. 4. 5. 6. 7. 8. 9.],"[0.27544577 0.27544577 0.27544598 0.63772288 0.99999979 1.
 1.         1.         1.         1.        ]",2.1736626927,1.3402161792944536
836,102652281,102608141,0,11519098,residential,Cornhill Street,1,False,117.9470303333772,1,,,,,no,,"LINESTRING (-76.4899518 38.9786385, -76.4886422 38.9783407)",0.0,0.0,1.0,0.0,[0. 1. 2. 3. 4. 5. 6. 7. 8. 9.],[1. 1. 1. 1. 1. 1. 1. 1. 1. 1.],0.0,0.0
837,102652281,102584929,0,633517752,residential,State Circle,1,False,21.89172027535932,,20 mph,,,roundabout,no,,"LINESTRING (-76.4899518 38.9786385, -76.4899097 38.9787391, -76.48990329999999 38.9787869, -76.48989760000001 38.9788297)",0.0,0.0,1.0,0.0,[0. 1. 2. 3. 4. 5. 6. 7. 8. 9.],[1. 1. 1. 1. 1. 1. 1. 1. 1. 1.],0.0,0.0
838,102619678,102619680,0,11513124,residential,Amos Garrett Boulevard,0,False,88.5989279804971,,,,,,no,,"LINESTRING (-76.5019491 38.9723768, -76.50231290000001 38.9731217)",0.0,0.0,1.0,0.0,[0. 1. 2. 3. 4. 5. 6. 7. 8. 9.],[1. 1. 1. 1. 1. 1. 1. 1. 1. 1.],0.0,0.0
839,102619678,102613280,0,11513124,residential,Amos Garrett Boulevard,0,True,97.79538746810722,,,,,,no,,"LINESTRING (-76.5019491 38.9723768, -76.50154310000001 38.9715559)",0.0,0.0,1.0,0.0,[0. 1. 2. 3. 4. 5. 6. 7. 8. 9.],[1. 1. 1. 1. 1. 1. 1. 1. 1. 1.],0.0,0.0
840,102619678,102562801,0,11513973,residential,Academy Street,0,True,58.196290945459,,,,,,no,,"LINESTRING (-76.5019491 38.9723768, -76.5018712 38.9723813, -76.5013174 38.9725506)",0.0,0.0,1.0,0.0,[0. 1. 2. 3. 4. 5. 6. 7. 8. 9.],[1. 1. 1. 1. 1. 1. 1. 1. 1. 1.],0.0,0.0
841,102619678,102560959,0,1303099418,residential,Academy Street,0,False,139.32142429705215,,,,,,no,,"LINESTRING (-76.5019491 38.9723768, -76.50268010000001 38.9721317, -76.50342759999999 38.9718782)",0.0,0.0,1.0,0.0,[0. 1. 2. 3. 4. 5. 6. 7. 8. 9.],[1. 1. 1. 1. 1. 1. 1. 1. 1. 1.],0.0,0.0
842,102619680,102619682,0,11513124,residential,Amos Garrett Boulevard,0,False,92.22002653400045,,,,,,no,,"LINESTRING (-76.50231290000001 38.9731217, -76.5026828 38.9738996)",0.0,0.0,1.0,0.0,[0. 1. 2. 3. 4. 5. 6. 7. 8. 9.],[1. 1. 1. 1. 1. 1. 1. 1. 1. 1.],0.0,0.0
843,102619680,102619678,0,11513124,residential,Amos Garrett Boulevard,0,True,88.5989279804971,,,,,,no,,"LINESTRING (-76.50231290000001 38.9731217, -76.5019491 38.9723768)",0.0,0.0,1.0,0.0,[0. 1. 2. 3. 4. 5. 6. 7. 8. 9.],[1. 1. 1. 1. 1. 1. 1. 1. 1. 1.],0.0,0.0
844,102619682,102619684,0,11513124,residential,Amos Garrett Boulevard,0,False,7.471772751668174,,,,,,no,,"LINESTRING (-76.5026828 38.9738996, -76.5027118 38.9739629)",0.0,0.0,1.0,0.0,[0. 1. 2. 3. 4. 5. 6. 7. 8. 9.],[1. 1. 1. 1. 1. 1. 1. 1. 1. 1.],0.0,0.0
845,102619682,102619680,0,11513124,residential,Amos Garrett Boulevard,0,True,92.22002653400045,,,,,,no,,"LINESTRING (-76.5026828 38.9738996, -76.50231290000001 38.9731217)",0.0,0.0,1.0,0.0,[0. 1. 2. 3. 4. 5. 6. 7. 8. 9.],[1. 1. 1. 1. 1. 1. 1. 1. 1. 1.],0.0,0.0
846,102619682,102560963,0,11518967,residential,Granville Avenue,0,False,173.2141189531341,,,,,,no,,"LINESTRING (-76.5026828 38.9738996, -76.5034654 38.9737625, -76.503562 38.973723, -76.5038624 38.9735229, -76.5042304 38.9732824, -76.504413 38.9731927)",0.0,0.0,1.0,0.0,[0. 1. 2. 3. 4. 5. 6. 7. 8. 9.],[1. 1. 1. 1. 1. 1. 1. 1. 1. 1.],0.0,0.0
847,102619684,102619685,0,11513124,residential,Amos Garrett Boulevard,0,False,87.5658624594604,,,,,,no,,"LINESTRING (-76.5027118 38.9739629, -76.50305400000001 38.9747041)",0.0,0.0,1.0,0.0,[0. 1. 2. 3. 4. 5. 6. 7. 8. 9.],[1. 1. 1. 1. 1. 1. 1. 1. 1. 1.],0.0,0.0
848,102619684,102619682,0,11513124,residential,Amos Garrett Boulevard,0,True,7.471772751668174,,,,,,no,,"LINESTRING (-76.5027118 38.9739629, -76.5026828 38.9738996)",0.0,0.0,1.0,0.0,[0. 1. 2. 3. 4. 5. 6. 7. 8. 9.],[1. 1. 1. 1. 1. 1. 1. 1. 1. 1.],0.0,0.0
849,102619684,102562796,0,11517476,residential,Stehle Street,0,True,44.63174760672053,,,,,,no,,"LINESTRING (-76.5027118 38.9739629, -76.5022408 38.9741273)",0.0,0.0,1.0,0.0,[0. 1. 2. 3. 4. 5. 6. 7. 8. 9.],[1. 1. 1. 1. 1. 1. 1. 1. 1. 1.],0.0,0.0
850,102619685,102612488,0,11513124,residential,Amos Garrett Boulevard,0,False,23.761897555773725,,,,,,no,,"LINESTRING (-76.50305400000001 38.9747041, -76.5031125 38.9749129)",0.0,0.0,1.0,0.0,[0. 1. 2. 3. 4. 5. 6. 7. 8. 9.],[1. 1. 1. 1. 1. 1. 1. 1. 1. 1.],0.0,0.0
851,102619685,102619684,0,11513124,residential,Amos Garrett Boulevard,0,True,87.5658624594604,,,,,,no,,"LINESTRING (-76.50305400000001 38.9747041, -76.5027118 38.9739629)",0.0,0.0,1.0,0.0,[0. 1. 2. 3. 4. 5. 6. 7. 8. 9.],[1. 1. 1. 1. 1. 1. 1. 1. 1. 1.],0.0,0.0
852,102619685,8741681214,0,944162948,residential,Brooke Avenue,1,False,34.09392883389404,,,,,,no,,"LINESTRING (-76.50305400000001 38.9747041, -76.5028071 38.9749432)",0.0,0.0,1.0,0.0,[0. 1. 2. 3. 4. 5. 6. 7. 8. 9.],[1. 1. 1. 1. 1. 1. 1. 1. 1. 1.],0.0,0.0
853,102619685,102560969,0,11516285,residential,Constitution Avenue,0,False,183.5794484607765,,,,,,no,,"LINESTRING (-76.50305400000001 38.9747041, -76.5043419 38.9742945, -76.50501819999999 38.9740765)",0.0,0.0,1.0,0.0,[0. 1. 2. 3. 4. 5. 6. 7. 8. 9.],[1. 1. 1. 1. 1. 1. 1. 1. 1. 1.],0.0,0.0
854,506036944,102631416,0,114751046,secondary,Church Circle,1,False,26.584951907232774,,,MD 450,,roundabout,no,,"LINESTRING (-76.4923338 38.9783366, -76.4923065 38.9783873, -76.4922971 38.9784403, -76.49229920000001 38.9785038, -76.4923185 38.9785692)",0.0,0.0,1.0,0.0,[0. 1. 2. 3. 4. 5. 6. 7. 8. 9.],[1. 1. 1. 1. 1. 1. 1. 1. 1. 1.],0.0,0.0
855,102587075,7031700541,0,11507733,tertiary,Ridgely Avenue,0,False,62.27141227549355,,,MD 436,,,no,,"LINESTRING (-76.5015867 38.9882237, -76.5021349 38.9885871)",0.0,0.0,1.0,0.0,[0. 1. 2. 3. 4. 5. 6. 7. 8. 9.],[1. 1. 1. 1. 1. 1. 1. 1. 1. 1.],0.0,0.0
856,102587075,5018183970,0,192889421,primary,Taylor Avenue,0,False,32.24793290809214,2,,MD 435,,,no,,"LINESTRING (-76.5015867 38.9882237, -76.5013421 38.9884427)",0.0,0.0,1.0,0.0,[0. 1. 2. 3. 4. 5. 6. 7. 8. 9.],[1. 1. 1. 1. 1. 1. 1. 1. 1. 1.],0.0,0.0
857,102587075,3583517854,0,192889421,primary,Taylor Avenue,0,True,66.91834599758565,2,,MD 435,,,no,,"LINESTRING (-76.5015867 38.9882237, -76.5020942 38.9877692)",0.0,0.0,1.0,0.0,[0. 1. 2. 3. 4. 5. 6. 7. 8. 9.],[1. 1. 1. 1. 1. 1. 1. 1. 1. 1.],0.0,0.0
858,102587075,3583517825,0,352595209,residential,Ridgely Avenue,0,True,52.02308191290884,,,,,,no,,"LINESTRING (-76.5015867 38.9882237, -76.5014082 38.9880971, -76.50133820000001 38.9880275, -76.50123670000001 38.9878528)",0.0,0.0,1.0,0.0,[0. 1. 2. 3. 4. 5. 6. 7. 8. 9.],[1. 1. 1. 1. 1. 1. 1. 1. 1. 1.],0.0,0.0
859,102587077,8389550498,0,11507733,tertiary,Ridgely Avenue,0,True,40.317280964909656,,,MD 436,,,no,,"LINESTRING (-76.5030435 38.9892443, -76.502702 38.9889973)",0.0,0.0,1.0,0.0,[0. 1. 2. 3. 4. 5. 6. 7. 8. 9.],[1. 1. 1. 1. 1. 1. 1. 1. 1. 1.],0.0,0.0
860,102587077,8064433823,0,1303091350,residential,Giddings Avenue,0,False,43.81069377292241,,,,,,no,,"LINESTRING (-76.5030435 38.9892443, -76.5033912 38.9889576)",0.0,0.0,1.0,0.0,[0. 1. 2. 3. 4. 5. 6. 7. 8. 9.],[1. 1. 1. 1. 1. 1. 1. 1. 1. 1.],0.0,0.0
861,102587077,102597968,0,1303091350,residential,Giddings Avenue,0,True,117.34715339952332,,,,,,no,,"LINESTRING (-76.5030435 38.9892443, -76.50212639999999 38.9900225)",0.0,0.0,1.0,0.0,[0. 1. 2. 3. 4. 5. 6. 7. 8. 9.],[1. 1. 1. 1. 1. 1. 1. 1. 1. 1.],0.0,0.0
862,102587077,102587078,0,11507733,tertiary,Ridgely Avenue,0,False,142.38185966890543,,,MD 436,,,no,,"LINESTRING (-76.5030435 38.9892443, -76.5034314 38.9895198, -76.5042596 38.9901081)",0.0,0.0,1.0,0.0,[0. 1. 2. 3. 4. 5. 6. 7. 8. 9.],[1. 1. 1. 1. 1. 1. 1. 1. 1. 1.],0.0,0.0
863,102587078,102593329,0,743255227,tertiary,Melvin Avenue,0,False,117.8697133115719,,,,,,no,,"LINESTRING (-76.5042596 38.9901081, -76.5033337 38.9908864)",0.0,0.0,1.0,0.0,[0. 1. 2. 3. 4. 5. 6. 7. 8. 9.],[1. 1. 1. 1. 1. 1. 1. 1. 1. 1.],0.0,0.0
864,102587078,102587077,0,11507733,tertiary,Ridgely Avenue,0,True,142.38185966890543,,,MD 436,,,no,,"LINESTRING (-76.5042596 38.9901081, -76.5034314 38.9895198, -76.5030435 38.9892443)",0.0,0.0,1.0,0.0,[0. 1. 2. 3. 4. 5. 6. 7. 8. 9.],[1. 1. 1. 1. 1. 1. 1. 1. 1. 1.],0.0,0.0
865,102587078,6799652357,0,743255227,tertiary,Melvin Avenue,0,True,106.67343119902029,,,,,,no,,"LINESTRING (-76.5042596 38.9901081, -76.5046072 38.9898159, -76.50509750000001 38.9894037)",0.0,0.0,1.0,0.0,[0. 1. 2. 3. 4. 5. 6. 7. 8. 9.],[1. 1. 1. 1. 1. 1. 1. 1. 1. 1.],0.0,0.0
866,7308532659,102631416,0,115397811,residential,School Street,1,False,7.777737003210999,,,,,,no,,"LINESTRING (-76.4922289 38.9785756, -76.4923185 38.9785692)",0.0,0.0,1.0,0.0,[0. 1. 2. 3. 4. 5. 6. 7. 8. 9.],[1. 1. 1. 1. 1. 1. 1. 1. 1. 1.],0.0,0.0
867,4354431921,102584617,0,11507186,residential,Bowyer Road,0,False,53.49054379944902,,,,,,no,,"LINESTRING (-76.49342249999999 38.9872321, -76.49295100000001 38.9869205)",2.1372406650475195,0.4770040118,0.5229959881999999,0.4770040118,[0. 1. 2. 3. 4. 5. 6. 7. 8. 9.],"[0.52299599 0.52299599 0.52299612 0.76149799 0.99999986 1.
 1.         1.         1.         1.        ]",1.4310120354000002,1.4984128962592884
868,4354431921,102584615,0,11507186,residential,Bowyer Road,0,True,71.35206538512321,,,,,,no,,"LINESTRING (-76.49342249999999 38.9872321, -76.4940515 38.9876477)",2.1372406650475195,0.4770040118,0.5229959881999999,0.4770040118,[0. 1. 2. 3. 4. 5. 6. 7. 8. 9.],"[0.52299599 0.52299599 0.52299612 0.76149799 0.99999986 1.
 1.         1.         1.         1.        ]",1.4310120354000002,1.4984128962592884
869,4354431921,8390795756,0,437649001,residential,Vandergrift Road,0,True,22.49797028787356,,,,,,no,,"LINESTRING (-76.49342249999999 38.9872321, -76.49360470000001 38.9870876)",2.1372406650475195,0.4770040118,0.5229959881999999,0.4770040118,[0. 1. 2. 3. 4. 5. 6. 7. 8. 9.],"[0.52299599 0.52299599 0.52299612 0.76149799 0.99999986 1.
 1.         1.         1.         1.        ]",1.4310120354000002,1.4984128962592884
870,4354431922,102636689,0,11507189,residential,Fire Station Road,0,False,12.405452431491652,,,,,,no,,"LINESTRING (-76.4927742 38.9873605, -76.4929104 38.9873253)",2.443465547650211,0.4966430794,0.5033569205999999,0.4966430794,[0. 1. 2. 3. 4. 5. 6. 7. 8. 9.],"[0.50335692 0.50335692 0.50335706 0.75167846 0.99999986 1.
 1.         1.         1.         1.        ]",1.4899292382000002,1.499966382693574
871,4354431922,3812813020,0,11507189,residential,Fire Station Road,0,True,25.543694421436797,,,,,,no,,"LINESTRING (-76.4927742 38.9873605, -76.4926468 38.9874004, -76.4925837 38.9874255, -76.4925604 38.9874909)",12.991029765802127,0.727826845,0.27217315500000006,0.727826845,[0. 1. 2. 3. 4. 5. 6. 7. 8. 9.],"[0.27217316 0.27217316 0.27217336 0.63608658 0.99999979 1.
 1.         1.         1.         1.        ]",2.183480535,1.3352360064074627
872,4835957716,102614360,0,11512237,residential,Ridge Road,0,False,44.93193229268755,,,,,,no,,"LINESTRING (-76.4944467 38.994348, -76.49494300000001 38.9944684)",7.122977947649744,0.6499489733,0.3500510267,0.6499489733,[0. 1. 2. 3. 4. 5. 6. 7. 8. 9.],"[0.35005103 0.35005103 0.35005121 0.67502551 0.99999981 1.
 1.         1.         1.         1.        ]",1.9498469199,1.430957194989446
873,4835957716,4835957716,0,11512237,residential,Ridge Road,0,False,80.62336547317533,,,,,,no,,"LINESTRING (-76.4944467 38.994348, -76.4941463 38.9943676, -76.49407979999999 38.994357, -76.4940775 38.9943195, -76.494105 38.9942411, -76.4941669 38.9942144, -76.4942495 38.9942215, -76.4943045 38.9942464, -76.4944467 38.994348)",7.023675894198206,0.6480339673,0.35196603270000004,0.6480339673,[0. 1. 2. 3. 4. 5. 6. 7. 8. 9.],"[0.35196603 0.35196603 0.35196622 0.67598302 0.99999981 1.
 1.         1.         1.         1.        ]",1.9441019018999999,1.4327505867277195
874,4835957716,4835957716,1,11512237,residential,Ridge Road,0,True,80.62336547317534,,,,,,no,,"LINESTRING (-76.4944467 38.994348, -76.4943045 38.9942464, -76.4942495 38.9942215, -76.4941669 38.9942144, -76.494105 38.9942411, -76.4940775 38.9943195, -76.49407979999999 38.994357, -76.4941463 38.9943676, -76.4944467 38.994348)",7.023675894198206,0.6480339673,0.35196603270000004,0.6480339673,[0. 1. 2. 3. 4. 5. 6. 7. 8. 9.],"[0.35196603 0.35196603 0.35196622 0.67598302 0.99999981 1.
 1.         1.         1.         1.        ]",1.9441019018999999,1.4327505867277195
875,102620127,7036242950,0,294005889,residential,Prince George Street,1,False,41.403872579361135,,,,,,no,,"LINESTRING (-76.48936759999999 38.9802862, -76.4897381 38.9805222)",0.0,0.0,1.0,0.0,[0. 1. 2. 3. 4. 5. 6. 7. 8. 9.],[1. 1. 1. 1. 1. 1. 1. 1. 1. 1.],0.0,0.0
876,102620127,7475369162,0,534640214,residential,Maryland Avenue,0,False,118.81094318036334,,,,,,no,,"LINESTRING (-76.48936759999999 38.9802862, -76.4902551 38.9794703)",0.0,0.0,1.0,0.0,[0. 1. 2. 3. 4. 5. 6. 7. 8. 9.],[1. 1. 1. 1. 1. 1. 1. 1. 1. 1.],0.0,0.0
877,102620127,102575051,0,534640214,residential,Maryland Avenue,0,True,81.15501770322132,,,,,,no,,"LINESTRING (-76.48936759999999 38.9802862, -76.4887703 38.9808493)",0.0,0.0,1.0,0.0,[0. 1. 2. 3. 4. 5. 6. 7. 8. 9.],[1. 1. 1. 1. 1. 1. 1. 1. 1. 1.],0.0,0.0
878,102620129,7475369162,0,534640214,residential,Maryland Avenue,0,True,7.00092931417129,,,,,,no,,"LINESTRING (-76.49030689999999 38.9794219, -76.4902551 38.9794703)",0.0,0.0,1.0,0.0,[0. 1. 2. 3. 4. 5. 6. 7. 8. 9.],[1. 1. 1. 1. 1. 1. 1. 1. 1. 1.],0.0,0.0
879,102620129,102656066,0,11520321,residential,State Circle,1,False,25.99422896698886,2,20 mph,,,roundabout,no,,"LINESTRING (-76.49030689999999 38.9794219, -76.4903807 38.9794434, -76.4904619 38.9794565, -76.490599 38.9794742)",0.0,0.0,1.0,0.0,[0. 1. 2. 3. 4. 5. 6. 7. 8. 9.],[1. 1. 1. 1. 1. 1. 1. 1. 1. 1.],0.0,0.0
880,102554613,2286912254,0,11509752,residential,Longshaw Road,0,True,14.573385684346793,,,,,,no,,"LINESTRING (-76.49368219999999 38.9899015, -76.4938033 38.9899927)",0.0,0.0,1.0,0.0,[0. 1. 2. 3. 4. 5. 6. 7. 8. 9.],[1. 1. 1. 1. 1. 1. 1. 1. 1. 1.],0.0,0.0
881,102554613,102581989,0,"[11501729, 11506647]",residential,Wood Road,0,False,349.7497123379681,,,,,,no,,"LINESTRING (-76.49368219999999 38.9899015, -76.4931382 38.9901998, -76.49304359999999 38.9901964, -76.4920339 38.9895641, -76.49157049999999 38.9894306, -76.49080410000001 38.9889208, -76.4907805 38.9888931, -76.4907613 38.9888541, -76.49072390000001 38.9887474, -76.49066550000001 38.9885601)",5.5149547125871,0.6144958212,0.3855041788,0.6144958212,[0. 1. 2. 3. 4. 5. 6. 7. 8. 9.],"[0.38550418 0.38550418 0.38550435 0.69275209 0.99999982 1.
 1.         1.         1.         1.        ]",1.8434874636,1.4601428241560521
882,102554613,102597243,0,"[11509752, 11509754]",residential,Longshaw Road,0,"[False, True]",255.88754464055788,,,,,,no,,"LINESTRING (-76.49368219999999 38.9899015, -76.492125 38.988897, -76.491837 38.9887109, -76.492188 38.9883692)",0.0,0.0,1.0,0.0,[0. 1. 2. 3. 4. 5. 6. 7. 8. 9.],[1. 1. 1. 1. 1. 1. 1. 1. 1. 1.],0.0,0.0
883,102652979,102596476,0,11519252,residential,Ridge Avenue,0,False,41.33093226570895,,,,,,no,,"LINESTRING (-76.502027 38.9804705, -76.5019095 38.9808308)",0.0,0.0,1.0,0.0,[0. 1. 2. 3. 4. 5. 6. 7. 8. 9.],[1. 1. 1. 1. 1. 1. 1. 1. 1. 1.],0.0,0.0
884,102652979,102620905,0,11519252,residential,Ridge Avenue,0,True,116.9565194870267,,,,,,no,,"LINESTRING (-76.502027 38.9804705, -76.5018773 38.980306, -76.501475 38.9799004, -76.50104399999999 38.9798547)",0.0,0.0,1.0,0.0,[0. 1. 2. 3. 4. 5. 6. 7. 8. 9.],[1. 1. 1. 1. 1. 1. 1. 1. 1. 1.],0.0,0.0
885,102587586,3713976514,0,11511461,residential,Market Space,1,False,4.161339565200567,,,,,,no,,"LINESTRING (-76.487414 38.9779579, -76.48744550000001 38.9779296)",1.5569889746007934,0.4308523755,0.5691476245,0.4308523755,[0. 1. 2. 3. 4. 5. 6. 7. 8. 9.],"[0.56914762 0.56914762 0.56914775 0.78457381 0.99999988 1.
 1.         1.         1.         1.        ]",1.2925571265,1.4855867353514254
886,102587587,12112769136,0,633517751,residential,Fleet Street,1,False,16.155252760639357,1,,,,,no,,"LINESTRING (-76.4876415 38.9781048, -76.48749770000001 38.978012)",1.5569889746007934,0.4308523755,0.5691476245,0.4308523755,[0. 1. 2. 3. 4. 5. 6. 7. 8. 9.],"[0.56914762 0.56914762 0.56914775 0.78457381 0.99999988 1.
 1.         1.         1.         1.        ]",1.2925571265,1.4855867353514254
887,4383628533,4383628535,0,633517747,secondary,,1,False,2.465510402007495,,,,,roundabout,no,,"LINESTRING (-76.4872752 38.9773667, -76.4872471 38.9773629)",1.5625466308889404,0.4313674943,0.5686325057,0.4313674943,[0. 1. 2. 3. 4. 5. 6. 7. 8. 9.],"[0.56863251 0.56863251 0.56863263 0.78431625 0.99999988 1.
 1.         1.         1.         1.        ]",1.2941024828999999,1.4858017051614716
888,4383628535,10245669636,0,50319305,secondary,Compromise Street,1,False,9.238556844504828,,,,,,no,,"LINESTRING (-76.4872471 38.9773629, -76.48719490000001 38.9772904)",1.6572797498998657,0.4398931648,0.5601068352,0.4398931648,[0. 1. 2. 3. 4. 5. 6. 7. 8. 9.],"[0.56010684 0.56010684 0.56010696 0.78005342 0.99999987 1.
 1.         1.         1.         1.        ]",1.3196794943999999,1.4891222312639179
889,4383628535,639278205,0,50319304,secondary,,1,False,26.54995242497441,,,,,roundabout,no,,"LINESTRING (-76.4872471 38.9773629, -76.4872087 38.9773639, -76.4871718 38.977372, -76.48713840000001 38.9773867, -76.4871105 38.9774072, -76.4870896 38.9774322, -76.487077 38.9774604, -76.48707349999999 38.9774901, -76.4870791 38.9775197)",1.6870435676870361,0.442477105,0.557522895,0.442477105,[0. 1. 2. 3. 4. 5. 6. 7. 8. 9.],"[0.55752289 0.55752289 0.55752302 0.77876145 0.99999987 1.
 1.         1.         1.         1.        ]",1.3274313150000001,1.4900404545865198
890,4383628537,10031904484,0,50319297,secondary,Compromise Street,0,True,18.105321446022682,,,,,,no,,"LINESTRING (-76.4868767 38.9771056, -76.48680539999999 38.9769525)",2.0086090765295044,0.4679159121,0.5320840879,0.4679159121,[0. 1. 2. 3. 4. 5. 6. 7. 8. 9.],"[0.53208409 0.53208409 0.53208422 0.76604204 0.99999987 1.
 1.         1.         1.         1.        ]",1.4037477363000002,1.4969088276337852
891,4383628537,639278160,0,627373679,secondary,Compromise Street,1,False,7.105595347300603,2,,,,,no,,"LINESTRING (-76.4868767 38.9771056, -76.4868912 38.9771685)",2.0086090765295044,0.4679159121,0.5320840879,0.4679159121,[0. 1. 2. 3. 4. 5. 6. 7. 8. 9.],"[0.53208409 0.53208409 0.53208422 0.76604204 0.99999987 1.
 1.         1.         1.         1.        ]",1.4037477363000002,1.4969088276337852
892,5488762136,102584615,0,11507186,residential,Bowyer Road,0,False,55.83367210696702,,,,,,no,,"LINESTRING (-76.4945554 38.9879619, -76.4940515 38.9876477)",0.0,0.0,1.0,0.0,[0. 1. 2. 3. 4. 5. 6. 7. 8. 9.],[1. 1. 1. 1. 1. 1. 1. 1. 1. 1.],0.0,0.0
893,5488762136,102584613,0,11507186,residential,Bowyer Road,0,True,54.82804230097269,,,,,,no,,"LINESTRING (-76.4945554 38.9879619, -76.4949215 38.9882119, -76.4950128 38.9883015)",0.0,0.0,1.0,0.0,[0. 1. 2. 3. 4. 5. 6. 7. 8. 9.],[1. 1. 1. 1. 1. 1. 1. 1. 1. 1.],0.0,0.0
894,7229545534,102646589,0,11517975,primary,Taylor Avenue,0,True,75.7672716880533,4,,MD 435,,,no,,"LINESTRING (-76.50351209999999 38.9864994, -76.50307189999999 38.9868936, -76.50305059999999 38.9869127, -76.5029375 38.987014)",0.0,0.0,1.0,0.0,[0. 1. 2. 3. 4. 5. 6. 7. 8. 9.],[1. 1. 1. 1. 1. 1. 1. 1. 1. 1.],0.0,0.0
895,11400928887,102589153,0,1229453339,residential,,0,False,161.72446413690687,,,,private,,no,,"LINESTRING (-76.4773014 38.9806201, -76.47874640000001 38.981544)",12.597276516723324,0.724055176,0.275944824,0.724055176,[0. 1. 2. 3. 4. 5. 6. 7. 8. 9.],"[0.27594482 0.27594482 0.27594503 0.63797241 0.99999979 1.
 1.         1.         1.         1.        ]",2.172165528,1.3409676853581147
896,11400928887,5794741402,0,377864877,residential,Turner Joy Road,1,False,429.5909069881315,,,,private,,no,,"LINESTRING (-76.4773014 38.9806201, -76.4795594 38.9785116, -76.48021970000001 38.9778933, -76.48028410000001 38.9778395, -76.4803677 38.9778077, -76.48058229999999 38.9777728)",13.648032911586453,0.7338186844,0.2661813156,0.7338186844,[0. 1. 2. 3. 4. 5. 6. 7. 8. 9.],"[0.26618132 0.26618132 0.26618153 0.63309066 0.99999979 1.
 1.         1.         1.         1.        ]",2.2014560532000003,1.3258809323729623
897,102620903,102620905,0,11513341,residential,Ridout Street,0,False,37.86772336147075,,,,,,no,,"LINESTRING (-76.50100089999999 38.9801936, -76.50104399999999 38.9798547)",0.0,0.0,1.0,0.0,[0. 1. 2. 3. 4. 5. 6. 7. 8. 9.],[1. 1. 1. 1. 1. 1. 1. 1. 1. 1.],0.0,0.0
898,102620905,102568128,0,11513341,residential,Ridout Street,0,False,72.47238685580118,,,,,,no,,"LINESTRING (-76.50104399999999 38.9798547, -76.5011238 38.9792059)",0.0,0.0,1.0,0.0,[0. 1. 2. 3. 4. 5. 6. 7. 8. 9.],[1. 1. 1. 1. 1. 1. 1. 1. 1. 1.],0.0,0.0
899,102620905,102620903,0,11513341,residential,Ridout Street,0,True,37.86772336147075,,,,,,no,,"LINESTRING (-76.50104399999999 38.9798547, -76.50100089999999 38.9801936)",0.0,0.0,1.0,0.0,[0. 1. 2. 3. 4. 5. 6. 7. 8. 9.],[1. 1. 1. 1. 1. 1. 1. 1. 1. 1.],0.0,0.0
900,102620905,102646387,0,824433731,residential,Clay Street,0,True,73.89274368454979,,15 mph,,,,no,,"LINESTRING (-76.50104399999999 38.9798547, -76.5001913 38.9798076)",0.0,0.0,1.0,0.0,[0. 1. 2. 3. 4. 5. 6. 7. 8. 9.],[1. 1. 1. 1. 1. 1. 1. 1. 1. 1.],0.0,0.0
901,102620905,102652979,0,11519252,residential,Ridge Avenue,0,False,116.95651948702667,,,,,,no,,"LINESTRING (-76.50104399999999 38.9798547, -76.501475 38.9799004, -76.5018773 38.980306, -76.502027 38.9804705)",0.0,0.0,1.0,0.0,[0. 1. 2. 3. 4. 5. 6. 7. 8. 9.],[1. 1. 1. 1. 1. 1. 1. 1. 1. 1.],0.0,0.0
902,8413536022,102629499,0,1071788458,residential,Tucker Street,0,False,48.90307817853396,,,,,,no,,"LINESTRING (-76.5008076 38.9904742, -76.501229 38.9907677)",0.0,0.0,1.0,0.0,[0. 1. 2. 3. 4. 5. 6. 7. 8. 9.],[1. 1. 1. 1. 1. 1. 1. 1. 1. 1.],0.0,0.0
903,8413536022,102638844,0,1071788458,residential,Tucker Street,0,True,79.88380127758323,,,,,,no,,"LINESTRING (-76.5008076 38.9904742, -76.5001192 38.9899948)",0.0,0.0,1.0,0.0,[0. 1. 2. 3. 4. 5. 6. 7. 8. 9.],[1. 1. 1. 1. 1. 1. 1. 1. 1. 1.],0.0,0.0
904,3981041564,102563658,0,1075128736,secondary,Duke of Gloucester Street,1,False,22.369377274644023,2,25 mph,,,,no,,"LINESTRING (-76.4878463 38.975283, -76.4876472 38.9751545)",0.0,0.0,1.0,0.0,[0. 1. 2. 3. 4. 5. 6. 7. 8. 9.],[1. 1. 1. 1. 1. 1. 1. 1. 1. 1.],0.0,0.0
905,102653935,102639738,0,11519447,residential,Thompson Street,0,False,231.02011952364055,,,,,,no,,"LINESTRING (-76.49848369999999 38.9730545, -76.4971238 38.974843)",0.0,0.0,1.0,0.0,[0. 1. 2. 3. 4. 5. 6. 7. 8. 9.],[1. 1. 1. 1. 1. 1. 1. 1. 1. 1.],0.0,0.0
906,102588622,102595472,0,"[11508112, 1303089561]",residential,"['Cheston Avenue', 'Franklin Street']",0,False,213.58205806296542,,,,,,no,,"LINESTRING (-76.49592029999999 38.9725189, -76.4972693 38.9731074, -76.49680240000001 38.9737271)",0.0,0.0,1.0,0.0,[0. 1. 2. 3. 4. 5. 6. 7. 8. 9.],[1. 1. 1. 1. 1. 1. 1. 1. 1. 1.],0.0,0.0
907,102555936,3812721933,0,11508219,residential,Santee Road,0,False,17.70120190687375,,,,private,,no,,"LINESTRING (-76.4820769 38.9837194, -76.4819201 38.983617)",11.22169253466702,0.7096602045,0.2903397955,0.7096602045,[0. 1. 2. 3. 4. 5. 6. 7. 8. 9.],"[0.2903398 0.2903398 0.29034   0.6451699 0.9999998 1.        1.
 1.        1.        1.       ]",2.1289806134999996,1.3617577616969978
908,102555936,3655986598,0,11520014,residential,Holloway Road,0,True,231.9870927765386,,,,private,,no,,"LINESTRING (-76.4820769 38.9837194, -76.48412279999999 38.9850698)",11.22169253466702,0.7096602045,0.2903397955,0.7096602045,[0. 1. 2. 3. 4. 5. 6. 7. 8. 9.],"[0.2903398 0.2903398 0.29034   0.6451699 0.9999998 1.        1.
 1.        1.        1.       ]",2.1289806134999996,1.3617577616969978
909,3583828380,1727065888,0,352622539,residential,Badger Road,1,False,8.210634509945066,,,,,roundabout,no,,"LINESTRING (-76.4978634 38.9908601, -76.4978673 38.9908939, -76.4978875 38.990924, -76.4978934 38.9909278)",0.0,0.0,1.0,0.0,[0. 1. 2. 3. 4. 5. 6. 7. 8. 9.],[1. 1. 1. 1. 1. 1. 1. 1. 1. 1.],0.0,0.0
910,3583828380,7698084110,0,352622541,residential,Badger Road,0,False,333.47179495388804,,,,,,no,,"LINESTRING (-76.4978634 38.9908601, -76.4977956 38.9908641, -76.4965821 38.9912093, -76.4964904 38.9912252, -76.4963477 38.9912116, -76.4961697 38.9911522, -76.49546460000001 38.9904858, -76.4950218 38.9901811, -76.4947064 38.9900378)",0.0,0.0,1.0,0.0,[0. 1. 2. 3. 4. 5. 6. 7. 8. 9.],[1. 1. 1. 1. 1. 1. 1. 1. 1. 1.],0.0,0.0
911,3583828391,102591767,0,352622544,residential,Monroe Road,0,True,51.602727648442524,,,,,,no,,"LINESTRING (-76.4977311 38.9916435, -76.4977791 38.9914943, -76.4978236 38.9914528, -76.49810050000001 38.9913137)",0.0,0.0,1.0,0.0,[0. 1. 2. 3. 4. 5. 6. 7. 8. 9.],[1. 1. 1. 1. 1. 1. 1. 1. 1. 1.],0.0,0.0
912,8389550498,102587077,0,11507733,tertiary,Ridgely Avenue,0,False,40.317280964909656,,,MD 436,,,no,,"LINESTRING (-76.502702 38.9889973, -76.5030435 38.9892443)",0.0,0.0,1.0,0.0,[0. 1. 2. 3. 4. 5. 6. 7. 8. 9.],[1. 1. 1. 1. 1. 1. 1. 1. 1. 1.],0.0,0.0
913,8389550498,8411894006,0,11507733,tertiary,Ridgely Avenue,0,True,16.667955982918553,,,MD 436,,,no,,"LINESTRING (-76.502702 38.9889973, -76.5025608 38.9888952)",0.0,0.0,1.0,0.0,[0. 1. 2. 3. 4. 5. 6. 7. 8. 9.],[1. 1. 1. 1. 1. 1. 1. 1. 1. 1.],0.0,0.0
914,8389550499,7085887671,0,160669677,tertiary,Annapolis Street,0,False,97.08575434686871,,,,,,no,,"LINESTRING (-76.50175900000001 38.9897471, -76.500941 38.9891487)",0.0,0.0,1.0,0.0,[0. 1. 2. 3. 4. 5. 6. 7. 8. 9.],[1. 1. 1. 1. 1. 1. 1. 1. 1. 1.],0.0,0.0
915,8389550499,102597968,0,160669677,tertiary,Annapolis Street,0,True,44.11406158557285,,,,,,no,,"LINESTRING (-76.50175900000001 38.9897471, -76.50212639999999 38.9900225)",0.0,0.0,1.0,0.0,[0. 1. 2. 3. 4. 5. 6. 7. 8. 9.],[1. 1. 1. 1. 1. 1. 1. 1. 1. 1.],0.0,0.0
916,8390795753,8390795756,0,437649001,residential,Vandergrift Road,0,False,4.801174725361714,,,,,,no,,"LINESTRING (-76.4936431 38.9870564, -76.49360470000001 38.9870876)",1.527913050740116,0.4281290786,0.5718709214,0.4281290786,[0. 1. 2. 3. 4. 5. 6. 7. 8. 9.],"[0.57187092 0.57187092 0.57187104 0.78593546 0.99999988 1.
 1.         1.         1.         1.        ]",1.2843872358000001,1.4844229945704592
917,8390795753,1486127380,0,437649001,residential,Vandergrift Road,0,True,193.85259756093802,,,,,,no,,"LINESTRING (-76.4936431 38.9870564, -76.4939014 38.9868506, -76.4941324 38.9866473, -76.49432779999999 38.9864753, -76.4945666 38.986321, -76.494816 38.9862459, -76.4950896 38.9860875, -76.49532979999999 38.9859356)",3.0572162736347845,0.5295037647,0.47049623529999995,0.5295037647,[0. 1. 2. 3. 4. 5. 6. 7. 8. 9.],"[0.47049624 0.47049624 0.47049639 0.73524812 0.99999985 1.
 1.         1.         1.         1.        ]",1.5885112941000001,1.4973865092049843
918,8390795756,4354431921,0,437649001,residential,Vandergrift Road,0,False,22.49797028787356,,,,,,no,,"LINESTRING (-76.49360470000001 38.9870876, -76.49342249999999 38.9872321)",2.1372406650475195,0.4770040118,0.5229959881999999,0.4770040118,[0. 1. 2. 3. 4. 5. 6. 7. 8. 9.],"[0.52299599 0.52299599 0.52299612 0.76149799 0.99999986 1.
 1.         1.         1.         1.        ]",1.4310120354000002,1.4984128962592884
919,8390795756,8390795753,0,437649001,residential,Vandergrift Road,0,True,4.801174725361714,,,,,,no,,"LINESTRING (-76.49360470000001 38.9870876, -76.4936431 38.9870564)",1.527913050740116,0.4281290786,0.5718709214,0.4281290786,[0. 1. 2. 3. 4. 5. 6. 7. 8. 9.],"[0.57187092 0.57187092 0.57187104 0.78593546 0.99999988 1.
 1.         1.         1.         1.        ]",1.2843872358000001,1.4844229945704592
920,102621697,8064433823,0,1303091350,residential,Giddings Avenue,0,True,105.59311690221307,,,,,,no,,"LINESTRING (-76.5042291 38.9882665, -76.50372419999999 38.9886829, -76.5033912 38.9889576)",0.0,0.0,1.0,0.0,[0. 1. 2. 3. 4. 5. 6. 7. 8. 9.],[1. 1. 1. 1. 1. 1. 1. 1. 1. 1.],0.0,0.0
921,7308468739,102566164,0,1075128734,secondary,Duke of Gloucester Street,1,False,129.85113788669383,2,25 mph,,,,no,,"LINESTRING (-76.4923422 38.9781527, -76.4923039 38.9781336, -76.4922735 38.9781148, -76.4922255 38.978085, -76.4911716 38.9774212)",0.0,0.0,1.0,0.0,[0. 1. 2. 3. 4. 5. 6. 7. 8. 9.],[1. 1. 1. 1. 1. 1. 1. 1. 1. 1.],0.0,0.0
922,102621740,7308538329,0,11519485,residential,West Washington Street,0,True,26.131595184709067,,,,,,no,,"LINESTRING (-76.49670450000001 38.9784019, -76.4966239 38.9781754)",0.0,0.0,1.0,0.0,[0. 1. 2. 3. 4. 5. 6. 7. 8. 9.],[1. 1. 1. 1. 1. 1. 1. 1. 1. 1.],0.0,0.0
923,102621740,102622512,0,11519485,residential,West Washington Street,0,False,110.90050808169332,,,,,,no,,"LINESTRING (-76.49670450000001 38.9784019, -76.49676959999999 38.9786092, -76.49675070000001 38.9787222, -76.4967398 38.9789014, -76.49670829999999 38.9793914)",0.0,0.0,1.0,0.0,[0. 1. 2. 3. 4. 5. 6. 7. 8. 9.],[1. 1. 1. 1. 1. 1. 1. 1. 1. 1.],0.0,0.0
924,102589040,102557104,0,11508191,residential,Club Road,0,True,114.87472190436418,,,,,,no,,"LINESTRING (-76.48749460000001 38.9822325, -76.4878429 38.9822843, -76.4885833 38.9827767)",9.068746712403994,0.6822602455,0.3177397545,0.6822602455,[0. 1. 2. 3. 4. 5. 6. 7. 8. 9.],"[0.31773975 0.31773975 0.31773995 0.65886988 0.9999998  1.
 1.         1.         1.         1.        ]",2.0467807365,1.396793330624257
925,4835974738,4835974799,0,436237643,residential,Sims Road,0,True,26.98261840665336,,,,,,no,,"LINESTRING (-76.4887973 38.9846186, -76.4890029 38.984436)",12.449268129068118,0.7226000792,0.2773999208,0.7226000792,[0. 1. 2. 3. 4. 5. 6. 7. 8. 9.],"[0.27739992 0.27739992 0.27740013 0.63869996 0.99999979 1.
 1.         1.         1.         1.        ]",2.1678002376000003,1.3431469283735038
926,4835974738,7185334298,0,436237643,residential,Sims Road,0,False,164.37963855348607,,,,,,no,,"LINESTRING (-76.4887973 38.9846186, -76.4882508 38.9851041, -76.4881364 38.9851667, -76.48802190000001 38.9851952, -76.4878866 38.9851961, -76.4877508 38.9851668, -76.4876098 38.9851286, -76.4872519 38.9850158)",13.73518764634679,0.7345868844,0.2654131156,0.7345868844,[0. 1. 2. 3. 4. 5. 6. 7. 8. 9.],"[0.26541312 0.26541312 0.26541333 0.63270656 0.99999979 1.
 1.         1.         1.         1.        ]",2.2037606532000003,1.3246591204115303
927,3812745895,102571993,0,11504726,residential,Decatur Road,0,False,4.684834413922882,,,,,,no,,"LINESTRING (-76.4866863 38.9828524, -76.48664479999999 38.9828253)",10.037265923219424,0.6954496548,0.3045503452,0.6954496548,[0. 1. 2. 3. 4. 5. 6. 7. 8. 9.],"[0.30455035 0.30455035 0.30455054 0.65227517 0.9999998  1.
 1.         1.         1.         1.        ]",2.0863489644,1.3806504587888986
928,3812745895,5184562694,0,11504726,residential,Decatur Road,0,True,79.46301732259606,,,,,,no,,"LINESTRING (-76.4866863 38.9828524, -76.4873905 38.9833118)",9.185118820863467,0.6839308264,0.3160691736,0.6839308264,[0. 1. 2. 3. 4. 5. 6. 7. 8. 9.],"[0.31606917 0.31606917 0.31606937 0.65803459 0.9999998  1.
 1.         1.         1.         1.        ]",2.0517924792000004,1.3948210796004277
929,3812745896,102576703,0,11505613,residential,Hanover Street,0,False,6.249057703333919,,15 mph,,,,no,,"LINESTRING (-76.4874849 38.9819465, -76.4875402 38.9819827)",0.0,0.0,1.0,0.0,[0. 1. 2. 3. 4. 5. 6. 7. 8. 9.],[1. 1. 1. 1. 1. 1. 1. 1. 1. 1.],0.0,0.0
930,3812745896,3812701967,0,11505613,residential,Hanover Street,0,True,121.11054936905502,,15 mph,,,,no,,"LINESTRING (-76.4874849 38.9819465, -76.4864194 38.9812392)",0.0,0.0,1.0,0.0,[0. 1. 2. 3. 4. 5. 6. 7. 8. 9.],[1. 1. 1. 1. 1. 1. 1. 1. 1. 1.],0.0,0.0
931,3812745902,503729146,0,581832632,residential,Hanover Street,1,False,115.89688858792736,,15 mph,,,,no,,"LINESTRING (-76.4876082 38.982032, -76.4886314 38.9827056)",7.498760369020205,0.6569289608,0.34307103920000004,0.6569289608,[0. 1. 2. 3. 4. 5. 6. 7. 8. 9.],"[0.34307104 0.34307104 0.34307123 0.67153552 0.99999981 1.
 1.         1.         1.         1.        ]",1.9707868824,1.4242052045260072
932,4835974741,102579127,0,11507960,residential,Dorsey Road,0,False,86.59589207490235,,,,,,no,,"LINESTRING (-76.48981430000001 38.984897, -76.4890358 38.9844068)",12.679606821733218,0.7248555918,0.27514440819999997,0.7248555918,[0. 1. 2. 3. 4. 5. 6. 7. 8. 9.],"[0.27514441 0.27514441 0.27514462 0.6375722  0.99999979 1.
 1.         1.         1.         1.        ]",2.1745667754,1.339761358097189
933,4835974741,2098730870,0,11507960,residential,Dorsey Road,0,True,61.06781184505397,,,,,,no,,"LINESTRING (-76.48981430000001 38.984897, -76.49036340000001 38.9852426)",13.548501368957263,0.7329339803,0.2670660197,0.7329339803,[0. 1. 2. 3. 4. 5. 6. 7. 8. 9.],"[0.26706602 0.26706602 0.26706623 0.63353301 0.99999979 1.
 1.         1.         1.         1.        ]",2.1988019409,1.3272816911948653
934,102589151,102589153,0,11508219,residential,Santee Road,0,False,175.840263096664,,,,private,,no,,"LINESTRING (-76.4803039 38.9825613, -76.47874640000001 38.981544)",13.678492717909505,0.7340878477,0.2659121523,0.7340878477,[0. 1. 2. 3. 4. 5. 6. 7. 8. 9.],"[0.26591215 0.26591215 0.26591236 0.63295608 0.99999979 1.
 1.         1.         1.         1.        ]",2.2022635431000004,1.325453415908072
935,102589151,102559048,0,11508219,residential,Santee Road,0,True,83.6719350019209,,,,private,,no,,"LINESTRING (-76.4803039 38.9825613, -76.48104499999999 38.9830454)",12.01739263771153,0.7182309924,0.2817690076,0.7182309924,[0. 1. 2. 3. 4. 5. 6. 7. 8. 9.],"[0.28176901 0.28176901 0.28176921 0.6408845  0.99999979 1.
 1.         1.         1.         1.        ]",2.1546929772,1.3495843542117596
936,102589151,5849821659,0,115408963,residential,Cooper Road,0,True,7.185203118391953,,,,private,,no,,"LINESTRING (-76.4803039 38.9825613, -76.48035640000001 38.9825112)",12.758296914863278,0.7256147146,0.27438528539999996,0.7256147146,[0. 1. 2. 3. 4. 5. 6. 7. 8. 9.],"[0.27438529 0.27438529 0.27438549 0.63719264 0.99999979 1.
 1.         1.         1.         1.        ]",2.1768441438,1.3386122803104863
937,102589153,102589151,0,11508219,residential,Santee Road,0,True,175.840263096664,,,,private,,no,,"LINESTRING (-76.47874640000001 38.981544, -76.4803039 38.9825613)",13.678492717909505,0.7340878477,0.2659121523,0.7340878477,[0. 1. 2. 3. 4. 5. 6. 7. 8. 9.],"[0.26591215 0.26591215 0.26591236 0.63295608 0.99999979 1.
 1.         1.         1.         1.        ]",2.2022635431000004,1.325453415908072
938,102589153,11400928887,0,1229453339,residential,,0,True,161.72446413690687,,,,private,,no,,"LINESTRING (-76.47874640000001 38.981544, -76.4773014 38.9806201)",12.597276516723324,0.724055176,0.275944824,0.724055176,[0. 1. 2. 3. 4. 5. 6. 7. 8. 9.],"[0.27594482 0.27594482 0.27594503 0.63797241 0.99999979 1.
 1.         1.         1.         1.        ]",2.172165528,1.3409676853581147
939,102589153,102552334,0,1107988362,residential,Brownson Road,1,False,114.01744692996014,,,,private,,no,,"LINESTRING (-76.47874640000001 38.981544, -76.47797730000001 38.9822205, -76.4779216 38.9822564, -76.4778508 38.9822934)",12.738253660964657,0.7254219008,0.2745780992,0.7254219008,[0. 1. 2. 3. 4. 5. 6. 7. 8. 9.],"[0.2745781  0.2745781  0.27457831 0.63728905 0.99999979 1.
 1.         1.         1.         1.        ]",2.1762657024000003,1.3389046013554318
940,1303929588,1303929676,0,115391767,residential,Obery Court,1,False,24.822767887256678,,,,,,no,,"LINESTRING (-76.4993618 38.9791137, -76.4990754 38.9790974)",0.0,0.0,1.0,0.0,[0. 1. 2. 3. 4. 5. 6. 7. 8. 9.],[1. 1. 1. 1. 1. 1. 1. 1. 1. 1.],0.0,0.0
941,1303929594,1303929669,0,942522589,residential,Obery Court,1,False,26.124687688623446,,,,,,no,,"LINESTRING (-76.4987696 38.9791487, -76.49907109999999 38.979165)",0.0,0.0,1.0,0.0,[0. 1. 2. 3. 4. 5. 6. 7. 8. 9.],[1. 1. 1. 1. 1. 1. 1. 1. 1. 1.],0.0,0.0
942,1303929594,1303929693,0,115391772,residential,Obery Court,1,False,8.384311558864795,,,,,roundabout,no,,"LINESTRING (-76.4987696 38.9791487, -76.498784 38.9791262, -76.4987878 38.9791012, -76.49878080000001 38.9790767)",0.0,0.0,1.0,0.0,[0. 1. 2. 3. 4. 5. 6. 7. 8. 9.],[1. 1. 1. 1. 1. 1. 1. 1. 1. 1.],0.0,0.0
943,1303929615,1303929757,0,115391778,residential,Bloomsbury Square,0,True,24.584397097399513,,,,,,no,,"LINESTRING (-76.49484579999999 38.9814477, -76.4946638 38.9816176)",0.0,0.0,1.0,0.0,[0. 1. 2. 3. 4. 5. 6. 7. 8. 9.],[1. 1. 1. 1. 1. 1. 1. 1. 1. 1.],0.0,0.0
944,1303929626,1303929752,0,11509199,residential,Saint Johns Street,0,False,38.65763070450815,,,,,,no,,"LINESTRING (-76.4938351 38.9818452, -76.4941781 38.9820683)",0.0,0.0,1.0,0.0,[0. 1. 2. 3. 4. 5. 6. 7. 8. 9.],[1. 1. 1. 1. 1. 1. 1. 1. 1. 1.],0.0,0.0
945,1303929626,102589402,0,11509199,residential,Saint Johns Street,0,True,44.49540810976314,,,,,,no,,"LINESTRING (-76.4938351 38.9818452, -76.4934495 38.9815801)",0.0,0.0,1.0,0.0,[0. 1. 2. 3. 4. 5. 6. 7. 8. 9.],[1. 1. 1. 1. 1. 1. 1. 1. 1. 1.],0.0,0.0
946,1303929669,1303929704,0,115391764,residential,Obery Court,1,False,100.85203837700423,,,,,,no,,"LINESTRING (-76.49907109999999 38.979165, -76.5002346 38.9792324)",0.0,0.0,1.0,0.0,[0. 1. 2. 3. 4. 5. 6. 7. 8. 9.],[1. 1. 1. 1. 1. 1. 1. 1. 1. 1.],0.0,0.0
947,1303929669,1303929676,0,942522588,residential,Abney Lane,0,True,7.52597187115883,,,,,,no,,"LINESTRING (-76.49907109999999 38.979165, -76.4990754 38.9790974)",0.0,0.0,1.0,0.0,[0. 1. 2. 3. 4. 5. 6. 7. 8. 9.],[1. 1. 1. 1. 1. 1. 1. 1. 1. 1.],0.0,0.0
948,1303929669,102612208,0,11511960,residential,Abney Lane,1,False,64.45371206534634,,,,,,no,,"LINESTRING (-76.49907109999999 38.979165, -76.4990554 38.9793016, -76.4990832 38.9793989, -76.4990813 38.979453, -76.4990535 38.9797409)",0.0,0.0,1.0,0.0,[0. 1. 2. 3. 4. 5. 6. 7. 8. 9.],[1. 1. 1. 1. 1. 1. 1. 1. 1. 1.],0.0,0.0
949,1303929676,1303929693,0,115391767,residential,Obery Court,1,False,25.569138170588964,,,,,,no,,"LINESTRING (-76.4990754 38.9790974, -76.49878080000001 38.9790767)",0.0,0.0,1.0,0.0,[0. 1. 2. 3. 4. 5. 6. 7. 8. 9.],[1. 1. 1. 1. 1. 1. 1. 1. 1. 1.],0.0,0.0
950,1303929676,1303929669,0,942522588,residential,Abney Lane,0,False,7.52597187115883,,,,,,no,,"LINESTRING (-76.4990754 38.9790974, -76.49907109999999 38.979165)",0.0,0.0,1.0,0.0,[0. 1. 2. 3. 4. 5. 6. 7. 8. 9.],[1. 1. 1. 1. 1. 1. 1. 1. 1. 1.],0.0,0.0
951,1303929693,1303929594,0,115391772,residential,Obery Court,1,False,43.414817825863096,,,,,roundabout,no,,"LINESTRING (-76.49878080000001 38.9790767, -76.4987644 38.9790559, -76.49874010000001 38.9790404, -76.4987107 38.9790318, -76.4986794 38.9790311, -76.49864940000001 38.9790383, -76.4986239 38.9790526, -76.4986059 38.9790725, -76.498597 38.979096, -76.49859840000001 38.9791203, -76.49860990000001 38.9791431, -76.49863019999999 38.9791617, -76.4986571 38.9791742, -76.4986878 38.9791793, -76.49871899999999 38.9791764, -76.49874730000001 38.9791658, -76.4987696 38.9791487)",0.0,0.0,1.0,0.0,[0. 1. 2. 3. 4. 5. 6. 7. 8. 9.],[1. 1. 1. 1. 1. 1. 1. 1. 1. 1.],0.0,0.0
952,1303929704,1303929755,0,361403594,residential,Bertina A Nick Way,0,False,6.838947131795353,,,,,,no,,"LINESTRING (-76.5002346 38.9792324, -76.5002392 38.979171)",0.0,0.0,1.0,0.0,[0. 1. 2. 3. 4. 5. 6. 7. 8. 9.],[1. 1. 1. 1. 1. 1. 1. 1. 1. 1.],0.0,0.0
953,1303929704,102646387,0,361403594,residential,Bertina A Nick Way,0,True,64.06883240379734,,,,,,no,,"LINESTRING (-76.5002346 38.9792324, -76.5001913 38.9798076)",0.0,0.0,1.0,0.0,[0. 1. 2. 3. 4. 5. 6. 7. 8. 9.],[1. 1. 1. 1. 1. 1. 1. 1. 1. 1.],0.0,0.0
954,1303929715,7475369167,0,799299908,residential,State Circle,1,False,23.086886847496636,2,20 mph,,,roundabout,no,,"LINESTRING (-76.4904971 38.9782878, -76.49038899999999 38.9783082, -76.4902439 38.9783524)",0.0,0.0,1.0,0.0,[0. 1. 2. 3. 4. 5. 6. 7. 8. 9.],[1. 1. 1. 1. 1. 1. 1. 1. 1. 1.],0.0,0.0
955,1303929720,9898623661,0,115391770,residential,North Street,0,False,71.51224225403072,2,,,,,no,,"LINESTRING (-76.4911805 38.9801023, -76.4910105 38.9794729)",0.0,0.0,1.0,0.0,[0. 1. 2. 3. 4. 5. 6. 7. 8. 9.],[1. 1. 1. 1. 1. 1. 1. 1. 1. 1.],0.0,0.0
956,1303929720,102582123,0,11506674,residential,North Street,1,False,24.918291216132697,,,,,,no,,"LINESTRING (-76.4911805 38.9801023, -76.4911611 38.9801573, -76.4911644 38.9802053, -76.49119090000001 38.9803225)",0.0,0.0,1.0,0.0,[0. 1. 2. 3. 4. 5. 6. 7. 8. 9.],[1. 1. 1. 1. 1. 1. 1. 1. 1. 1.],0.0,0.0
957,1303929720,102593916,0,115391770,residential,North Street,0,True,17.803036734979646,2,,,,,no,,"LINESTRING (-76.4911805 38.9801023, -76.4912301 38.9801476, -76.4912604 38.9801681, -76.49132779999999 38.9802136)",0.0,0.0,1.0,0.0,[0. 1. 2. 3. 4. 5. 6. 7. 8. 9.],[1. 1. 1. 1. 1. 1. 1. 1. 1. 1.],0.0,0.0
958,1303929752,102593920,0,11509199,residential,Saint Johns Street,0,False,8.310790320053359,,,,,,no,,"LINESTRING (-76.4941781 38.9820683, -76.4942518 38.9821163)",0.0,0.0,1.0,0.0,[0. 1. 2. 3. 4. 5. 6. 7. 8. 9.],[1. 1. 1. 1. 1. 1. 1. 1. 1. 1.],0.0,0.0
959,1303929752,1303929626,0,11509199,residential,Saint Johns Street,0,True,38.65763070450815,,,,,,no,,"LINESTRING (-76.4941781 38.9820683, -76.4938351 38.9818452)",0.0,0.0,1.0,0.0,[0. 1. 2. 3. 4. 5. 6. 7. 8. 9.],[1. 1. 1. 1. 1. 1. 1. 1. 1. 1.],0.0,0.0
960,1303929752,12063907552,0,115391778,residential,Bloomsbury Square,0,False,32.24790970681361,,,,,,no,,"LINESTRING (-76.4941781 38.9820683, -76.4944177 38.981846)",0.0,0.0,1.0,0.0,[0. 1. 2. 3. 4. 5. 6. 7. 8. 9.],[1. 1. 1. 1. 1. 1. 1. 1. 1. 1.],0.0,0.0
961,1303929755,1303929588,0,115391767,residential,Obery Court,1,False,76.10986111792197,,,,,,no,,"LINESTRING (-76.5002392 38.979171, -76.4993618 38.9791137)",0.0,0.0,1.0,0.0,[0. 1. 2. 3. 4. 5. 6. 7. 8. 9.],[1. 1. 1. 1. 1. 1. 1. 1. 1. 1.],0.0,0.0
962,1303929755,1303929704,0,361403594,residential,Bertina A Nick Way,0,True,6.838947131795353,,,,,,no,,"LINESTRING (-76.5002392 38.979171, -76.5002346 38.9792324)",0.0,0.0,1.0,0.0,[0. 1. 2. 3. 4. 5. 6. 7. 8. 9.],[1. 1. 1. 1. 1. 1. 1. 1. 1. 1.],0.0,0.0
963,1303929755,102568128,0,11504112,residential,New Vernon Street,0,False,80.4981496884639,,,,,,no,,"LINESTRING (-76.5002392 38.979171, -76.50024689999999 38.9791489, -76.50026389999999 38.9791344, -76.50029309999999 38.9791186, -76.50034719999999 38.9791113, -76.5010674 38.9791985, -76.5011238 38.9792059)",0.0,0.0,1.0,0.0,[0. 1. 2. 3. 4. 5. 6. 7. 8. 9.],[1. 1. 1. 1. 1. 1. 1. 1. 1. 1.],0.0,0.0
964,1303929756,12112044756,0,534626216,secondary,Main Street,1,False,65.40657765969777,1,,,,,no,,"LINESTRING (-76.4892069 38.9776704, -76.4893587 38.9777011, -76.48994020000001 38.9778154)",0.0,0.0,1.0,0.0,[0. 1. 2. 3. 4. 5. 6. 7. 8. 9.],[1. 1. 1. 1. 1. 1. 1. 1. 1. 1.],0.0,0.0
965,1303929757,1303929615,0,115391778,residential,Bloomsbury Square,0,False,24.584397097399513,,,,,,no,,"LINESTRING (-76.4946638 38.9816176, -76.49484579999999 38.9814477)",0.0,0.0,1.0,0.0,[0. 1. 2. 3. 4. 5. 6. 7. 8. 9.],[1. 1. 1. 1. 1. 1. 1. 1. 1. 1.],0.0,0.0
966,1303929757,12063907552,0,115391778,residential,Bloomsbury Square,0,True,33.12870120374832,,,,,,no,,"LINESTRING (-76.4946638 38.9816176, -76.4944177 38.981846)",0.0,0.0,1.0,0.0,[0. 1. 2. 3. 4. 5. 6. 7. 8. 9.],[1. 1. 1. 1. 1. 1. 1. 1. 1. 1.],0.0,0.0
967,1303929764,102568128,0,11513341,residential,Ridout Street,0,True,22.039058473780923,,,,,,no,,"LINESTRING (-76.5011581 38.9790095, -76.5011238 38.9792059)",0.0,0.0,1.0,0.0,[0. 1. 2. 3. 4. 5. 6. 7. 8. 9.],[1. 1. 1. 1. 1. 1. 1. 1. 1. 1.],0.0,0.0
968,1303929769,102576005,0,11517931,residential,Clay Street,0,False,38.212288609126276,,,,,,no,,"LINESTRING (-76.4974105 38.9796625, -76.4978519 38.9796814)",0.0,0.0,1.0,0.0,[0. 1. 2. 3. 4. 5. 6. 7. 8. 9.],[1. 1. 1. 1. 1. 1. 1. 1. 1. 1.],0.0,0.0
969,1303929769,102646385,0,11517931,residential,Clay Street,0,True,61.7037791260325,,,,,,no,,"LINESTRING (-76.4974105 38.9796625, -76.4966974 38.9796373)",0.0,0.0,1.0,0.0,[0. 1. 2. 3. 4. 5. 6. 7. 8. 9.],[1. 1. 1. 1. 1. 1. 1. 1. 1. 1.],0.0,0.0
970,1303929769,102622512,0,11513553,residential,Town Pines Court,0,True,81.06352960725218,,,,,,no,,"LINESTRING (-76.4974105 38.9796625, -76.4974105 38.9795611, -76.49739649999999 38.9795205, -76.4973339 38.9794529, -76.4972324 38.9794004, -76.49670829999999 38.9793914)",0.0,0.0,1.0,0.0,[0. 1. 2. 3. 4. 5. 6. 7. 8. 9.],[1. 1. 1. 1. 1. 1. 1. 1. 1. 1.],0.0,0.0
971,102589402,6496816573,0,11508279,residential,Calvert Street,0,False,5.147848923440454,,,,,,no,,"LINESTRING (-76.4934495 38.9815801, -76.4934863 38.9815437)",0.0,0.0,1.0,0.0,[0. 1. 2. 3. 4. 5. 6. 7. 8. 9.],[1. 1. 1. 1. 1. 1. 1. 1. 1. 1.],0.0,0.0
972,102589402,1303929626,0,11509199,residential,Saint Johns Street,0,False,44.49540810976314,,,,,,no,,"LINESTRING (-76.4934495 38.9815801, -76.4938351 38.9818452)",0.0,0.0,1.0,0.0,[0. 1. 2. 3. 4. 5. 6. 7. 8. 9.],[1. 1. 1. 1. 1. 1. 1. 1. 1. 1.],0.0,0.0
973,102589402,3158507895,0,11509199,residential,Saint Johns Street,0,True,86.7859525743469,,,,,,no,,"LINESTRING (-76.4934495 38.9815801, -76.4926877 38.9810717)",0.0,0.0,1.0,0.0,[0. 1. 2. 3. 4. 5. 6. 7. 8. 9.],[1. 1. 1. 1. 1. 1. 1. 1. 1. 1.],0.0,0.0
974,102589405,6496830086,0,11508279,residential,Calvert Street,0,True,7.076797194790344,,,,,,no,,"LINESTRING (-76.49415380000001 38.9809078, -76.4941025 38.9809574)",0.0,0.0,1.0,0.0,[0. 1. 2. 3. 4. 5. 6. 7. 8. 9.],[1. 1. 1. 1. 1. 1. 1. 1. 1. 1.],0.0,0.0
975,102589405,768922849,0,49826102,primary,Calvert Street,0,False,10.504331713620324,2,,,,,no,,"LINESTRING (-76.49415380000001 38.9809078, -76.4942344 38.9808371)",0.0,0.0,1.0,0.0,[0. 1. 2. 3. 4. 5. 6. 7. 8. 9.],[1. 1. 1. 1. 1. 1. 1. 1. 1. 1.],0.0,0.0
976,102589405,639282830,0,"[49826104, 50320187, 50320182]",primary,"['Roscoe Rowe Boulevard', 'Bladen Street']",1,False,741.8508181869762,2,40 mph,MD 70,,,yes,,"LINESTRING (-76.49415380000001 38.9809078, -76.49513260000001 38.9815442, -76.495355 38.9816969, -76.4955947 38.981893, -76.4958737 38.9821223, -76.4958973 38.9821422, -76.4981535 38.9840321, -76.4987758 38.984545, -76.4992586 38.984887, -76.50028570000001 38.9855609)",3.0575750544807843,0.5295209399,0.47047906009999996,0.5295209399,[0. 1. 2. 3. 4. 5. 6. 7. 8. 9.],"[0.47047906 0.47047906 0.47047921 0.73523953 0.99999985 1.
 1.         1.         1.         1.        ]",1.5885628197000001,1.4973834626169829
977,102589409,102576378,0,192889399,primary,Calvert Street,0,True,50.882177109912874,2,,,,,no,,"LINESTRING (-76.4954 38.9795354, -76.49520010000001 38.9799658)",0.0,0.0,1.0,0.0,[0. 1. 2. 3. 4. 5. 6. 7. 8. 9.],[1. 1. 1. 1. 1. 1. 1. 1. 1. 1.],0.0,0.0
978,102589409,102646385,0,11517931,residential,Clay Street,0,False,112.73046207974318,,,,,,no,,"LINESTRING (-76.4954 38.9795354, -76.4956222 38.9795586, -76.4966974 38.9796373)",0.0,0.0,1.0,0.0,[0. 1. 2. 3. 4. 5. 6. 7. 8. 9.],[1. 1. 1. 1. 1. 1. 1. 1. 1. 1.],0.0,0.0
979,102589409,7308540717,0,822098161,primary,Calvert Street,0,False,138.66816941172073,2,,,,,no,,"LINESTRING (-76.4954 38.9795354, -76.4956644 38.9788696, -76.4958419 38.9784523, -76.495853 38.978419, -76.49586480000001 38.9783747, -76.4958602 38.9783438)",0.0,0.0,1.0,0.0,[0. 1. 2. 3. 4. 5. 6. 7. 8. 9.],[1. 1. 1. 1. 1. 1. 1. 1. 1. 1.],0.0,0.0
980,102589412,7308527324,0,11511322,secondary,West Street,0,True,18.063436682121257,,,MD 450,,,no,,"LINESTRING (-76.49581240000001 38.9782831, -76.4956045 38.9782995)",0.0,0.0,1.0,0.0,[0. 1. 2. 3. 4. 5. 6. 7. 8. 9.],[1. 1. 1. 1. 1. 1. 1. 1. 1. 1.],0.0,0.0
981,102589412,7308536442,0,49826105,primary,West Street,0,False,15.882948249133426,2,25 mph,MD 450,,,no,,"LINESTRING (-76.49581240000001 38.9782831, -76.4959877 38.9782403)",0.0,0.0,1.0,0.0,[0. 1. 2. 3. 4. 5. 6. 7. 8. 9.],[1. 1. 1. 1. 1. 1. 1. 1. 1. 1.],0.0,0.0
982,102589412,7308540717,0,822098161,primary,Calvert Street,0,True,7.913839588422441,2,,,,,no,,"LINESTRING (-76.49581240000001 38.9782831, -76.4958602 38.9783438)",0.0,0.0,1.0,0.0,[0. 1. 2. 3. 4. 5. 6. 7. 8. 9.],[1. 1. 1. 1. 1. 1. 1. 1. 1. 1.],0.0,0.0
983,102589412,7308529654,0,1303089565,residential,Cathedral Street,0,True,11.523276613578336,,,,,,no,,"LINESTRING (-76.49581240000001 38.9782831, -76.4957038 38.978223)",0.0,0.0,1.0,0.0,[0. 1. 2. 3. 4. 5. 6. 7. 8. 9.],[1. 1. 1. 1. 1. 1. 1. 1. 1. 1.],0.0,0.0
984,102622188,102622190,0,11513535,residential,Lafayette Avenue,0,False,46.44405807985858,,,,,,no,,"LINESTRING (-76.49746399999999 38.9774608, -76.4974443 38.9770434)",0.0,0.0,1.0,0.0,[0. 1. 2. 3. 4. 5. 6. 7. 8. 9.],[1. 1. 1. 1. 1. 1. 1. 1. 1. 1.],0.0,0.0
985,102622188,7308491863,0,11513535,residential,Lafayette Avenue,0,True,39.12603734595042,,,,,,no,,"LINESTRING (-76.49746399999999 38.9774608, -76.49747840000001 38.9777457, -76.4974811 38.9777819, -76.4974874 38.9777967, -76.4974984 38.9778089)",0.0,0.0,1.0,0.0,[0. 1. 2. 3. 4. 5. 6. 7. 8. 9.],[1. 1. 1. 1. 1. 1. 1. 1. 1. 1.],0.0,0.0
986,102622190,102593348,0,11513535,residential,Lafayette Avenue,0,False,43.706901620361464,,,,,,no,,"LINESTRING (-76.4974443 38.9770434, -76.4974149 38.976651)",0.0,0.0,1.0,0.0,[0. 1. 2. 3. 4. 5. 6. 7. 8. 9.],[1. 1. 1. 1. 1. 1. 1. 1. 1. 1.],0.0,0.0
987,102622190,102622188,0,11513535,residential,Lafayette Avenue,0,True,46.44405807985858,,,,,,no,,"LINESTRING (-76.4974443 38.9770434, -76.49746399999999 38.9774608)",0.0,0.0,1.0,0.0,[0. 1. 2. 3. 4. 5. 6. 7. 8. 9.],[1. 1. 1. 1. 1. 1. 1. 1. 1. 1.],0.0,0.0
988,102622192,102622194,0,11513535,residential,Lafayette Avenue,0,False,89.92801904772904,,,,,,no,,"LINESTRING (-76.4981064 38.9752881, -76.49862829999999 38.9745885)",0.0,0.0,1.0,0.0,[0. 1. 2. 3. 4. 5. 6. 7. 8. 9.],[1. 1. 1. 1. 1. 1. 1. 1. 1. 1.],0.0,0.0
989,102622192,1685291747,0,11513535,residential,Lafayette Avenue,0,True,100.25527345142902,,,,,,no,,"LINESTRING (-76.4981064 38.9752881, -76.49752580000001 38.9760686)",0.0,0.0,1.0,0.0,[0. 1. 2. 3. 4. 5. 6. 7. 8. 9.],[1. 1. 1. 1. 1. 1. 1. 1. 1. 1.],0.0,0.0
990,102622192,102594718,0,11516618,residential,Southgate Avenue,0,False,146.11385652810927,,,,,,no,,"LINESTRING (-76.4981064 38.9752881, -76.4995697 38.9759458)",0.0,0.0,1.0,0.0,[0. 1. 2. 3. 4. 5. 6. 7. 8. 9.],[1. 1. 1. 1. 1. 1. 1. 1. 1. 1.],0.0,0.0
991,102622192,102639738,0,11516618,residential,Southgate Avenue,0,True,98.3084030589887,,,,,,no,,"LINESTRING (-76.4981064 38.9752881, -76.4971238 38.974843)",0.0,0.0,1.0,0.0,[0. 1. 2. 3. 4. 5. 6. 7. 8. 9.],[1. 1. 1. 1. 1. 1. 1. 1. 1. 1.],0.0,0.0
992,102622194,102563102,0,11513535,residential,Lafayette Avenue,0,False,88.13096335013829,,,,,,no,,"LINESTRING (-76.49862829999999 38.9745885, -76.499144 38.9739048)",0.0,0.0,1.0,0.0,[0. 1. 2. 3. 4. 5. 6. 7. 8. 9.],[1. 1. 1. 1. 1. 1. 1. 1. 1. 1.],0.0,0.0
993,102622194,102622192,0,11513535,residential,Lafayette Avenue,0,True,89.92801904772904,,,,,,no,,"LINESTRING (-76.49862829999999 38.9745885, -76.4981064 38.9752881)",0.0,0.0,1.0,0.0,[0. 1. 2. 3. 4. 5. 6. 7. 8. 9.],[1. 1. 1. 1. 1. 1. 1. 1. 1. 1.],0.0,0.0
994,102622194,102594720,0,11514407,residential,Steele Avenue,0,False,145.9895488352045,,,,,,no,,"LINESTRING (-76.49862829999999 38.9745885, -76.50008459999999 38.9752533)",0.0,0.0,1.0,0.0,[0. 1. 2. 3. 4. 5. 6. 7. 8. 9.],[1. 1. 1. 1. 1. 1. 1. 1. 1. 1.],0.0,0.0
995,102622198,102563102,0,11513535,residential,Lafayette Avenue,0,True,183.58161910444676,,,,,,no,,"LINESTRING (-76.500193 38.9724693, -76.499144 38.9739048)",0.0,0.0,1.0,0.0,[0. 1. 2. 3. 4. 5. 6. 7. 8. 9.],[1. 1. 1. 1. 1. 1. 1. 1. 1. 1.],0.0,0.0
996,102622198,102625022,0,11519668,residential,Monticello Avenue,0,False,47.359064990377306,,,,,,no,,"LINESTRING (-76.500193 38.9724693, -76.50041779999999 38.9728577)",0.0,0.0,1.0,0.0,[0. 1. 2. 3. 4. 5. 6. 7. 8. 9.],[1. 1. 1. 1. 1. 1. 1. 1. 1. 1.],0.0,0.0
997,102622198,102564288,0,11519668,residential,Monticello Avenue,0,True,45.05257289266066,,,,,,no,,"LINESTRING (-76.500193 38.9724693, -76.4999856 38.9720976)",0.0,0.0,1.0,0.0,[0. 1. 2. 3. 4. 5. 6. 7. 8. 9.],[1. 1. 1. 1. 1. 1. 1. 1. 1. 1.],0.0,0.0
998,9687753888,102584596,0,"[11507184, 11503358]",residential,"['South Street', 'North Acton Place']",1,False,115.57449193404143,,,,,,no,,"LINESTRING (-76.49505240000001 38.9751891, -76.4949965 38.9751819, -76.4948794 38.9751614, -76.49477109999999 38.9751251, -76.49462509999999 38.9750547, -76.4944563 38.9749519, -76.4944248 38.9749675, -76.49439580000001 38.974993, -76.4941252 38.9753874)",0.0,0.0,1.0,0.0,[0. 1. 2. 3. 4. 5. 6. 7. 8. 9.],[1. 1. 1. 1. 1. 1. 1. 1. 1. 1.],0.0,0.0
999,10128286932,10128286939,0,11509674,residential,Adams Park Road,0,True,29.407401976019916,,,,,,no,,"LINESTRING (-76.501017 38.9820322, -76.5012346 38.9818289)",0.0,0.0,1.0,0.0,[0. 1. 2. 3. 4. 5. 6. 7. 8. 9.],[1. 1. 1. 1. 1. 1. 1. 1. 1. 1.],0.0,0.0
1000,10128286932,102596478,0,11509674,residential,Adams Park Road,0,False,86.46438126262723,,,,,,no,,"LINESTRING (-76.501017 38.9820322, -76.5010047 38.9820437, -76.50055519999999 38.9824946, -76.5003413 38.982591)",0.0,0.0,1.0,0.0,[0. 1. 2. 3. 4. 5. 6. 7. 8. 9.],[1. 1. 1. 1. 1. 1. 1. 1. 1. 1.],0.0,0.0
1001,3812517082,3812587575,0,11501294,residential,Turner Joy Road,1,False,11.654791020570542,,,,private,,no,,"LINESTRING (-76.4764881 38.98145, -76.47650059999999 38.9814012, -76.4765115 38.9813468)",12.778473325538327,0.7258084362,0.2741915638,0.7258084362,[0. 1. 2. 3. 4. 5. 6. 7. 8. 9.],"[0.27419156 0.27419156 0.27419177 0.63709578 0.99999979 1.
 1.         1.         1.         1.        ]",2.1774253086,1.338318266887481
1002,10128286939,10128286932,0,11509674,residential,Adams Park Road,0,False,29.407401976019916,,,,,,no,,"LINESTRING (-76.5012346 38.9818289, -76.501017 38.9820322)",0.0,0.0,1.0,0.0,[0. 1. 2. 3. 4. 5. 6. 7. 8. 9.],[1. 1. 1. 1. 1. 1. 1. 1. 1. 1.],0.0,0.0
1003,10128286939,102596476,0,11509674,residential,Adams Park Road,0,True,130.66041927342366,,,,,,no,,"LINESTRING (-76.5012346 38.9818289, -76.5017548 38.9813431, -76.5018755 38.9812076, -76.50190360000001 38.9810262, -76.5019095 38.9808308)",0.0,0.0,1.0,0.0,[0. 1. 2. 3. 4. 5. 6. 7. 8. 9.],[1. 1. 1. 1. 1. 1. 1. 1. 1. 1.],0.0,0.0
1004,102622512,102646385,0,11519485,residential,West Washington Street,0,False,27.35909956538389,,,,,,no,,"LINESTRING (-76.49670829999999 38.9793914, -76.4966974 38.9796373)",0.0,0.0,1.0,0.0,[0. 1. 2. 3. 4. 5. 6. 7. 8. 9.],[1. 1. 1. 1. 1. 1. 1. 1. 1. 1.],0.0,0.0
1005,102622512,1303929769,0,11513553,residential,Town Pines Court,0,False,81.06352960725218,,,,,,no,,"LINESTRING (-76.49670829999999 38.9793914, -76.4972324 38.9794004, -76.4973339 38.9794529, -76.49739649999999 38.9795205, -76.4974105 38.9795611, -76.4974105 38.9796625)",0.0,0.0,1.0,0.0,[0. 1. 2. 3. 4. 5. 6. 7. 8. 9.],[1. 1. 1. 1. 1. 1. 1. 1. 1. 1.],0.0,0.0
1006,102622512,102621740,0,11519485,residential,West Washington Street,0,True,110.90050808169332,,,,,,no,,"LINESTRING (-76.49670829999999 38.9793914, -76.4967398 38.9789014, -76.49675070000001 38.9787222, -76.49676959999999 38.9786092, -76.49670450000001 38.9784019)",0.0,0.0,1.0,0.0,[0. 1. 2. 3. 4. 5. 6. 7. 8. 9.],[1. 1. 1. 1. 1. 1. 1. 1. 1. 1.],0.0,0.0
1007,102589750,7018809936,0,11508366,residential,Perry Circle,0,False,48.527096118157345,,,,,,no,,"LINESTRING (-76.49749 38.989499, -76.4977622 38.9891173)",0.0,0.0,1.0,0.0,[0. 1. 2. 3. 4. 5. 6. 7. 8. 9.],[1. 1. 1. 1. 1. 1. 1. 1. 1. 1.],0.0,0.0
1008,102589750,3814033869,0,11508370,residential,Perry Circle,1,False,25.972172235847086,,,,,,no,,"LINESTRING (-76.49749 38.989499, -76.49721769999999 38.9895978)",0.0,0.0,1.0,0.0,[0. 1. 2. 3. 4. 5. 6. 7. 8. 9.],[1. 1. 1. 1. 1. 1. 1. 1. 1. 1.],0.0,0.0
1009,102557102,8026801817,0,11503226,residential,Balch Road,0,False,16.5940158184931,,,,,,no,,"LINESTRING (-76.48942959999999 38.9833228, -76.4893045 38.983436)",10.6299768950517,0.7027976746,0.2972023254,0.7027976746,[0. 1. 2. 3. 4. 5. 6. 7. 8. 9.],"[0.29720233 0.29720233 0.29720253 0.64860116 0.9999998  1.
 1.         1.         1.         1.        ]",2.1083930238,1.3710794048572548
1010,102557104,8026801818,0,11518478,residential,Parker Lane,1,False,14.389333778342243,,,,,,no,,"LINESTRING (-76.4885833 38.9827767, -76.4884734 38.9828739)",8.029246475892764,0.6661263358,0.3338736642,0.6661263358,[0. 1. 2. 3. 4. 5. 6. 7. 8. 9.],"[0.33387366 0.33387366 0.33387386 0.66693683 0.99999981 1.
 1.         1.         1.         1.        ]",1.9983790074,1.4147858950271015
1011,102557104,102589040,0,11508191,residential,Club Road,0,False,114.87472190436418,,,,,,no,,"LINESTRING (-76.4885833 38.9827767, -76.4878429 38.9822843, -76.48749460000001 38.9822325)",9.068746712403994,0.6822602455,0.3177397545,0.6822602455,[0. 1. 2. 3. 4. 5. 6. 7. 8. 9.],"[0.31773975 0.31773975 0.31773995 0.65886988 0.9999998  1.
 1.         1.         1.         1.        ]",2.0467807365,1.396793330624257
1012,102557194,5184736581,0,377864873,residential,Cooper Road,0,True,7.851757360390576,,,,private,,no,,"LINESTRING (-76.4840007 38.9792342, -76.4840583 38.9791796)",12.508071132468869,0.7231806921,0.2768193079,0.7231806921,[0. 1. 2. 3. 4. 5. 6. 7. 8. 9.],"[0.27681931 0.27681931 0.27681952 0.63840965 0.99999979 1.
 1.         1.         1.         1.        ]",2.1695420763000004,1.3422794929773059
1013,102557194,3812700752,0,377864873,residential,Cooper Road,0,False,105.74397719974775,,,,private,,no,,"LINESTRING (-76.4840007 38.9792342, -76.48384919999999 38.9793709, -76.48334010000001 38.97983, -76.48329990000001 38.9798592, -76.4832624 38.979885, -76.4832275 38.9799017, -76.4832007 38.9799072, -76.4831631 38.9799093)",12.517744847106625,0.7232758907,0.2767241093,0.7232758907,[0. 1. 2. 3. 4. 5. 6. 7. 8. 9.],"[0.27672411 0.27672411 0.27672432 0.63836205 0.99999979 1.
 1.         1.         1.         1.        ]",2.1698276721,1.3421369971063986
1014,102557194,3615881115,0,534660291,residential,Porter Road,0,True,50.66079336733317,,,,,,no,,"LINESTRING (-76.4840007 38.9792342, -76.484138 38.9793239, -76.4844494 38.9795273)",12.508071132468869,0.7231806921,0.2768193079,0.7231806921,[0. 1. 2. 3. 4. 5. 6. 7. 8. 9.],"[0.27681931 0.27681931 0.27681952 0.63840965 0.99999979 1.
 1.         1.         1.         1.        ]",2.1695420763000004,1.3422794929773059
1015,102557198,10031857093,0,377864873,residential,Cooper Road,0,False,2.805251640818291,,,,private,,no,,"LINESTRING (-76.48445769999999 38.978795, -76.4844368 38.9788143)",12.542607255744626,0.7235201499,0.2764798501,0.7235201499,[0. 1. 2. 3. 4. 5. 6. 7. 8. 9.],"[0.27647985 0.27647985 0.27648006 0.63823993 0.99999979 1.
 1.         1.         1.         1.        ]",2.1705604497000004,1.3417710359412611
1016,102557198,10031857091,0,377864873,residential,Cooper Road,0,True,5.745625305482859,,,,private,,no,,"LINESTRING (-76.48445769999999 38.978795, -76.48449170000001 38.9787506)",12.539877005386044,0.7234933555,0.27650664449999995,0.7234933555,[0. 1. 2. 3. 4. 5. 6. 7. 8. 9.],"[0.27650664 0.27650664 0.27650685 0.63825332 0.99999979 1.
 1.         1.         1.         1.        ]",2.1704800665,1.3418112050464428
1017,102557198,1304061952,0,61694557,residential,King George Street,1,False,24.88201293428984,1,,,private,,no,,"LINESTRING (-76.48445769999999 38.978795, -76.4845734 38.9788593, -76.4846919 38.9789251)",12.539877005386044,0.7234933555,0.27650664449999995,0.7234933555,[0. 1. 2. 3. 4. 5. 6. 7. 8. 9.],"[0.27650664 0.27650664 0.27650685 0.63825332 0.99999979 1.
 1.         1.         1.         1.        ]",2.1704800665,1.3418112050464428
1018,102589996,102589997,0,11508416,residential,Shipwright Street,0,False,179.98086572317555,,,,,,no,,"LINESTRING (-76.48797260000001 38.9734127, -76.4895953 38.9744268)",1.8802690110502258,0.458267264,0.5417327359999999,0.458267264,[0. 1. 2. 3. 4. 5. 6. 7. 8. 9.],"[0.54173274 0.54173274 0.54173287 0.77086637 0.99999987 1.
 1.         1.         1.         1.        ]",1.3748017920000002,1.4947661804328176
1019,102589997,102589999,0,11508416,residential,Shipwright Street,0,False,47.338520760617975,,,,,,no,,"LINESTRING (-76.4895953 38.9744268, -76.49002470000001 38.974691)",0.0,0.0,1.0,0.0,[0. 1. 2. 3. 4. 5. 6. 7. 8. 9.],[1. 1. 1. 1. 1. 1. 1. 1. 1. 1.],0.0,0.0
1020,102589997,102589996,0,11508416,residential,Shipwright Street,0,True,179.98086572317555,,,,,,no,,"LINESTRING (-76.4895953 38.9744268, -76.48797260000001 38.9734127)",1.8802690110502258,0.458267264,0.5417327359999999,0.458267264,[0. 1. 2. 3. 4. 5. 6. 7. 8. 9.],"[0.54173274 0.54173274 0.54173287 0.77086637 0.99999987 1.
 1.         1.         1.         1.        ]",1.3748017920000002,1.4947661804328176
1021,102589999,102572158,0,11508416,residential,Shipwright Street,0,False,94.06608784390366,,,,,,no,,"LINESTRING (-76.49002470000001 38.974691, -76.490882 38.975212)",0.0,0.0,1.0,0.0,[0. 1. 2. 3. 4. 5. 6. 7. 8. 9.],[1. 1. 1. 1. 1. 1. 1. 1. 1. 1.],0.0,0.0
1022,102589999,102589997,0,11508416,residential,Shipwright Street,0,True,47.338520760617975,,,,,,no,,"LINESTRING (-76.49002470000001 38.974691, -76.4895953 38.9744268)",0.0,0.0,1.0,0.0,[0. 1. 2. 3. 4. 5. 6. 7. 8. 9.],[1. 1. 1. 1. 1. 1. 1. 1. 1. 1.],0.0,0.0
1023,102589999,102594237,0,11517004,residential,Revell Street,0,False,98.63361673313518,,,,,,no,,"LINESTRING (-76.49002470000001 38.974691, -76.4907353 38.973997)",0.0,0.0,1.0,0.0,[0. 1. 2. 3. 4. 5. 6. 7. 8. 9.],[1. 1. 1. 1. 1. 1. 1. 1. 1. 1.],0.0,0.0
1024,7221536327,1486127380,0,41194550,residential,Wainwright Drive,0,False,232.26149398067582,,,,,,no,,"LINESTRING (-76.49730099999999 38.9872862, -76.49731850000001 38.9872696, -76.4971898 38.9870632, -76.4968774 38.986855, -76.4958781 38.9862211, -76.49560870000001 38.9860502, -76.49532979999999 38.9859356)",0.24425418862616333,0.1961019385,0.8038980615,0.1961019385,[0. 1. 2. 3. 4. 5. 6. 7. 8. 9.],"[0.80389806 0.80389806 0.80389812 0.90194903 0.99999994 1.
 1.         1.         1.         1.        ]",0.5883058155000002,1.1911397645954886
1025,7221536339,7221536327,0,1106771183,residential,Wainwright Drive,1,False,200.90209949276948,,,,,,no,,"LINESTRING (-76.4958304 38.9886854, -76.49730099999999 38.9872862)",0.0,0.0,1.0,0.0,[0. 1. 2. 3. 4. 5. 6. 7. 8. 9.],[1. 1. 1. 1. 1. 1. 1. 1. 1. 1.],0.0,0.0
1026,7221536339,102584609,0,1106771184,residential,Wainwright Drive,0,True,12.866551230195435,,,,,,no,,"LINESTRING (-76.4958304 38.9886854, -76.4957362 38.988775)",0.0,0.0,1.0,0.0,[0. 1. 2. 3. 4. 5. 6. 7. 8. 9.],[1. 1. 1. 1. 1. 1. 1. 1. 1. 1.],0.0,0.0
1027,4341131050,102596476,0,11517930,residential,Clay Street,0,True,51.897270244922225,,,,,,no,,"LINESTRING (-76.50249770000001 38.9809244, -76.5019095 38.9808308)",0.0,0.0,1.0,0.0,[0. 1. 2. 3. 4. 5. 6. 7. 8. 9.],[1. 1. 1. 1. 1. 1. 1. 1. 1. 1.],0.0,0.0
1028,4341131050,102638412,0,"[11520008, 11517930]",residential,"['Glenwood Street', 'Clay Street']",0,False,16.014253899738513,,,,,,no,,"LINESTRING (-76.50249770000001 38.9809244, -76.50256640000001 38.9809353, -76.5026792 38.9809533)",0.0,0.0,1.0,0.0,[0. 1. 2. 3. 4. 5. 6. 7. 8. 9.],[1. 1. 1. 1. 1. 1. 1. 1. 1. 1.],0.0,0.0
1029,7985096490,3583517821,0,11516767,residential,Tulip Road,0,True,63.41025003057106,,,,,,no,,"LINESTRING (-76.49964610000001 38.9866708, -76.50015879999999 38.9870787)",0.0,0.0,1.0,0.0,[0. 1. 2. 3. 4. 5. 6. 7. 8. 9.],[1. 1. 1. 1. 1. 1. 1. 1. 1. 1.],0.0,0.0
1030,7985096490,7985096486,0,11516767,residential,Tulip Road,0,False,109.48668443569181,,,,,,no,,"LINESTRING (-76.49964610000001 38.9866708, -76.4995055 38.9865505, -76.4990748 38.9862506, -76.4987421 38.9865189)",0.0,0.0,1.0,0.0,[0. 1. 2. 3. 4. 5. 6. 7. 8. 9.],[1. 1. 1. 1. 1. 1. 1. 1. 1. 1.],0.0,0.0
1031,1304061741,1304073625,0,115407695,residential,,1,False,22.52106455712531,,,,private,roundabout,no,,"LINESTRING (-76.48293289999999 38.977733, -76.4829153 38.9777009, -76.4828959 38.9776837, -76.4828696 38.9776702, -76.4828448 38.9776634, -76.4827999 38.9776624, -76.4827739 38.9776682, -76.48273829999999 38.9776863, -76.4827308 38.9776954)",12.941649981307675,0.7273615577,0.2726384423,0.7273615577,[0. 1. 2. 3. 4. 5. 6. 7. 8. 9.],"[0.27263844 0.27263844 0.27263865 0.63631922 0.99999979 1.
 1.         1.         1.         1.        ]",2.1820846731000003,1.335949599617965
1032,7985096494,102637302,0,11516103,residential,Juniper Street,0,False,23.18938566391364,,,,,,no,,"LINESTRING (-76.4980644 38.9866505, -76.4978509 38.9865242)",0.0,0.0,1.0,0.0,[0. 1. 2. 3. 4. 5. 6. 7. 8. 9.],[1. 1. 1. 1. 1. 1. 1. 1. 1. 1.],0.0,0.0
1033,7985096494,102601525,0,11516103,residential,Juniper Street,0,True,35.80882987975036,,,,,,no,,"LINESTRING (-76.4980644 38.9866505, -76.4984005 38.9868388)",0.0,0.0,1.0,0.0,[0. 1. 2. 3. 4. 5. 6. 7. 8. 9.],[1. 1. 1. 1. 1. 1. 1. 1. 1. 1.],0.0,0.0
1034,7985096496,102585916,0,38305514,secondary,King George Street,0,False,90.02717666293798,,,MD 450,,,no,,"LINESTRING (-76.49651350000001 38.9864575, -76.49731370000001 38.9869758)",0.0,0.0,1.0,0.0,[0. 1. 2. 3. 4. 5. 6. 7. 8. 9.],[1. 1. 1. 1. 1. 1. 1. 1. 1. 1.],0.0,0.0
1035,7985096496,102614143,0,38305514,secondary,King George Street,0,True,124.45459172489468,,,MD 450,,,no,,"LINESTRING (-76.49651350000001 38.9864575, -76.49613979999999 38.9862155, -76.4954073 38.985741)",0.9190967846802405,0.3563917871,0.6436082129,0.3563917871,[0. 1. 2. 3. 4. 5. 6. 7. 8. 9.],"[0.64360821 0.64360821 0.64360832 0.82180411 0.9999999  1.
 1.         1.         1.         1.        ]",1.0691753613,1.436798712182774
1036,7985096507,3583517821,0,11516103,residential,Juniper Street,0,True,64.76303475916198,,,,,,no,,"LINESTRING (-76.4996527 38.9875082, -76.50015879999999 38.9870787)",0.0,0.0,1.0,0.0,[0. 1. 2. 3. 4. 5. 6. 7. 8. 9.],[1. 1. 1. 1. 1. 1. 1. 1. 1. 1.],0.0,0.0
1037,7985096507,7985096508,0,856392761,residential,Kingswood Road,1,False,39.612591704447645,,,,,,no,,"LINESTRING (-76.4996527 38.9875082, -76.4999645 38.9877693)",0.0,0.0,1.0,0.0,[0. 1. 2. 3. 4. 5. 6. 7. 8. 9.],[1. 1. 1. 1. 1. 1. 1. 1. 1. 1.],0.0,0.0
1038,7985096507,102601525,0,11516103,residential,Juniper Street,0,False,141.24814889938682,,,,,,no,,"LINESTRING (-76.4996527 38.9875082, -76.4996228 38.9875336, -76.4995167 38.9875801, -76.4984005 38.9868388)",0.0,0.0,1.0,0.0,[0. 1. 2. 3. 4. 5. 6. 7. 8. 9.],[1. 1. 1. 1. 1. 1. 1. 1. 1. 1.],0.0,0.0
1039,7985096508,7985096509,0,856392762,residential,Kingswood Road,1,False,18.131904079797565,,,,,,no,building_passage,"LINESTRING (-76.4999645 38.9877693, -76.50010570000001 38.9878899)",0.0,0.0,1.0,0.0,[0. 1. 2. 3. 4. 5. 6. 7. 8. 9.],[1. 1. 1. 1. 1. 1. 1. 1. 1. 1.],0.0,0.0
1040,7985096509,102572063,0,856392763,residential,Kingswood Road,1,False,16.530533779537237,,,,,,no,,"LINESTRING (-76.50010570000001 38.9878899, -76.5002398 38.9879959)",0.0,0.0,1.0,0.0,[0. 1. 2. 3. 4. 5. 6. 7. 8. 9.],[1. 1. 1. 1. 1. 1. 1. 1. 1. 1.],0.0,0.0
1041,1304061824,10031891819,0,534660285,residential,Brownson Road,1,False,8.452873387325031,,,,private,,no,,"LINESTRING (-76.4827844 38.9778385, -76.48272179999999 38.9778969)",12.808407016563107,0.7260951545,0.27390484550000005,0.7260951545,[0. 1. 2. 3. 4. 5. 6. 7. 8. 9.],"[0.27390485 0.27390485 0.27390505 0.63695242 0.99999979 1.
 1.         1.         1.         1.        ]",2.1782854634999995,1.3378825294284473
1042,1304061824,1304061881,0,115407695,residential,,1,False,7.676532651303759,,,,private,roundabout,no,,"LINESTRING (-76.4827844 38.9778385, -76.4828223 38.9778425, -76.4828346 38.9778417, -76.4828711 38.9778329)",12.598541923331906,0.7240675265,0.27593247350000005,0.7240675265,[0. 1. 2. 3. 4. 5. 6. 7. 8. 9.],"[0.27593247 0.27593247 0.27593268 0.63796624 0.99999979 1.
 1.         1.         1.         1.        ]",2.1722025795,1.3409491125072288
1043,1304061871,102608841,0,886273333,residential,Market Space,1,False,7.201134294674635,,,,,,no,,"LINESTRING (-76.4877774 38.9775364, -76.4877917 38.9774726)",1.3743726215658203,0.4128967019,0.5871032981,0.4128967019,[0. 1. 2. 3. 4. 5. 6. 7. 8. 9.],"[0.5871033  0.5871033  0.58710342 0.79355165 0.99999988 1.
 1.         1.         1.         1.        ]",1.2386901057000002,1.4770638485085463
1044,1304061881,768923999,0,61694557,residential,King George Street,1,False,10.614137047211175,1,,,private,,no,,"LINESTRING (-76.4828711 38.9778329, -76.4829666 38.9778929)",12.598541923331906,0.7240675265,0.27593247350000005,0.7240675265,[0. 1. 2. 3. 4. 5. 6. 7. 8. 9.],"[0.27593247 0.27593247 0.27593268 0.63796624 0.99999979 1.
 1.         1.         1.         1.        ]",2.1722025795,1.3409491125072288
1045,1304061881,1304062166,0,115407695,residential,,1,False,9.431028651691326,,,,private,roundabout,no,,"LINESTRING (-76.4828711 38.9778329, -76.4829029 38.9778147, -76.4829213 38.9777951, -76.48293390000001 38.9777669)",12.598541923331906,0.7240675265,0.27593247350000005,0.7240675265,[0. 1. 2. 3. 4. 5. 6. 7. 8. 9.],"[0.27593247 0.27593247 0.27593268 0.63796624 0.99999979 1.
 1.         1.         1.         1.        ]",2.1722025795,1.3409491125072288
1046,1304061903,102576703,0,377851562,residential,Maryland Avenue,0,False,5.808692620562582,,,,,,no,,"LINESTRING (-76.4874945 38.982021, -76.4875402 38.9819827)",0.0,0.0,1.0,0.0,[0. 1. 2. 3. 4. 5. 6. 7. 8. 9.],[1. 1. 1. 1. 1. 1. 1. 1. 1. 1.],0.0,0.0
1047,1304061903,102598425,0,377851562,residential,Maryland Avenue,0,True,17.83629781289986,,,,,,no,,"LINESTRING (-76.4874945 38.982021, -76.48736359999999 38.982145)",0.0,0.0,1.0,0.0,[0. 1. 2. 3. 4. 5. 6. 7. 8. 9.],[1. 1. 1. 1. 1. 1. 1. 1. 1. 1.],0.0,0.0
1048,1304061920,102569875,0,886273332,residential,Green Street,1,False,9.771023981186984,,,,,,no,,"LINESTRING (-76.4878241 38.9773033, -76.4878152 38.9773909)",1.3743726215658203,0.4128967019,0.5871032981,0.4128967019,[0. 1. 2. 3. 4. 5. 6. 7. 8. 9.],"[0.5871033  0.5871033  0.58710342 0.79355165 0.99999988 1.
 1.         1.         1.         1.        ]",1.2386901057000002,1.4770638485085463
1049,3812550653,102576468,0,11505567,residential,Blake Road,0,True,5.256666873948201,,,,,,no,,"LINESTRING (-76.4869714 38.9824417, -76.4870164 38.9824735)",0.0,0.0,1.0,0.0,[0. 1. 2. 3. 4. 5. 6. 7. 8. 9.],[1. 1. 1. 1. 1. 1. 1. 1. 1. 1.],0.0,0.0
1050,3812550653,3812553075,0,11505567,residential,Blake Road,0,False,42.72262321527228,,,,,,no,,"LINESTRING (-76.4869714 38.9824417, -76.4868074 38.9823293, -76.4867335 38.9822885, -76.4866569 38.9822717, -76.4865518 38.9822656)",0.0,0.0,1.0,0.0,[0. 1. 2. 3. 4. 5. 6. 7. 8. 9.],[1. 1. 1. 1. 1. 1. 1. 1. 1. 1.],0.0,0.0
1051,1304061952,1304061750,0,227136223,residential,King George Street,1,False,3.399880474052005,2,,,private,,no,,"LINESTRING (-76.4846919 38.9789251, -76.4847236 38.9789432)",1.4093867740926758,0.4165041255,0.5834958745000001,0.4165041255,[0. 1. 2. 3. 4. 5. 6. 7. 8. 9.],"[0.58349587 0.58349587 0.58349599 0.79174794 0.99999988 1.
 1.         1.         1.         1.        ]",1.2495123764999998,1.4789376011311535
1052,102623270,102623271,0,11513680,residential,Essex Road,0,False,77.45130452590978,,,,,,no,,"LINESTRING (-76.495216 38.9937262, -76.4949714 38.9934654, -76.4947493 38.993289, -76.4946271 38.9932047)",0.7443741131714514,0.3279117594,0.6720882405999999,0.3279117594,[0. 1. 2. 3. 4. 5. 6. 7. 8. 9.],"[0.67208824 0.67208824 0.67208833 0.83604412 0.99999991 1.
 1.         1.         1.         1.        ]",0.9837352782000002,1.4083575941537199
1053,102623270,102614360,0,11519510,residential,Norwood Road,0,True,93.88844573709387,,,,,,no,,"LINESTRING (-76.495216 38.9937262, -76.4951125 38.9937612, -76.4950352 38.9938318, -76.4949318 38.9940089, -76.4948758 38.9942387, -76.49494300000001 38.9944684)",7.122977947649744,0.6499489733,0.3500510267,0.6499489733,[0. 1. 2. 3. 4. 5. 6. 7. 8. 9.],"[0.35005103 0.35005103 0.35005121 0.67502551 0.99999981 1.
 1.         1.         1.         1.        ]",1.9498469199,1.430957194989446
1054,102623270,6799758758,0,11519513,residential,Norwood Road,0,False,54.51953897637357,,,,,,no,,"LINESTRING (-76.495216 38.9937262, -76.4957326 38.9937116, -76.49584040000001 38.993683)",0.0,0.0,1.0,0.0,[0. 1. 2. 3. 4. 5. 6. 7. 8. 9.],[1. 1. 1. 1. 1. 1. 1. 1. 1. 1.],0.0,0.0
1055,102623271,102623270,0,11513680,residential,Essex Road,0,True,77.45130452590976,,,,,,no,,"LINESTRING (-76.4946271 38.9932047, -76.4947493 38.993289, -76.4949714 38.9934654, -76.495216 38.9937262)",0.7443741131714514,0.3279117594,0.6720882405999999,0.3279117594,[0. 1. 2. 3. 4. 5. 6. 7. 8. 9.],"[0.67208824 0.67208824 0.67208833 0.83604412 0.99999991 1.
 1.         1.         1.         1.        ]",0.9837352782000002,1.4083575941537199
1056,1304062017,5566082519,0,581825954,secondary,Main Street,1,False,37.0235109628245,,,,,,no,,"LINESTRING (-76.48792469999999 38.9774055, -76.4881863 38.9774574, -76.4883344 38.9775009)",1.3743726215658203,0.4128967019,0.5871032981,0.4128967019,[0. 1. 2. 3. 4. 5. 6. 7. 8. 9.],"[0.5871033  0.5871033  0.58710342 0.79355165 0.99999988 1.
 1.         1.         1.         1.        ]",1.2386901057000002,1.4770638485085463
1057,102656066,102582125,0,11520321,residential,State Circle,1,False,35.08881162130407,2,20 mph,,,roundabout,no,,"LINESTRING (-76.490599 38.9794742, -76.4907651 38.9794708, -76.4908592 38.979457, -76.4909281 38.9794427, -76.4909992 38.9794309)",0.0,0.0,1.0,0.0,[0. 1. 2. 3. 4. 5. 6. 7. 8. 9.],[1. 1. 1. 1. 1. 1. 1. 1. 1. 1.],0.0,0.0
1058,1304062043,2975737037,0,115407690,residential,King George Street,0,False,17.382027937430983,,,,private,,no,,"LINESTRING (-76.4852374 38.9792374, -76.4853134 38.9792832, -76.4853963 38.9793332)",1.382774849921228,0.4137700125,0.5862299875,0.4137700125,[0. 1. 2. 3. 4. 5. 6. 7. 8. 9.],"[0.58622999 0.58622999 0.58623011 0.79311499 0.99999988 1.
 1.         1.         1.         1.        ]",1.2413100375000001,1.4775249499528076
1059,1304062078,10031857091,0,"[1095425929, 1095425931]",residential,King George Street,1,False,20.575144235502012,1,,,private,,no,,"LINESTRING (-76.4847183 38.9787641, -76.484605 38.9787814, -76.48453720000001 38.9787731, -76.48449170000001 38.9787506)",12.539877005386044,0.7234933555,0.27650664449999995,0.7234933555,[0. 1. 2. 3. 4. 5. 6. 7. 8. 9.],"[0.27650664 0.27650664 0.27650685 0.63825332 0.99999979 1.
 1.         1.         1.         1.        ]",2.1704800665,1.3418112050464428
1060,1304062154,102562755,0,1063805343,residential,,0,False,4.101015128386387,,,,,,no,,"LINESTRING (-76.48640779999999 38.9800653, -76.4863759 38.9800926)",0.0674035749731079,0.0918783944,0.9081216056,0.0918783944,[0. 1. 2. 3. 4. 5. 6. 7. 8. 9.],"[0.90812161 0.90812161 0.90812163 0.9540608  0.99999997 1.
 1.         1.         1.         1.        ]",0.2756351832000001,0.866562692902624
1061,1304062154,102594914,0,1063805343,residential,,0,True,6.707842982863547,,,,,,no,,"LINESTRING (-76.48640779999999 38.9800653, -76.4864589 38.9800199)",0.0674035749731079,0.0918783944,0.9081216056,0.0918783944,[0. 1. 2. 3. 4. 5. 6. 7. 8. 9.],"[0.90812161 0.90812161 0.90812163 0.9540608  0.99999997 1.
 1.         1.         1.         1.        ]",0.2756351832000001,0.866562692902624
1062,1304062166,1304061741,0,115407695,residential,,1,False,3.770504345592851,,,,private,roundabout,no,,"LINESTRING (-76.48293390000001 38.9777669, -76.48293289999999 38.977733)",12.36264009075134,0.721738617,0.27826138300000003,0.721738617,[0. 1. 2. 3. 4. 5. 6. 7. 8. 9.],"[0.27826138 0.27826138 0.27826159 0.63913069 0.99999979 1.
 1.         1.         1.         1.        ]",2.1652158509999997,1.3444287631289293
1063,3812813020,4354431922,0,11507189,residential,Fire Station Road,0,False,25.543694421436797,,,,,,no,,"LINESTRING (-76.4925604 38.9874909, -76.4925837 38.9874255, -76.4926468 38.9874004, -76.4927742 38.9873605)",12.991029765802127,0.727826845,0.27217315500000006,0.727826845,[0. 1. 2. 3. 4. 5. 6. 7. 8. 9.],"[0.27217316 0.27217316 0.27217336 0.63608658 0.99999979 1.
 1.         1.         1.         1.        ]",2.183480535,1.3352360064074627
1064,3812813020,102584646,0,11507189,residential,Fire Station Road,0,True,65.08567960577477,,,,,,no,,"LINESTRING (-76.4925604 38.9874909, -76.4925717 38.9875208, -76.4925798 38.9875417, -76.49259050000001 38.9875625, -76.4926093 38.9875854, -76.4926499 38.9876076, -76.49297540000001 38.9877912, -76.49312310000001 38.9878555)",12.991029765802127,0.727826845,0.27217315500000006,0.727826845,[0. 1. 2. 3. 4. 5. 6. 7. 8. 9.],"[0.27217316 0.27217316 0.27217336 0.63608658 0.99999979 1.
 1.         1.         1.         1.        ]",2.183480535,1.3352360064074627
1065,1648584937,102584596,0,779014321,residential,South Street,0,True,33.641063005270475,,,,,,no,,"LINESTRING (-76.4939174 38.9756432, -76.4941252 38.9753874)",0.0,0.0,1.0,0.0,[0. 1. 2. 3. 4. 5. 6. 7. 8. 9.],[1. 1. 1. 1. 1. 1. 1. 1. 1. 1.],0.0,0.0
1066,1648584937,102580651,0,"[11506362, 152027140]",residential,"['Charles Street', 'Anne Lane']",1,False,172.42777251015607,,,,,,no,,"LINESTRING (-76.4939174 38.9756432, -76.49336820000001 38.975335, -76.4925351 38.9761283)",0.0,0.0,1.0,0.0,[0. 1. 2. 3. 4. 5. 6. 7. 8. 9.],[1. 1. 1. 1. 1. 1. 1. 1. 1. 1.],0.0,0.0
1067,1648584937,1648584940,0,779014321,residential,South Street,0,False,54.145485961311934,,,,,,no,,"LINESTRING (-76.4939174 38.9756432, -76.4937953 38.9757936, -76.4937236 38.9758993, -76.4936123 38.976068)",0.0,0.0,1.0,0.0,[0. 1. 2. 3. 4. 5. 6. 7. 8. 9.],[1. 1. 1. 1. 1. 1. 1. 1. 1. 1.],0.0,0.0
1068,1648584940,1648584953,0,152027148,residential,Richards Lane,0,True,116.31607587593622,,,,,,no,,"LINESTRING (-76.4936123 38.976068, -76.494727 38.9766539)",0.0,0.0,1.0,0.0,[0. 1. 2. 3. 4. 5. 6. 7. 8. 9.],[1. 1. 1. 1. 1. 1. 1. 1. 1. 1.],0.0,0.0
1069,1648584940,102584598,0,779014321,residential,South Street,0,False,66.63510505282642,,,,,,no,,"LINESTRING (-76.4936123 38.976068, -76.4934415 38.976327, -76.4932439 38.9765942)",0.0,0.0,1.0,0.0,[0. 1. 2. 3. 4. 5. 6. 7. 8. 9.],[1. 1. 1. 1. 1. 1. 1. 1. 1. 1.],0.0,0.0
1070,1648584940,1648584937,0,779014321,residential,South Street,0,True,54.14548596131193,,,,,,no,,"LINESTRING (-76.4936123 38.976068, -76.4937236 38.9758993, -76.4937953 38.9757936, -76.4939174 38.9756432)",0.0,0.0,1.0,0.0,[0. 1. 2. 3. 4. 5. 6. 7. 8. 9.],[1. 1. 1. 1. 1. 1. 1. 1. 1. 1.],0.0,0.0
1071,7308536071,102607811,0,1191539891,primary,West Street,0,False,6.59787048544642,2,25 mph,MD 450,,,no,,"LINESTRING (-76.49746949999999 38.9778937, -76.49754299999999 38.9778777)",0.0,0.0,1.0,0.0,[0. 1. 2. 3. 4. 5. 6. 7. 8. 9.],[1. 1. 1. 1. 1. 1. 1. 1. 1. 1.],0.0,0.0
1072,7308536071,11062792334,0,1191539891,primary,West Street,0,True,12.782353224595091,2,25 mph,MD 450,,,no,,"LINESTRING (-76.49746949999999 38.9778937, -76.4974249 38.9779035, -76.4973279 38.9779268)",0.0,0.0,1.0,0.0,[0. 1. 2. 3. 4. 5. 6. 7. 8. 9.],[1. 1. 1. 1. 1. 1. 1. 1. 1. 1.],0.0,0.0
1073,7308536072,102607811,0,1191539892,primary,West Street,0,True,7.664966801242776,2,25 mph,MD 450,,,no,,"LINESTRING (-76.4976277 38.9778573, -76.49754299999999 38.9778777)",0.0,0.0,1.0,0.0,[0. 1. 2. 3. 4. 5. 6. 7. 8. 9.],[1. 1. 1. 1. 1. 1. 1. 1. 1. 1.],0.0,0.0
1074,7308536072,102607813,0,1191539892,primary,West Street,0,False,112.43609122661822,2,25 mph,MD 450,,,no,,"LINESTRING (-76.4976277 38.9778573, -76.49764759999999 38.9778519, -76.49887390000001 38.9775677)",0.0,0.0,1.0,0.0,[0. 1. 2. 3. 4. 5. 6. 7. 8. 9.],[1. 1. 1. 1. 1. 1. 1. 1. 1. 1.],0.0,0.0
1075,5018183970,5018183972,0,192889421,primary,Taylor Avenue,0,False,15.240524137710507,2,,MD 435,,,no,,"LINESTRING (-76.5013421 38.9884427, -76.5012265 38.9885462)",0.0,0.0,1.0,0.0,[0. 1. 2. 3. 4. 5. 6. 7. 8. 9.],[1. 1. 1. 1. 1. 1. 1. 1. 1. 1.],0.0,0.0
1076,5018183970,102587075,0,192889421,primary,Taylor Avenue,0,True,32.24793290809214,2,,MD 435,,,no,,"LINESTRING (-76.5013421 38.9884427, -76.5015867 38.9882237)",0.0,0.0,1.0,0.0,[0. 1. 2. 3. 4. 5. 6. 7. 8. 9.],[1. 1. 1. 1. 1. 1. 1. 1. 1. 1.],0.0,0.0
1077,5018183972,1727065807,0,192889421,primary,Taylor Avenue,0,False,14.545570707984727,2,,MD 435,,,no,,"LINESTRING (-76.5012265 38.9885462, -76.5011162 38.988645)",0.0,0.0,1.0,0.0,[0. 1. 2. 3. 4. 5. 6. 7. 8. 9.],[1. 1. 1. 1. 1. 1. 1. 1. 1. 1.],0.0,0.0
1078,5018183972,5018183970,0,192889421,primary,Taylor Avenue,0,True,15.240524137710507,2,,MD 435,,,no,,"LINESTRING (-76.5012265 38.9885462, -76.5013421 38.9884427)",0.0,0.0,1.0,0.0,[0. 1. 2. 3. 4. 5. 6. 7. 8. 9.],[1. 1. 1. 1. 1. 1. 1. 1. 1. 1.],0.0,0.0
1079,1304062293,5566082519,0,1307896550,secondary,Main Street,1,False,37.46327157262485,1,,,,,no,,"LINESTRING (-76.48790200000001 38.9774824, -76.4881843 38.9775008, -76.4883344 38.9775009)",1.3743726215658203,0.4128967019,0.5871032981,0.4128967019,[0. 1. 2. 3. 4. 5. 6. 7. 8. 9.],"[0.5871033  0.5871033  0.58710342 0.79355165 0.99999988 1.
 1.         1.         1.         1.        ]",1.2386901057000002,1.4770638485085463
1080,9834817902,102638412,0,11516313,residential,Harwood Place,0,True,98.04086595605308,,,,,,no,,"LINESTRING (-76.5019956 38.9816359, -76.5026398 38.9810934, -76.5026792 38.9809533)",0.0,0.0,1.0,0.0,[0. 1. 2. 3. 4. 5. 6. 7. 8. 9.],[1. 1. 1. 1. 1. 1. 1. 1. 1. 1.],0.0,0.0
1081,102591034,102572156,0,11508560,residential,Market Quay,0,True,55.46635930289472,,,,,,no,,"LINESTRING (-76.4910168 38.9743005, -76.49153 38.9745999)",0.03656842330074461,0.0600636536,0.9399363464,0.0600636536,[0. 1. 2. 3. 4. 5. 6. 7. 8. 9.],"[0.93993635 0.93993635 0.93993636 0.96996817 0.99999998 1.
 1.         1.         1.         1.        ]",0.1801909607999999,0.7128142597586942
1082,11907983969,102592781,0,1303091354,residential,Tolson Street,0,False,24.235691739767663,,,,,,no,,"LINESTRING (-76.5022359 38.9929379, -76.5024433 38.9930846)",0.0,0.0,1.0,0.0,[0. 1. 2. 3. 4. 5. 6. 7. 8. 9.],[1. 1. 1. 1. 1. 1. 1. 1. 1. 1.],0.0,0.0
1083,11907983969,11869935913,0,1303091354,residential,Tolson Street,0,True,27.986372637494362,,,,,,no,,"LINESTRING (-76.5022359 38.9929379, -76.5019964 38.9927685)",0.0,0.0,1.0,0.0,[0. 1. 2. 3. 4. 5. 6. 7. 8. 9.],[1. 1. 1. 1. 1. 1. 1. 1. 1. 1.],0.0,0.0
1084,11907983977,102592781,0,541147435,residential,Monterey Avenue,0,False,50.60305448912473,,,,,,no,,"LINESTRING (-76.50204909999999 38.9934211, -76.5024433 38.9930846)",0.0,0.0,1.0,0.0,[0. 1. 2. 3. 4. 5. 6. 7. 8. 9.],[1. 1. 1. 1. 1. 1. 1. 1. 1. 1.],0.0,0.0
1085,11907983977,102613891,0,541147435,residential,Monterey Avenue,0,True,65.72826660901546,,,,,,no,,"LINESTRING (-76.50204909999999 38.9934211, -76.50153709999999 38.9938582)",0.0,0.0,1.0,0.0,[0. 1. 2. 3. 4. 5. 6. 7. 8. 9.],[1. 1. 1. 1. 1. 1. 1. 1. 1. 1.],0.0,0.0
1086,11907983981,102613891,0,11518241,residential,Shiley Street,0,False,39.97709110374532,,,,,,no,,"LINESTRING (-76.5011988 38.993613, -76.50153709999999 38.9938582)",0.0,0.0,1.0,0.0,[0. 1. 2. 3. 4. 5. 6. 7. 8. 9.],[1. 1. 1. 1. 1. 1. 1. 1. 1. 1.],0.0,0.0
1087,11907983981,102593333,0,11518241,residential,Shiley Street,0,True,70.35035579619375,,,,,,no,,"LINESTRING (-76.5011988 38.993613, -76.50060360000001 38.9931814)",0.0,0.0,1.0,0.0,[0. 1. 2. 3. 4. 5. 6. 7. 8. 9.],[1. 1. 1. 1. 1. 1. 1. 1. 1. 1.],0.0,0.0
1088,7308536442,102589412,0,49826105,primary,West Street,0,True,15.882948249133426,2,25 mph,MD 450,,,no,,"LINESTRING (-76.4959877 38.9782403, -76.49581240000001 38.9782831)",0.0,0.0,1.0,0.0,[0. 1. 2. 3. 4. 5. 6. 7. 8. 9.],[1. 1. 1. 1. 1. 1. 1. 1. 1. 1.],0.0,0.0
1089,7308536442,102572721,0,49826105,primary,West Street,0,False,28.152236682525583,2,25 mph,MD 450,,,no,,"LINESTRING (-76.4959877 38.9782403, -76.49602659999999 38.9782316, -76.49629969999999 38.9781677)",0.0,0.0,1.0,0.0,[0. 1. 2. 3. 4. 5. 6. 7. 8. 9.],[1. 1. 1. 1. 1. 1. 1. 1. 1. 1.],0.0,0.0
1090,11907983999,102593333,0,711701687,tertiary,Melvin Avenue,0,False,25.126547040129253,,,,,,no,,"LINESTRING (-76.500801 38.9930155, -76.50060360000001 38.9931814)",0.0,0.0,1.0,0.0,[0. 1. 2. 3. 4. 5. 6. 7. 8. 9.],[1. 1. 1. 1. 1. 1. 1. 1. 1. 1.],0.0,0.0
1091,11907983999,102592779,0,711701687,tertiary,Melvin Avenue,0,True,91.46300496255243,,,,,,no,,"LINESTRING (-76.500801 38.9930155, -76.50151940000001 38.9924115)",0.0,0.0,1.0,0.0,[0. 1. 2. 3. 4. 5. 6. 7. 8. 9.],[1. 1. 1. 1. 1. 1. 1. 1. 1. 1.],0.0,0.0
1092,3158666142,102593916,0,11509199,residential,Saint Johns Street,0,True,9.266869232687531,,,,,,no,,"LINESTRING (-76.49141 38.9802671, -76.49132779999999 38.9802136)",0.0,0.0,1.0,0.0,[0. 1. 2. 3. 4. 5. 6. 7. 8. 9.],[1. 1. 1. 1. 1. 1. 1. 1. 1. 1.],0.0,0.0
1093,3158666142,3158507895,0,11509199,residential,Saint Johns Street,0,False,142.13410937763473,,,,,,no,,"LINESTRING (-76.49141 38.9802671, -76.4914424 38.9802882, -76.4926877 38.9810717)",0.0,0.0,1.0,0.0,[0. 1. 2. 3. 4. 5. 6. 7. 8. 9.],[1. 1. 1. 1. 1. 1. 1. 1. 1. 1.],0.0,0.0
1094,3158666143,4699361905,0,11512872,secondary,College Avenue,0,False,16.222497536979525,2,25 mph,MD 450,,,no,,"LINESTRING (-76.4910244 38.9804609, -76.4911517 38.9803537)",0.0,0.0,1.0,0.0,[0. 1. 2. 3. 4. 5. 6. 7. 8. 9.],[1. 1. 1. 1. 1. 1. 1. 1. 1. 1.],0.0,0.0
1095,3158666143,102618080,0,11512872,secondary,College Avenue,0,True,75.97825388920973,2,25 mph,MD 450,,,no,,"LINESTRING (-76.4910244 38.9804609, -76.4904592 38.9809842)",0.0,0.0,1.0,0.0,[0. 1. 2. 3. 4. 5. 6. 7. 8. 9.],[1. 1. 1. 1. 1. 1. 1. 1. 1. 1.],0.0,0.0
1096,3590614203,10031702909,0,1303091350,residential,Giddings Avenue,0,False,19.59652740297118,,,,,,no,,"LINESTRING (-76.50167190000001 38.9904, -76.5018268 38.9902713)",0.0,0.0,1.0,0.0,[0. 1. 2. 3. 4. 5. 6. 7. 8. 9.],[1. 1. 1. 1. 1. 1. 1. 1. 1. 1.],0.0,0.0
1097,3590614203,102629499,0,1303091350,residential,Giddings Avenue,0,True,56.008230561614624,,,,,,no,,"LINESTRING (-76.50167190000001 38.9904, -76.501229 38.9907677)",0.0,0.0,1.0,0.0,[0. 1. 2. 3. 4. 5. 6. 7. 8. 9.],[1. 1. 1. 1. 1. 1. 1. 1. 1. 1.],0.0,0.0
1098,3590614204,102593331,0,743255227,tertiary,Melvin Avenue,0,False,57.635031850538134,,,,,,no,,"LINESTRING (-76.5028786 38.9912689, -76.50242590000001 38.9916495)",0.0,0.0,1.0,0.0,[0. 1. 2. 3. 4. 5. 6. 7. 8. 9.],[1. 1. 1. 1. 1. 1. 1. 1. 1. 1.],0.0,0.0
1099,3590614204,102593329,0,743255227,tertiary,Melvin Avenue,0,True,57.931114957833074,,,,,,no,,"LINESTRING (-76.5028786 38.9912689, -76.5033337 38.9908864)",0.0,0.0,1.0,0.0,[0. 1. 2. 3. 4. 5. 6. 7. 8. 9.],[1. 1. 1. 1. 1. 1. 1. 1. 1. 1.],0.0,0.0
1100,102591767,1727065888,0,11508702,residential,Badger Road,0,False,46.49353873163313,,,,,,no,,"LINESTRING (-76.49810050000001 38.9913137, -76.4978934 38.9909278)",0.0,0.0,1.0,0.0,[0. 1. 2. 3. 4. 5. 6. 7. 8. 9.],[1. 1. 1. 1. 1. 1. 1. 1. 1. 1.],0.0,0.0
1101,102591767,3583828391,0,352622544,residential,Monroe Road,0,False,51.602727648442524,,,,,,no,,"LINESTRING (-76.49810050000001 38.9913137, -76.4978236 38.9914528, -76.4977791 38.9914943, -76.4977311 38.9916435)",0.0,0.0,1.0,0.0,[0. 1. 2. 3. 4. 5. 6. 7. 8. 9.],[1. 1. 1. 1. 1. 1. 1. 1. 1. 1.],0.0,0.0
1102,102591773,7698084111,0,11519280,residential,Sellers Road,1,False,31.418550293640397,,,,,,no,,"LINESTRING (-76.49444320000001 38.9899182, -76.4945082 38.9901962)",0.0,0.0,1.0,0.0,[0. 1. 2. 3. 4. 5. 6. 7. 8. 9.],[1. 1. 1. 1. 1. 1. 1. 1. 1. 1.],0.0,0.0
1103,102591773,102591775,0,352622541,residential,Badger Road,0,False,27.83523690016091,,,,,,no,,"LINESTRING (-76.49444320000001 38.9899182, -76.49417099999999 38.9897844)",0.0,0.0,1.0,0.0,[0. 1. 2. 3. 4. 5. 6. 7. 8. 9.],[1. 1. 1. 1. 1. 1. 1. 1. 1. 1.],0.0,0.0
1104,102591773,7698084110,0,352622541,residential,Badger Road,0,True,26.349855183710158,,,,,,no,,"LINESTRING (-76.49444320000001 38.9899182, -76.4947064 38.9900378)",0.0,0.0,1.0,0.0,[0. 1. 2. 3. 4. 5. 6. 7. 8. 9.],[1. 1. 1. 1. 1. 1. 1. 1. 1. 1.],0.0,0.0
1105,102591775,102591773,0,352622541,residential,Badger Road,0,True,27.83523690016091,,,,,,no,,"LINESTRING (-76.49417099999999 38.9897844, -76.49444320000001 38.9899182)",0.0,0.0,1.0,0.0,[0. 1. 2. 3. 4. 5. 6. 7. 8. 9.],[1. 1. 1. 1. 1. 1. 1. 1. 1. 1.],0.0,0.0
1106,102591775,2286912254,0,824427029,primary,Baltimore Annapolis Boulevard,0,False,39.324255014220306,2,,MD 450,,,no,,"LINESTRING (-76.49417099999999 38.9897844, -76.4938033 38.9899927)",0.0,0.0,1.0,0.0,[0. 1. 2. 3. 4. 5. 6. 7. 8. 9.],[1. 1. 1. 1. 1. 1. 1. 1. 1. 1.],0.0,0.0
1107,102591775,4343502210,0,824427029,primary,Baltimore Annapolis Boulevard,0,True,123.56054410987196,2,,MD 450,,,no,,"LINESTRING (-76.49417099999999 38.9897844, -76.49439940000001 38.9896704, -76.49464089999999 38.9895572, -76.49482759999999 38.9894706, -76.49541979999999 38.9892463)",0.0,0.0,1.0,0.0,[0. 1. 2. 3. 4. 5. 6. 7. 8. 9.],[1. 1. 1. 1. 1. 1. 1. 1. 1. 1.],0.0,0.0
1108,102559048,102589151,0,11508219,residential,Santee Road,0,False,83.6719350019209,,,,private,,no,,"LINESTRING (-76.48104499999999 38.9830454, -76.4803039 38.9825613)",12.01739263771153,0.7182309924,0.2817690076,0.7182309924,[0. 1. 2. 3. 4. 5. 6. 7. 8. 9.],"[0.28176901 0.28176901 0.28176921 0.6408845  0.99999979 1.
 1.         1.         1.         1.        ]",2.1546929772,1.3495843542117596
1109,102559048,3812721913,0,11508219,residential,Santee Road,0,True,80.72783489316151,,,,private,,no,,"LINESTRING (-76.48104499999999 38.9830454, -76.4817601 38.9835124)",10.987505289298063,0.7069972795,0.2930027205,0.7069972795,[0. 1. 2. 3. 4. 5. 6. 7. 8. 9.],"[0.29300272 0.29300272 0.29300292 0.64650136 0.9999998  1.
 1.         1.         1.         1.        ]",2.1209918385,1.365419330156094
1110,102559048,4835974765,0,"[534630402, 11502631]",residential,Sims Road,0,True,714.4929700633861,,,,private,,no,,"LINESTRING (-76.48104499999999 38.9830454, -76.480099 38.983938, -76.4842756 38.98669, -76.4851166 38.985916)",13.240005102353793,0.7301403256,0.2698596744,0.7301403256,[0. 1. 2. 3. 4. 5. 6. 7. 8. 9.],"[0.26985967 0.26985967 0.26985988 0.63492984 0.99999979 1.
 1.         1.         1.         1.        ]",2.1904209768,1.3316605092808085
1111,1304096088,102576378,0,1035044588,residential,Northwest Street,1,False,16.16719449608835,,,,,,no,,"LINESTRING (-76.49534749999999 38.9800553, -76.49520010000001 38.9799658)",0.0,0.0,1.0,0.0,[0. 1. 2. 3. 4. 5. 6. 7. 8. 9.],[1. 1. 1. 1. 1. 1. 1. 1. 1. 1.],0.0,0.0
1112,3655986598,102555936,0,11520014,residential,Holloway Road,0,False,231.9870927765386,,,,private,,no,,"LINESTRING (-76.48412279999999 38.9850698, -76.4820769 38.9837194)",11.22169253466702,0.7096602045,0.2903397955,0.7096602045,[0. 1. 2. 3. 4. 5. 6. 7. 8. 9.],"[0.2903398 0.2903398 0.29034   0.6451699 0.9999998 1.        1.
 1.        1.        1.       ]",2.1289806134999996,1.3617577616969978
1113,3655986598,2098730878,0,11520014,residential,Holloway Road,0,True,126.34095405227166,,,,private,,no,,"LINESTRING (-76.48412279999999 38.9850698, -76.48523640000001 38.9858058)",13.118916835981112,0.7290218875,0.27097811250000003,0.7290218875,[0. 1. 2. 3. 4. 5. 6. 7. 8. 9.],"[0.27097811 0.27097811 0.27097832 0.63548906 0.99999979 1.
 1.         1.         1.         1.        ]",2.1870656625,1.33339476949421
1114,1299115487,102576378,0,192889398,primary,Calvert Street,0,False,33.85700927805043,2,,,,,no,,"LINESTRING (-76.4949558 38.9802038, -76.49520010000001 38.9799658)",0.0,0.0,1.0,0.0,[0. 1. 2. 3. 4. 5. 6. 7. 8. 9.],[1. 1. 1. 1. 1. 1. 1. 1. 1. 1.],0.0,0.0
1115,1299115487,768922849,0,49826102,primary,Calvert Street,0,True,94.06022591928243,2,,,,,no,,"LINESTRING (-76.4949558 38.9802038, -76.4948412 38.9803045, -76.4942746 38.9808018, -76.4942344 38.9808371)",0.0,0.0,1.0,0.0,[0. 1. 2. 3. 4. 5. 6. 7. 8. 9.],[1. 1. 1. 1. 1. 1. 1. 1. 1. 1.],0.0,0.0
1116,1299115487,768922855,0,114751065,primary_link,,1,False,58.86036464581092,2,,,,,no,,"LINESTRING (-76.4949558 38.9802038, -76.4949653 38.979974, -76.4949558 38.9798847, -76.4949307 38.9798327, -76.4948 38.9797166)",0.0,0.0,1.0,0.0,[0. 1. 2. 3. 4. 5. 6. 7. 8. 9.],[1. 1. 1. 1. 1. 1. 1. 1. 1. 1.],0.0,0.0
1117,1727065807,5018183972,0,192889421,primary,Taylor Avenue,0,True,14.545570707984727,2,,MD 435,,,no,,"LINESTRING (-76.5011162 38.988645, -76.5012265 38.9885462)",0.0,0.0,1.0,0.0,[0. 1. 2. 3. 4. 5. 6. 7. 8. 9.],[1. 1. 1. 1. 1. 1. 1. 1. 1. 1.],0.0,0.0
1118,1727065807,1727065894,0,160669673,primary_link,,1,False,80.95374165803173,,,,,,no,,"LINESTRING (-76.5011162 38.988645, -76.5008364 38.9888002, -76.50077709999999 38.9888224, -76.50071010000001 38.9888286, -76.5006594 38.9888189, -76.50055450000001 38.9887703, -76.500327 38.9886365)",0.0,0.0,1.0,0.0,[0. 1. 2. 3. 4. 5. 6. 7. 8. 9.],[1. 1. 1. 1. 1. 1. 1. 1. 1. 1.],0.0,0.0
1119,1727065807,102597965,0,192889420,primary,Taylor Avenue,0,False,49.735897727482374,2,,MD 435,,,no,,"LINESTRING (-76.5011162 38.988645, -76.50082620000001 38.9889054, -76.5007396 38.9889832)",0.0,0.0,1.0,0.0,[0. 1. 2. 3. 4. 5. 6. 7. 8. 9.],[1. 1. 1. 1. 1. 1. 1. 1. 1. 1.],0.0,0.0
1120,1727065824,102593321,0,711701687,tertiary,Melvin Avenue,0,True,28.591775129063645,,,,,,no,,"LINESTRING (-76.49872740000001 38.9947585, -76.498952 38.9945697)",0.0,0.0,1.0,0.0,[0. 1. 2. 3. 4. 5. 6. 7. 8. 9.],[1. 1. 1. 1. 1. 1. 1. 1. 1. 1.],0.0,0.0
1121,102625022,102562801,0,11513973,residential,Academy Street,0,False,84.9356477934136,,,,,,no,,"LINESTRING (-76.50041779999999 38.9728577, -76.5013174 38.9725506)",0.0,0.0,1.0,0.0,[0. 1. 2. 3. 4. 5. 6. 7. 8. 9.],[1. 1. 1. 1. 1. 1. 1. 1. 1. 1.],0.0,0.0
1122,102625022,102622198,0,11519668,residential,Monticello Avenue,0,True,47.359064990377306,,,,,,no,,"LINESTRING (-76.50041779999999 38.9728577, -76.500193 38.9724693)",0.0,0.0,1.0,0.0,[0. 1. 2. 3. 4. 5. 6. 7. 8. 9.],[1. 1. 1. 1. 1. 1. 1. 1. 1. 1.],0.0,0.0
1123,102625022,102644233,0,11519668,residential,Monticello Avenue,0,False,193.34919287601173,,,,,,no,,"LINESTRING (-76.50041779999999 38.9728577, -76.50088599999999 38.9736415, -76.50134679999999 38.9744394)",0.0,0.0,1.0,0.0,[0. 1. 2. 3. 4. 5. 6. 7. 8. 9.],[1. 1. 1. 1. 1. 1. 1. 1. 1. 1.],0.0,0.0
1124,1727065888,102591767,0,11508702,residential,Badger Road,0,True,46.49353873163313,,,,,,no,,"LINESTRING (-76.4978934 38.9909278, -76.49810050000001 38.9913137)",0.0,0.0,1.0,0.0,[0. 1. 2. 3. 4. 5. 6. 7. 8. 9.],[1. 1. 1. 1. 1. 1. 1. 1. 1. 1.],0.0,0.0
1125,1727065888,3583828380,0,352622539,residential,Badger Road,1,False,52.18201037269667,,,,,roundabout,no,,"LINESTRING (-76.4978934 38.9909278, -76.4979211 38.9909457, -76.4979627 38.9909559, -76.49800620000001 38.9909529, -76.4980449 38.9909371, -76.4980729 38.9909111, -76.498086 38.9908787, -76.4980821 38.9908449, -76.4980618 38.9908148, -76.4980283 38.990793, -76.4979866 38.9907829, -76.4979431 38.9907859, -76.4979044 38.9908017, -76.4978764 38.9908277, -76.4978634 38.9908601)",0.0,0.0,1.0,0.0,[0. 1. 2. 3. 4. 5. 6. 7. 8. 9.],[1. 1. 1. 1. 1. 1. 1. 1. 1. 1.],0.0,0.0
1126,1727065894,102627606,0,38305513,primary,Baltimore Boulevard,0,True,58.03591952334289,2,,MD 435,,,no,,"LINESTRING (-76.500327 38.9886365, -76.4998725 38.9882523)",0.0,0.0,1.0,0.0,[0. 1. 2. 3. 4. 5. 6. 7. 8. 9.],[1. 1. 1. 1. 1. 1. 1. 1. 1. 1.],0.0,0.0
1127,1727065894,102597965,0,192889395,primary,Baltimore Boulevard,0,False,52.51541501929792,2,,MD 435,,,no,,"LINESTRING (-76.500327 38.9886365, -76.5007396 38.9889832)",0.0,0.0,1.0,0.0,[0. 1. 2. 3. 4. 5. 6. 7. 8. 9.],[1. 1. 1. 1. 1. 1. 1. 1. 1. 1.],0.0,0.0
1128,102625144,102610294,0,11513994,residential,Upshur Road,0,False,61.481755755204574,,,,,,no,,"LINESTRING (-76.4926425 38.9848333, -76.4920948 38.9844805)",12.568600919442874,0.7237748931,0.2762251069,0.7237748931,[0. 1. 2. 3. 4. 5. 6. 7. 8. 9.],"[0.27622511 0.27622511 0.27622531 0.63811255 0.99999979 1.
 1.         1.         1.         1.        ]",2.1713246793,1.3413888343234395
1129,102625144,790678730,0,11516659,residential,Beardall Road,0,False,175.92558261083735,,,,,,no,,"LINESTRING (-76.4926425 38.9848333, -76.4923526 38.9852418, -76.49229200000001 38.9853019, -76.4921921 38.9853856, -76.49208640000001 38.985446, -76.4918861 38.9855379, -76.49178620000001 38.9855726, -76.4916796 38.9855907, -76.4915853 38.9855915, -76.491461 38.9855809, -76.4913639 38.9855489, -76.49111069999999 38.9854507)",14.019397497522336,0.7370508719,0.26294912810000004,0.7370508719,[0. 1. 2. 3. 4. 5. 6. 7. 8. 9.],"[0.26294913 0.26294913 0.26294934 0.63147456 0.99999979 1.
 1.         1.         1.         1.        ]",2.2111526157,1.3207054184375155
1130,1036710049,1036710447,0,11505469,residential,Turner Joy Road,0,True,55.50975179973974,,,,private,,no,,"LINESTRING (-76.4808283 38.9777329, -76.48145839999999 38.9776366)",13.648032911586453,0.7338186844,0.2661813156,0.7338186844,[0. 1. 2. 3. 4. 5. 6. 7. 8. 9.],"[0.26618132 0.26618132 0.26618153 0.63309066 0.99999979 1.
 1.         1.         1.         1.        ]",2.2014560532000003,1.3258809323729623
1131,102592779,102614539,0,11508944,residential,Tolson Street,0,True,141.58152746657856,,,,,,no,,"LINESTRING (-76.50151940000001 38.9924115, -76.50029600000001 38.9915647)",0.0,0.0,1.0,0.0,[0. 1. 2. 3. 4. 5. 6. 7. 8. 9.],[1. 1. 1. 1. 1. 1. 1. 1. 1. 1.],0.0,0.0
1132,102592779,11907983999,0,711701687,tertiary,Melvin Avenue,0,False,91.46300496255243,,,,,,no,,"LINESTRING (-76.50151940000001 38.9924115, -76.500801 38.9930155)",0.0,0.0,1.0,0.0,[0. 1. 2. 3. 4. 5. 6. 7. 8. 9.],[1. 1. 1. 1. 1. 1. 1. 1. 1. 1.],0.0,0.0
1133,102592779,11907903295,0,711701687,tertiary,Melvin Avenue,0,True,24.760577137386242,,,,,,no,,"LINESTRING (-76.50151940000001 38.9924115, -76.5017139 38.992248)",0.0,0.0,1.0,0.0,[0. 1. 2. 3. 4. 5. 6. 7. 8. 9.],[1. 1. 1. 1. 1. 1. 1. 1. 1. 1.],0.0,0.0
1134,102592779,11872618276,0,1303091354,residential,Tolson Street,0,False,47.75109574672362,,,,,,no,,"LINESTRING (-76.50151940000001 38.9924115, -76.501576 38.9924712, -76.50191409999999 38.9927103)",0.0,0.0,1.0,0.0,[0. 1. 2. 3. 4. 5. 6. 7. 8. 9.],[1. 1. 1. 1. 1. 1. 1. 1. 1. 1.],0.0,0.0
1135,102592781,11907935205,0,541147435,residential,Monterey Avenue,0,False,38.528179985820174,,,,,,no,,"LINESTRING (-76.5024433 38.9930846, -76.50274330000001 38.9928283)",0.0,0.0,1.0,0.0,[0. 1. 2. 3. 4. 5. 6. 7. 8. 9.],[1. 1. 1. 1. 1. 1. 1. 1. 1. 1.],0.0,0.0
1136,102592781,11907983977,0,541147435,residential,Monterey Avenue,0,True,50.60305448912473,,,,,,no,,"LINESTRING (-76.5024433 38.9930846, -76.50204909999999 38.9934211)",0.0,0.0,1.0,0.0,[0. 1. 2. 3. 4. 5. 6. 7. 8. 9.],[1. 1. 1. 1. 1. 1. 1. 1. 1. 1.],0.0,0.0
1137,102592781,11907983969,0,1303091354,residential,Tolson Street,0,True,24.235691739767663,,,,,,no,,"LINESTRING (-76.5024433 38.9930846, -76.5022359 38.9929379)",0.0,0.0,1.0,0.0,[0. 1. 2. 3. 4. 5. 6. 7. 8. 9.],[1. 1. 1. 1. 1. 1. 1. 1. 1. 1.],0.0,0.0
1138,7698084110,102591773,0,352622541,residential,Badger Road,0,False,26.349855183710158,,,,,,no,,"LINESTRING (-76.4947064 38.9900378, -76.49444320000001 38.9899182)",0.0,0.0,1.0,0.0,[0. 1. 2. 3. 4. 5. 6. 7. 8. 9.],[1. 1. 1. 1. 1. 1. 1. 1. 1. 1.],0.0,0.0
1139,7698084110,3583828380,0,352622541,residential,Badger Road,0,True,333.471794953888,,,,,,no,,"LINESTRING (-76.4947064 38.9900378, -76.4950218 38.9901811, -76.49546460000001 38.9904858, -76.4961697 38.9911522, -76.4963477 38.9912116, -76.4964904 38.9912252, -76.4965821 38.9912093, -76.4977956 38.9908641, -76.4978634 38.9908601)",0.0,0.0,1.0,0.0,[0. 1. 2. 3. 4. 5. 6. 7. 8. 9.],[1. 1. 1. 1. 1. 1. 1. 1. 1. 1.],0.0,0.0
1140,7698084111,7698084110,0,824427562,residential,Sellers Road,1,False,24.56946654537183,,,,,,no,,"LINESTRING (-76.4945082 38.9901962, -76.4947064 38.9900378)",0.0,0.0,1.0,0.0,[0. 1. 2. 3. 4. 5. 6. 7. 8. 9.],[1. 1. 1. 1. 1. 1. 1. 1. 1. 1.],0.0,0.0
1141,7698084111,503282524,0,824427561,residential,Sellers Road,0,False,183.67332814238387,,,,,,no,,"LINESTRING (-76.4945082 38.9901962, -76.49464 38.9907425, -76.494598 38.990805, -76.4933056 38.9910113)",0.0,0.0,1.0,0.0,[0. 1. 2. 3. 4. 5. 6. 7. 8. 9.],[1. 1. 1. 1. 1. 1. 1. 1. 1. 1.],0.0,0.0
1142,3812553074,5184562690,0,377851562,residential,Maryland Avenue,0,False,47.260512497454414,,,,,,no,,"LINESTRING (-76.4861463 38.983297, -76.4864934 38.9829686)",11.23939957876752,0.7098588284,0.29014117159999997,0.7098588284,[0. 1. 2. 3. 4. 5. 6. 7. 8. 9.],"[0.29014117 0.29014117 0.29014138 0.64507059 0.9999998  1.
 1.         1.         1.         1.        ]",2.1295764852000003,1.3614823771212796
1143,3812553075,5184736610,0,11505567,residential,Blake Road,0,False,65.51089097137161,,,,,,no,,"LINESTRING (-76.4865518 38.9822656, -76.4864299 38.9822516, -76.4862755 38.9822244, -76.48613589999999 38.9821849, -76.4859829 38.9821323, -76.4858773 38.9820824, -76.4858495 38.9820635)",0.0,0.0,1.0,0.0,[0. 1. 2. 3. 4. 5. 6. 7. 8. 9.],[1. 1. 1. 1. 1. 1. 1. 1. 1. 1.],0.0,0.0
1144,3812553075,3812550653,0,11505567,residential,Blake Road,0,True,42.72262321527228,,,,,,no,,"LINESTRING (-76.4865518 38.9822656, -76.4866569 38.9822717, -76.4867335 38.9822885, -76.4868074 38.9823293, -76.4869714 38.9824417)",0.0,0.0,1.0,0.0,[0. 1. 2. 3. 4. 5. 6. 7. 8. 9.],[1. 1. 1. 1. 1. 1. 1. 1. 1. 1.],0.0,0.0
1145,3812553076,3812599942,0,"[1063805343, 11505567]",residential,Blake Road,0,"[False, True]",50.89211905052381,,,,,,no,,"LINESTRING (-76.4851917 38.981277, -76.48511910000001 38.9812315, -76.4854394 38.9809376)",0.0,0.0,1.0,0.0,[0. 1. 2. 3. 4. 5. 6. 7. 8. 9.],[1. 1. 1. 1. 1. 1. 1. 1. 1. 1.],0.0,0.0
1146,3812553076,5184736608,0,11505567,residential,Blake Road,0,True,44.737880491535186,,,,,,no,,"LINESTRING (-76.4851917 38.981277, -76.48531490000001 38.9813611, -76.4853705 38.9813948, -76.4853937 38.9814296, -76.4854165 38.9815039, -76.4854533 38.9816007, -76.48545129999999 38.9816039)",0.0,0.0,1.0,0.0,[0. 1. 2. 3. 4. 5. 6. 7. 8. 9.],[1. 1. 1. 1. 1. 1. 1. 1. 1. 1.],0.0,0.0
1147,7308538329,102621740,0,11519485,residential,West Washington Street,0,False,26.131595184709067,,,,,,no,,"LINESTRING (-76.4966239 38.9781754, -76.49670450000001 38.9784019)",0.0,0.0,1.0,0.0,[0. 1. 2. 3. 4. 5. 6. 7. 8. 9.],[1. 1. 1. 1. 1. 1. 1. 1. 1. 1.],0.0,0.0
1148,7308538329,102607809,0,11519485,residential,West Washington Street,0,True,9.091113848678553,,,,,,no,,"LINESTRING (-76.4966239 38.9781754, -76.4965973 38.9780963)",0.0,0.0,1.0,0.0,[0. 1. 2. 3. 4. 5. 6. 7. 8. 9.],[1. 1. 1. 1. 1. 1. 1. 1. 1. 1.],0.0,0.0
1149,7308538338,506036944,0,114751046,secondary,Church Circle,1,False,9.753628020251245,,,MD 450,,roundabout,no,,"LINESTRING (-76.4924046 38.9782683, -76.4923338 38.9783366)",0.0,0.0,1.0,0.0,[0. 1. 2. 3. 4. 5. 6. 7. 8. 9.],[1. 1. 1. 1. 1. 1. 1. 1. 1. 1.],0.0,0.0
1150,1036710447,1036710049,0,11505469,residential,Turner Joy Road,0,False,55.50975179973974,,,,private,,no,,"LINESTRING (-76.48145839999999 38.9776366, -76.4808283 38.9777329)",13.648032911586453,0.7338186844,0.2661813156,0.7338186844,[0. 1. 2. 3. 4. 5. 6. 7. 8. 9.],"[0.26618132 0.26618132 0.26618153 0.63309066 0.99999979 1.
 1.         1.         1.         1.        ]",2.2014560532000003,1.3258809323729623
1151,1036710447,1304073625,0,11505469,residential,Turner Joy Road,0,True,116.64900853295529,,,,private,,no,,"LINESTRING (-76.48145839999999 38.9776366, -76.4820752 38.9775365, -76.482187 38.9775178, -76.48223950000001 38.9775145, -76.4823105 38.9775178, -76.4823775 38.977533, -76.4825034 38.9775789, -76.48261599999999 38.9776366, -76.4827308 38.9776954)",12.941649981307675,0.7273615577,0.2726384423,0.7273615577,[0. 1. 2. 3. 4. 5. 6. 7. 8. 9.],"[0.27263844 0.27263844 0.27263865 0.63631922 0.99999979 1.
 1.         1.         1.         1.        ]",2.1820846731000003,1.335949599617965
1152,12111989959,3659143022,0,581825956,residential,Newman Street,0,False,25.490633642456412,,,,,,no,,"LINESTRING (-76.4860588 38.9764351, -76.4858449 38.9765929)",2.1793956957159057,0.4798663918,0.5201336082,0.4798663918,[0. 1. 2. 3. 4. 5. 6. 7. 8. 9.],"[0.52013361 0.52013361 0.52013375 0.7600668  0.99999986 1.
 1.         1.         1.         1.        ]",1.4395991754000002,1.4987836036618034
1153,12111989959,12111989964,0,581825956,residential,Newman Street,0,True,14.284491553955418,,,,,,no,,"LINESTRING (-76.4860588 38.9764351, -76.4861787 38.9763467)",2.1793956957159057,0.4798663918,0.5201336082,0.4798663918,[0. 1. 2. 3. 4. 5. 6. 7. 8. 9.],"[0.52013361 0.52013361 0.52013375 0.7600668  0.99999986 1.
 1.         1.         1.         1.        ]",1.4395991754000002,1.4987836036618034
1154,12111989963,12111989964,0,581825956,residential,Newman Street,0,False,13.715624810569889,,,,,,no,,"LINESTRING (-76.4862938 38.9762618, -76.4861787 38.9763467)",2.1076271734533325,0.4749599709,0.5250400291,0.4749599709,[0. 1. 2. 3. 4. 5. 6. 7. 8. 9.],"[0.52504003 0.52504003 0.52504017 0.76252001 0.99999986 1.
 1.         1.         1.         1.        ]",1.4248799127,1.4981179917069711
1155,12111989963,102563660,0,581825956,residential,Newman Street,0,True,16.863586330758356,,,,,,no,,"LINESTRING (-76.4862938 38.9762618, -76.4864353 38.9761574)",2.215120276003839,0.4822499221,0.5177500778999999,0.4822499221,[0. 1. 2. 3. 4. 5. 6. 7. 8. 9.],"[0.51775008 0.51775008 0.51775022 0.75887504 0.99999986 1.
 1.         1.         1.         1.        ]",1.4467497663000002,1.4990546906506412
1156,12111989964,12111989959,0,581825956,residential,Newman Street,0,False,14.284491553955418,,,,,,no,,"LINESTRING (-76.4861787 38.9763467, -76.4860588 38.9764351)",2.1793956957159057,0.4798663918,0.5201336082,0.4798663918,[0. 1. 2. 3. 4. 5. 6. 7. 8. 9.],"[0.52013361 0.52013361 0.52013375 0.7600668  0.99999986 1.
 1.         1.         1.         1.        ]",1.4395991754000002,1.4987836036618034
1157,12111989964,12111989963,0,581825956,residential,Newman Street,0,True,13.715624810569889,,,,,,no,,"LINESTRING (-76.4861787 38.9763467, -76.4862938 38.9762618)",2.1076271734533325,0.4749599709,0.5250400291,0.4749599709,[0. 1. 2. 3. 4. 5. 6. 7. 8. 9.],"[0.52504003 0.52504003 0.52504017 0.76252001 0.99999986 1.
 1.         1.         1.         1.        ]",1.4248799127,1.4981179917069711
1158,102593321,1727065824,0,711701687,tertiary,Melvin Avenue,0,False,28.591775129063645,,,,,,no,,"LINESTRING (-76.498952 38.9945697, -76.49872740000001 38.9947585)",0.0,0.0,1.0,0.0,[0. 1. 2. 3. 4. 5. 6. 7. 8. 9.],[1. 1. 1. 1. 1. 1. 1. 1. 1. 1.],0.0,0.0
1159,102593321,102593334,0,711701687,tertiary,Melvin Avenue,0,True,97.65043504348277,,,,,,no,,"LINESTRING (-76.498952 38.9945697, -76.49971909999999 38.9939249)",0.0,0.0,1.0,0.0,[0. 1. 2. 3. 4. 5. 6. 7. 8. 9.],[1. 1. 1. 1. 1. 1. 1. 1. 1. 1.],0.0,0.0
1160,102593321,102627519,0,11514375,residential,Old Crossing Lane,0,True,142.62484025944173,,,,,,no,,"LINESTRING (-76.498952 38.9945697, -76.4978622 38.9939404, -76.4976508 38.9937831)",0.4892763847682744,0.2742348061,0.7257651939,0.2742348061,[0. 1. 2. 3. 4. 5. 6. 7. 8. 9.],"[0.72576519 0.72576519 0.72576527 0.8628826  0.99999992 1.
 1.         1.         1.         1.        ]",0.8227044182999999,1.3383837302690926
1161,102593329,8032565122,0,160669677,tertiary,Annapolis Street,0,False,61.27854544919637,,,,,,no,,"LINESTRING (-76.5033337 38.9908864, -76.50281200000001 38.9905132)",0.0,0.0,1.0,0.0,[0. 1. 2. 3. 4. 5. 6. 7. 8. 9.],[1. 1. 1. 1. 1. 1. 1. 1. 1. 1.],0.0,0.0
1162,102593329,3590614204,0,743255227,tertiary,Melvin Avenue,0,False,57.931114957833074,,,,,,no,,"LINESTRING (-76.5033337 38.9908864, -76.5028786 38.9912689)",0.0,0.0,1.0,0.0,[0. 1. 2. 3. 4. 5. 6. 7. 8. 9.],[1. 1. 1. 1. 1. 1. 1. 1. 1. 1.],0.0,0.0
1163,102593329,102587078,0,743255227,tertiary,Melvin Avenue,0,True,117.8697133115719,,,,,,no,,"LINESTRING (-76.5033337 38.9908864, -76.5042596 38.9901081)",0.0,0.0,1.0,0.0,[0. 1. 2. 3. 4. 5. 6. 7. 8. 9.],[1. 1. 1. 1. 1. 1. 1. 1. 1. 1.],0.0,0.0
1164,102593344,10031857077,0,11511296,residential,Franklin Street,0,False,3.27099140482404,,,,,,no,,"LINESTRING (-76.49518399999999 38.9759825, -76.49516629999999 38.9760085)",0.0,0.0,1.0,0.0,[0. 1. 2. 3. 4. 5. 6. 7. 8. 9.],[1. 1. 1. 1. 1. 1. 1. 1. 1. 1.],0.0,0.0
1165,102593344,102563450,0,11511296,residential,Franklin Street,0,True,70.25680484037842,,,,,,no,,"LINESTRING (-76.49518399999999 38.9759825, -76.4955655 38.9754246)",0.0,0.0,1.0,0.0,[0. 1. 2. 3. 4. 5. 6. 7. 8. 9.],[1. 1. 1. 1. 1. 1. 1. 1. 1. 1.],0.0,0.0
1166,102593344,102584596,0,1303089563,residential,Shaw Street,0,False,112.94259964131392,,,,,,no,,"LINESTRING (-76.49518399999999 38.9759825, -76.4941252 38.9753874)",0.0,0.0,1.0,0.0,[0. 1. 2. 3. 4. 5. 6. 7. 8. 9.],[1. 1. 1. 1. 1. 1. 1. 1. 1. 1.],0.0,0.0
1167,102593344,10031857076,0,1303089564,residential,Shaw Street,0,True,7.70563112967877,,,,,,no,,"LINESTRING (-76.49518399999999 38.9759825, -76.49526299999999 38.9760146)",0.0,0.0,1.0,0.0,[0. 1. 2. 3. 4. 5. 6. 7. 8. 9.],[1. 1. 1. 1. 1. 1. 1. 1. 1. 1.],0.0,0.0
1168,102593346,7150276553,0,11509085,residential,Shaw Street,0,True,18.531579218858756,,,,,,no,,"LINESTRING (-76.4958034 38.976234, -76.4959923 38.9763128)",0.0,0.0,1.0,0.0,[0. 1. 2. 3. 4. 5. 6. 7. 8. 9.],[1. 1. 1. 1. 1. 1. 1. 1. 1. 1.],0.0,0.0
1169,102593346,10031857076,0,1303089564,residential,Shaw Street,0,False,52.701063643097626,,,,,,no,,"LINESTRING (-76.4958034 38.976234, -76.49526299999999 38.9760146)",0.0,0.0,1.0,0.0,[0. 1. 2. 3. 4. 5. 6. 7. 8. 9.],[1. 1. 1. 1. 1. 1. 1. 1. 1. 1.],0.0,0.0
1170,102593348,102565669,0,11509085,residential,Shaw Street,0,False,38.67051107984022,,,,,,no,,"LINESTRING (-76.4974149 38.976651, -76.4969704 38.9766118)",0.0,0.0,1.0,0.0,[0. 1. 2. 3. 4. 5. 6. 7. 8. 9.],[1. 1. 1. 1. 1. 1. 1. 1. 1. 1.],0.0,0.0
1171,102593348,102622190,0,11513535,residential,Lafayette Avenue,0,True,43.706901620361464,,,,,,no,,"LINESTRING (-76.4974149 38.976651, -76.4974443 38.9770434)",0.0,0.0,1.0,0.0,[0. 1. 2. 3. 4. 5. 6. 7. 8. 9.],[1. 1. 1. 1. 1. 1. 1. 1. 1. 1.],0.0,0.0
1172,102593348,1685291747,0,11513535,residential,Lafayette Avenue,0,False,67.00113520228862,,,,,,no,,"LINESTRING (-76.4974149 38.976651, -76.49740269999999 38.9764415, -76.49740269999999 38.9763505, -76.49741400000001 38.9762781, -76.49743669999999 38.9761968, -76.49752580000001 38.9760686)",0.0,0.0,1.0,0.0,[0. 1. 2. 3. 4. 5. 6. 7. 8. 9.],[1. 1. 1. 1. 1. 1. 1. 1. 1. 1.],0.0,0.0
1173,8024486803,7017051631,0,11519513,residential,Norwood Road,0,False,27.060273551537346,,,,,,no,,"LINESTRING (-76.4964322 38.9934017, -76.4964841 38.9933804, -76.4967335 38.9933413)",0.0,0.0,1.0,0.0,[0. 1. 2. 3. 4. 5. 6. 7. 8. 9.],[1. 1. 1. 1. 1. 1. 1. 1. 1. 1.],0.0,0.0
1174,8024486803,6799758758,0,11519513,residential,Norwood Road,0,True,60.136427627427004,,,,,,no,,"LINESTRING (-76.4964322 38.9934017, -76.4963798 38.9934232, -76.49595960000001 38.993644, -76.49585140000001 38.9936801, -76.49584040000001 38.993683)",0.0,0.0,1.0,0.0,[0. 1. 2. 3. 4. 5. 6. 7. 8. 9.],[1. 1. 1. 1. 1. 1. 1. 1. 1. 1.],0.0,0.0
1175,7983788962,3812725367,0,534660285,residential,Brownson Road,1,False,254.2321099737606,,,,private,,no,,"LINESTRING (-76.4818169 38.9787418, -76.4799349 38.9804988)",12.976672538089444,0.7276917855,0.2723082145,0.7276917855,[0. 1. 2. 3. 4. 5. 6. 7. 8. 9.],"[0.27230821 0.27230821 0.27230842 0.63615411 0.99999979 1.
 1.         1.         1.         1.        ]",2.1830753565000003,1.3354433315264165
1176,102560959,102619678,0,1303099418,residential,Academy Street,0,True,139.32142429705215,,,,,,no,,"LINESTRING (-76.50342759999999 38.9718782, -76.50268010000001 38.9721317, -76.5019491 38.9723768)",0.0,0.0,1.0,0.0,[0. 1. 2. 3. 4. 5. 6. 7. 8. 9.],[1. 1. 1. 1. 1. 1. 1. 1. 1. 1.],0.0,0.0
1177,102560963,102619682,0,11518967,residential,Granville Avenue,0,True,173.21411895313406,,,,,,no,,"LINESTRING (-76.504413 38.9731927, -76.5042304 38.9732824, -76.5038624 38.9735229, -76.503562 38.973723, -76.5034654 38.9737625, -76.5026828 38.9738996)",0.0,0.0,1.0,0.0,[0. 1. 2. 3. 4. 5. 6. 7. 8. 9.],[1. 1. 1. 1. 1. 1. 1. 1. 1. 1.],0.0,0.0
1178,102560969,102619685,0,11516285,residential,Constitution Avenue,0,True,183.5794484607765,,,,,,no,,"LINESTRING (-76.50501819999999 38.9740765, -76.5043419 38.9742945, -76.50305400000001 38.9747041)",0.0,0.0,1.0,0.0,[0. 1. 2. 3. 4. 5. 6. 7. 8. 9.],[1. 1. 1. 1. 1. 1. 1. 1. 1. 1.],0.0,0.0
1179,8413607130,102594237,0,"[906016176, 11509281, 11503086]",residential,"['Shipwright Road', 'Shipwright Harbor']",0,True,103.42109858426042,,,,,,no,,"LINESTRING (-76.489852 38.9738487, -76.49015009999999 38.9740644, -76.4904487 38.9738261, -76.4907353 38.973997)",1.8780917129812256,0.4580981535,0.5419018465000001,0.4580981535,[0. 1. 2. 3. 4. 5. 6. 7. 8. 9.],"[0.54190185 0.54190185 0.54190198 0.77095092 0.99999987 1.
 1.         1.         1.         1.        ]",1.3742944604999998,1.4947236007360147
1180,7111865720,102627696,0,11519668,residential,Monticello Avenue,0,False,10.51771025592853,,,,,,no,,"LINESTRING (-76.5020736 38.9760263, -76.5021148 38.9761153)",0.0,0.0,1.0,0.0,[0. 1. 2. 3. 4. 5. 6. 7. 8. 9.],[1. 1. 1. 1. 1. 1. 1. 1. 1. 1.],0.0,0.0
1181,7111865720,102612485,0,11519668,residential,Monticello Avenue,0,True,88.09627140246936,,,,,,no,,"LINESTRING (-76.5020736 38.9760263, -76.5017627 38.9752718)",0.0,0.0,1.0,0.0,[0. 1. 2. 3. 4. 5. 6. 7. 8. 9.],[1. 1. 1. 1. 1. 1. 1. 1. 1. 1.],0.0,0.0
1182,102593916,3158666142,0,11509199,residential,Saint Johns Street,0,False,9.266869232687531,,,,,,no,,"LINESTRING (-76.49132779999999 38.9802136, -76.49141 38.9802671)",0.0,0.0,1.0,0.0,[0. 1. 2. 3. 4. 5. 6. 7. 8. 9.],[1. 1. 1. 1. 1. 1. 1. 1. 1. 1.],0.0,0.0
1183,102593916,7475369166,0,11512872,secondary,College Avenue,0,True,6.902081887947719,2,25 mph,MD 450,,,no,,"LINESTRING (-76.49132779999999 38.9802136, -76.491272 38.980258)",0.0,0.0,1.0,0.0,[0. 1. 2. 3. 4. 5. 6. 7. 8. 9.],[1. 1. 1. 1. 1. 1. 1. 1. 1. 1.],0.0,0.0
1184,102593916,9630748541,0,"[11512872, 1079893517]","['construction', 'secondary']",College Avenue,0,False,84.06672122997969,2,25 mph,MD 450,,,no,,"LINESTRING (-76.49132779999999 38.9802136, -76.49138170000001 38.9801633, -76.4919501 38.9796326)",0.0,0.0,1.0,0.0,[0. 1. 2. 3. 4. 5. 6. 7. 8. 9.],[1. 1. 1. 1. 1. 1. 1. 1. 1. 1.],0.0,0.0
1185,102593916,1303929720,0,115391770,residential,North Street,0,False,17.803036734979646,2,,,,,no,,"LINESTRING (-76.49132779999999 38.9802136, -76.4912604 38.9801681, -76.4912301 38.9801476, -76.4911805 38.9801023)",0.0,0.0,1.0,0.0,[0. 1. 2. 3. 4. 5. 6. 7. 8. 9.],[1. 1. 1. 1. 1. 1. 1. 1. 1. 1.],0.0,0.0
1186,102593920,1303929752,0,11509199,residential,Saint Johns Street,0,True,8.310790320053359,,,,,,no,,"LINESTRING (-76.4942518 38.9821163, -76.4941781 38.9820683)",0.0,0.0,1.0,0.0,[0. 1. 2. 3. 4. 5. 6. 7. 8. 9.],[1. 1. 1. 1. 1. 1. 1. 1. 1. 1.],0.0,0.0
1187,102593920,12063911172,0,1303086715,residential,Bloomsbury Square,1,False,50.57408034365014,,15 mph,,,,no,,"LINESTRING (-76.4942518 38.9821163, -76.4942997 38.9821103, -76.4947076 38.9823813)",0.0,0.0,1.0,0.0,[0. 1. 2. 3. 4. 5. 6. 7. 8. 9.],[1. 1. 1. 1. 1. 1. 1. 1. 1. 1.],0.0,0.0
1188,102626772,10031857046,0,11514260,residential,Dean Street,1,False,6.062033480539153,,,,,,no,,"LINESTRING (-76.49474069999999 38.9775787, -76.49478430000001 38.977536)",0.0,0.0,1.0,0.0,[0. 1. 2. 3. 4. 5. 6. 7. 8. 9.],[1. 1. 1. 1. 1. 1. 1. 1. 1. 1.],0.0,0.0
1189,102626772,10031857041,0,1303089565,residential,Cathedral Street,0,False,25.431977367519796,,,,,,no,,"LINESTRING (-76.49474069999999 38.9775787, -76.49496190000001 38.9777295)",0.0,0.0,1.0,0.0,[0. 1. 2. 3. 4. 5. 6. 7. 8. 9.],[1. 1. 1. 1. 1. 1. 1. 1. 1. 1.],0.0,0.0
1190,102626772,4341122944,0,1303089565,residential,Cathedral Street,0,True,6.690563121225678,,,,,,no,,"LINESTRING (-76.49474069999999 38.9775787, -76.49468090000001 38.9775405)",0.0,0.0,1.0,0.0,[0. 1. 2. 3. 4. 5. 6. 7. 8. 9.],[1. 1. 1. 1. 1. 1. 1. 1. 1. 1.],0.0,0.0
1191,6799652357,102587078,0,743255227,tertiary,Melvin Avenue,0,False,106.67343119902029,,,,,,no,,"LINESTRING (-76.50509750000001 38.9894037, -76.5046072 38.9898159, -76.5042596 38.9901081)",0.0,0.0,1.0,0.0,[0. 1. 2. 3. 4. 5. 6. 7. 8. 9.],[1. 1. 1. 1. 1. 1. 1. 1. 1. 1.],0.0,0.0
1192,473363995,102566153,0,50319297,secondary,Compromise Street,0,True,108.2417424713313,,,,,,no,,"LINESTRING (-76.4858536 38.9749158, -76.4857087 38.9739489)",1.0455974541006103,0.3742259414,0.6257740586,0.3742259414,[0. 1. 2. 3. 4. 5. 6. 7. 8. 9.],"[0.62577406 0.62577406 0.62577417 0.81288703 0.99999989 1.
 1.         1.         1.         1.        ]",1.1226778242,1.4517673383636136
1193,473363995,4535779004,0,50319297,secondary,Compromise Street,0,False,61.69883600167095,,,,,,no,,"LINESTRING (-76.4858536 38.9749158, -76.48588239999999 38.9750918, -76.48591930000001 38.9751978, -76.4860465 38.9754465)",1.6145273647604004,0.4361039117,0.5638960882999999,0.4361039117,[0. 1. 2. 3. 4. 5. 6. 7. 8. 9.],"[0.56389609 0.56389609 0.56389621 0.78194804 0.99999987 1.
 1.         1.         1.         1.        ]",1.3083117351000002,1.487701619660043
1194,102594237,102641931,0,11517004,residential,Revell Street,0,False,25.928746143778096,,,,,,no,,"LINESTRING (-76.4907353 38.973997, -76.4909207 38.9738137)",2.6662409953174606,0.5094475329,0.4905524671,0.5094475329,[0. 1. 2. 3. 4. 5. 6. 7. 8. 9.],"[0.49055247 0.49055247 0.49055261 0.74527623 0.99999985 1.
 1.         1.         1.         1.        ]",1.5283425986999997,1.499732403208878
1195,102594237,102589999,0,11517004,residential,Revell Street,0,True,98.63361673313518,,,,,,no,,"LINESTRING (-76.4907353 38.973997, -76.49002470000001 38.974691)",0.0,0.0,1.0,0.0,[0. 1. 2. 3. 4. 5. 6. 7. 8. 9.],[1. 1. 1. 1. 1. 1. 1. 1. 1. 1.],0.0,0.0
1196,102594237,8413607130,0,"[906016176, 11509281, 11503086]",residential,"['Shipwright Road', 'Shipwright Harbor']",0,False,103.42109858426042,,,,,,no,,"LINESTRING (-76.4907353 38.973997, -76.4904487 38.9738261, -76.49015009999999 38.9740644, -76.489852 38.9738487)",1.8780917129812256,0.4580981535,0.5419018465000001,0.4580981535,[0. 1. 2. 3. 4. 5. 6. 7. 8. 9.],"[0.54190185 0.54190185 0.54190198 0.77095092 0.99999987 1.
 1.         1.         1.         1.        ]",1.3742944604999998,1.4947236007360147
1197,8027993921,8027993929,0,11508279,residential,Calvert Street,0,True,4.260621637912085,,,,,,no,,"LINESTRING (-76.4939114 38.9811408, -76.4938801 38.9811704)",0.0,0.0,1.0,0.0,[0. 1. 2. 3. 4. 5. 6. 7. 8. 9.],[1. 1. 1. 1. 1. 1. 1. 1. 1. 1.],0.0,0.0
1198,8027993921,6496830086,0,11508279,residential,Calvert Street,0,False,26.244008100533485,,,,,,no,,"LINESTRING (-76.4939114 38.9811408, -76.49397949999999 38.9810762, -76.49407859999999 38.9809805, -76.4941025 38.9809574)",0.0,0.0,1.0,0.0,[0. 1. 2. 3. 4. 5. 6. 7. 8. 9.],[1. 1. 1. 1. 1. 1. 1. 1. 1. 1.],0.0,0.0
1199,8027993929,8027993921,0,11508279,residential,Calvert Street,0,False,4.260621637912085,,,,,,no,,"LINESTRING (-76.4938801 38.9811704, -76.4939114 38.9811408)",0.0,0.0,1.0,0.0,[0. 1. 2. 3. 4. 5. 6. 7. 8. 9.],[1. 1. 1. 1. 1. 1. 1. 1. 1. 1.],0.0,0.0
1200,8027993929,6496816573,0,11508279,residential,Calvert Street,0,True,53.68117850121743,,,,,,no,,"LINESTRING (-76.4938801 38.9811704, -76.4934863 38.9815437)",0.0,0.0,1.0,0.0,[0. 1. 2. 3. 4. 5. 6. 7. 8. 9.],[1. 1. 1. 1. 1. 1. 1. 1. 1. 1.],0.0,0.0
1201,3812587349,11400928887,0,377864877,residential,Turner Joy Road,1,False,46.21305112052313,,,,private,,no,,"LINESTRING (-76.4769637 38.9809423, -76.4773014 38.9806201)",13.057359941768338,0.7284484562,0.2715515438,0.7284484562,[0. 1. 2. 3. 4. 5. 6. 7. 8. 9.],"[0.27155154 0.27155154 0.27155175 0.63577577 0.99999979 1.
 1.         1.         1.         1.        ]",2.1853453685999997,1.3342797911165827
1202,3615881104,3615881107,0,534660291,residential,Porter Road,0,False,8.352798398579043,,,,,,no,,"LINESTRING (-76.484849 38.9797884, -76.48477509999999 38.97974)",0.9227335653600708,0.3569335427,0.6430664573,0.3569335427,[0. 1. 2. 3. 4. 5. 6. 7. 8. 9.],"[0.64306646 0.64306646 0.64306656 0.82153323 0.9999999  1.
 1.         1.         1.         1.        ]",1.0708006281000002,1.437285047728143
1203,3615881104,3615881099,0,534660291,residential,Porter Road,0,True,25.951528632673146,,,,,,no,,"LINESTRING (-76.484849 38.9797884, -76.4850789 38.9799385)",0.9227335653600708,0.3569335427,0.6430664573,0.3569335427,[0. 1. 2. 3. 4. 5. 6. 7. 8. 9.],"[0.64306646 0.64306646 0.64306656 0.82153323 0.9999999  1.
 1.         1.         1.         1.        ]",1.0708006281000002,1.437285047728143
1204,3615881107,3615881112,0,534660291,residential,Porter Road,0,False,27.297054849875977,,,,,,no,,"LINESTRING (-76.48477509999999 38.97974, -76.4845333 38.9795821)",12.281678863334347,0.7209268439,0.27907315610000005,0.7209268439,[0. 1. 2. 3. 4. 5. 6. 7. 8. 9.],"[0.27907316 0.27907316 0.27907336 0.63953658 0.99999979 1.
 1.         1.         1.         1.        ]",2.1627805317,1.345631001953625
1205,3615881107,3615881104,0,534660291,residential,Porter Road,0,True,8.352798398579043,,,,,,no,,"LINESTRING (-76.48477509999999 38.97974, -76.484849 38.9797884)",0.9227335653600708,0.3569335427,0.6430664573,0.3569335427,[0. 1. 2. 3. 4. 5. 6. 7. 8. 9.],"[0.64306646 0.64306646 0.64306656 0.82153323 0.9999999  1.
 1.         1.         1.         1.        ]",1.0708006281000002,1.437285047728143
1206,3615881112,3615881115,0,534660291,residential,Porter Road,0,False,9.472404207382299,,,,,,no,,"LINESTRING (-76.4845333 38.9795821, -76.4844494 38.9795273)",12.281678863334347,0.7209268439,0.27907315610000005,0.7209268439,[0. 1. 2. 3. 4. 5. 6. 7. 8. 9.],"[0.27907316 0.27907316 0.27907336 0.63953658 0.99999979 1.
 1.         1.         1.         1.        ]",2.1627805317,1.345631001953625
1207,3615881112,3615881107,0,534660291,residential,Porter Road,0,True,27.297054849875977,,,,,,no,,"LINESTRING (-76.4845333 38.9795821, -76.48477509999999 38.97974)",12.281678863334347,0.7209268439,0.27907315610000005,0.7209268439,[0. 1. 2. 3. 4. 5. 6. 7. 8. 9.],"[0.27907316 0.27907316 0.27907336 0.63953658 0.99999979 1.
 1.         1.         1.         1.        ]",2.1627805317,1.345631001953625
1208,2971465762,102584924,0,293941654,residential,East Street,0,True,71.7844498281294,,,,,,no,,"LINESTRING (-76.4867113 38.9792215, -76.4875313 38.9791194)",0.0,0.0,1.0,0.0,[0. 1. 2. 3. 4. 5. 6. 7. 8. 9.],[1. 1. 1. 1. 1. 1. 1. 1. 1. 1.],0.0,0.0
1209,3812587575,3812587349,0,"[377864877, 11501294]",residential,Turner Joy Road,1,False,59.62627187098372,,,,private,,no,,"LINESTRING (-76.4765115 38.9813468, -76.4765628 38.9812913, -76.4769637 38.9809423)",12.615850039291074,0.724236304,0.27576369599999995,0.724236304,[0. 1. 2. 3. 4. 5. 6. 7. 8. 9.],"[0.2757637  0.2757637  0.2757639  0.63788185 0.99999979 1.
 1.         1.         1.         1.        ]",2.172708912,1.3406951742024271
1210,8741681214,102612485,0,11511985,residential,Brooke Avenue,0,True,97.39694065629777,,,,,,no,,"LINESTRING (-76.5028071 38.9749432, -76.5017627 38.9752718)",0.0,0.0,1.0,0.0,[0. 1. 2. 3. 4. 5. 6. 7. 8. 9.],[1. 1. 1. 1. 1. 1. 1. 1. 1. 1.],0.0,0.0
1211,8741681214,102612488,0,944162949,residential,Brooke Avenue,1,False,26.614571669633747,,,,,,no,,"LINESTRING (-76.5028071 38.9749432, -76.50290320000001 38.9749338, -76.5031125 38.9749129)",0.0,0.0,1.0,0.0,[0. 1. 2. 3. 4. 5. 6. 7. 8. 9.],[1. 1. 1. 1. 1. 1. 1. 1. 1. 1.],0.0,0.0
1212,102594720,102622194,0,11514407,residential,Steele Avenue,0,True,145.9895488352045,,,,,,no,,"LINESTRING (-76.50008459999999 38.9752533, -76.49862829999999 38.9745885)",0.0,0.0,1.0,0.0,[0. 1. 2. 3. 4. 5. 6. 7. 8. 9.],[1. 1. 1. 1. 1. 1. 1. 1. 1. 1.],0.0,0.0
1213,102594720,102594718,0,1303099421,residential,Colonial Avenue,0,True,88.94137880091114,,,,,,no,,"LINESTRING (-76.50008459999999 38.9752533, -76.4995697 38.9759458)",0.0,0.0,1.0,0.0,[0. 1. 2. 3. 4. 5. 6. 7. 8. 9.],[1. 1. 1. 1. 1. 1. 1. 1. 1. 1.],0.0,0.0
1214,102594720,7045788067,0,11514407,residential,Steele Avenue,0,False,184.67436192345184,,,,,,no,,"LINESTRING (-76.50008459999999 38.9752533, -76.5015822 38.9759306, -76.5017904 38.9760022, -76.50195119999999 38.976058)",0.0,0.0,1.0,0.0,[0. 1. 2. 3. 4. 5. 6. 7. 8. 9.],[1. 1. 1. 1. 1. 1. 1. 1. 1. 1.],0.0,0.0
1215,102627519,8219504855,0,11514655,residential,Giddings Avenue,0,False,103.87787485764512,,,,,,no,,"LINESTRING (-76.4976508 38.9937831, -76.4984747 38.9931029)",0.0,0.0,1.0,0.0,[0. 1. 2. 3. 4. 5. 6. 7. 8. 9.],[1. 1. 1. 1. 1. 1. 1. 1. 1. 1.],0.0,0.0
1216,102627519,102593321,0,11514375,residential,Old Crossing Lane,0,False,142.62484025944173,,,,,,no,,"LINESTRING (-76.4976508 38.9937831, -76.4978622 38.9939404, -76.498952 38.9945697)",0.4892763847682744,0.2742348061,0.7257651939,0.2742348061,[0. 1. 2. 3. 4. 5. 6. 7. 8. 9.],"[0.72576519 0.72576519 0.72576527 0.8628826  0.99999992 1.
 1.         1.         1.         1.        ]",0.8227044182999999,1.3383837302690926
1217,102627519,7017051638,0,11514375,residential,Old Crossing Lane,0,True,57.52390066845521,,,,,,no,,"LINESTRING (-76.4976508 38.9937831, -76.4972647 38.9935028, -76.49715860000001 38.9934351)",0.0,0.0,1.0,0.0,[0. 1. 2. 3. 4. 5. 6. 7. 8. 9.],[1. 1. 1. 1. 1. 1. 1. 1. 1. 1.],0.0,0.0
1218,9898653893,639278248,0,799299908,residential,State Circle,1,False,39.18859946624475,2,20 mph,,,roundabout,no,,"LINESTRING (-76.49137589999999 38.9785893, -76.491285 38.9785158, -76.4911627 38.9784405, -76.4910242 38.9783691)",0.0,0.0,1.0,0.0,[0. 1. 2. 3. 4. 5. 6. 7. 8. 9.],[1. 1. 1. 1. 1. 1. 1. 1. 1. 1.],0.0,0.0
1219,7038354368,7038356100,0,11517635,residential,Herbert Sachs Boulevard,0,False,78.01334110847591,,,,,,no,,"LINESTRING (-76.50172449999999 38.9847306, -76.501193 38.9847996, -76.5011401 38.9848136, -76.5010901 38.984835, -76.50104039999999 38.984873, -76.50092220000001 38.9849796)",0.0,0.0,1.0,0.0,[0. 1. 2. 3. 4. 5. 6. 7. 8. 9.],[1. 1. 1. 1. 1. 1. 1. 1. 1. 1.],0.0,0.0
1220,7038354368,102645097,0,11517635,residential,Herbert Sachs Boulevard,0,True,268.68858155299125,,,,,,no,,"LINESTRING (-76.50172449999999 38.9847306, -76.5027173 38.9846118, -76.5029006 38.9846004, -76.5029918 38.9845999, -76.5031132 38.9846129, -76.5032073 38.984644, -76.50334700000001 38.9847147, -76.5034079 38.9847525, -76.5035587 38.9848479, -76.5041215 38.9851949, -76.5041568 38.9852168, -76.50440399999999 38.9853592, -76.5044795 38.9854027)",0.0,0.0,1.0,0.0,[0. 1. 2. 3. 4. 5. 6. 7. 8. 9.],[1. 1. 1. 1. 1. 1. 1. 1. 1. 1.],0.0,0.0
1221,102562052,9630733047,0,11503137,residential,Ellicott Avenue,0,False,5.036059256718525,,,,,,no,,"LINESTRING (-76.50151750000001 38.9768357, -76.5015393 38.9768777)",0.0,0.0,1.0,0.0,[0. 1. 2. 3. 4. 5. 6. 7. 8. 9.],[1. 1. 1. 1. 1. 1. 1. 1. 1. 1.],0.0,0.0
1222,102562052,102599278,0,1191539892,primary,West Street,0,False,50.46432659790007,2,25 mph,MD 450,,,no,,"LINESTRING (-76.50151750000001 38.9768357, -76.5020593 38.9766667)",0.0,0.0,1.0,0.0,[0. 1. 2. 3. 4. 5. 6. 7. 8. 9.],[1. 1. 1. 1. 1. 1. 1. 1. 1. 1.],0.0,0.0
1223,102562052,102607817,0,1191539892,primary,West Street,0,True,52.989009543837355,2,25 mph,MD 450,,,no,,"LINESTRING (-76.50151750000001 38.9768357, -76.5009429 38.9770017)",0.0,0.0,1.0,0.0,[0. 1. 2. 3. 4. 5. 6. 7. 8. 9.],[1. 1. 1. 1. 1. 1. 1. 1. 1. 1.],0.0,0.0
1224,102562054,9630733064,0,11503137,residential,Ellicott Avenue,0,True,5.82659198752132,,,,,,no,,"LINESTRING (-76.5022907 38.9783252, -76.50226549999999 38.9782766)",0.0,0.0,1.0,0.0,[0. 1. 2. 3. 4. 5. 6. 7. 8. 9.],[1. 1. 1. 1. 1. 1. 1. 1. 1. 1.],0.0,0.0
1225,102562054,102599281,0,11511245,residential,Hill Street,0,False,48.38271937806805,,,,,,no,,"LINESTRING (-76.5022907 38.9783252, -76.5028111 38.978165)",0.0,0.0,1.0,0.0,[0. 1. 2. 3. 4. 5. 6. 7. 8. 9.],[1. 1. 1. 1. 1. 1. 1. 1. 1. 1.],0.0,0.0
1226,102562054,102607361,0,11511245,residential,Hill Street,0,True,54.492898065742196,,,,,,no,,"LINESTRING (-76.5022907 38.9783252, -76.5017027 38.9785019)",0.0,0.0,1.0,0.0,[0. 1. 2. 3. 4. 5. 6. 7. 8. 9.],[1. 1. 1. 1. 1. 1. 1. 1. 1. 1.],0.0,0.0
1227,102627606,102572063,0,11515433,residential,Yew Street,0,False,42.66872318416651,,,,,,no,,"LINESTRING (-76.4998725 38.9882523, -76.5002398 38.9879959)",0.0,0.0,1.0,0.0,[0. 1. 2. 3. 4. 5. 6. 7. 8. 9.],[1. 1. 1. 1. 1. 1. 1. 1. 1. 1.],0.0,0.0
1228,102627606,1727065894,0,38305513,primary,Baltimore Boulevard,0,False,58.03591952334289,2,,MD 435,,,no,,"LINESTRING (-76.4998725 38.9882523, -76.500327 38.9886365)",0.0,0.0,1.0,0.0,[0. 1. 2. 3. 4. 5. 6. 7. 8. 9.],[1. 1. 1. 1. 1. 1. 1. 1. 1. 1.],0.0,0.0
1229,102627606,102585917,0,38305513,primary,Baltimore Boulevard,0,True,175.62859387724507,2,,MD 435,,,no,,"LINESTRING (-76.4998725 38.9882523, -76.4995507 38.9880049, -76.49946660000001 38.9879518, -76.4993679 38.9879092, -76.4992683 38.9878824, -76.4991641 38.987874, -76.49905990000001 38.987872, -76.4989657 38.9878816, -76.49885860000001 38.9879047, -76.49874800000001 38.9879411, -76.4980989 38.9881788)",0.0,0.0,1.0,0.0,[0. 1. 2. 3. 4. 5. 6. 7. 8. 9.],[1. 1. 1. 1. 1. 1. 1. 1. 1. 1.],0.0,0.0
1230,102594914,2975737037,0,50319302,tertiary,King George Street,0,True,119.4447680168703,2,25 mph,,,,no,,"LINESTRING (-76.4864589 38.9800199, -76.4853963 38.9793332)",1.382774849921228,0.4137700125,0.5862299875,0.4137700125,[0. 1. 2. 3. 4. 5. 6. 7. 8. 9.],"[0.58622999 0.58622999 0.58623011 0.79311499 0.99999988 1.
 1.         1.         1.         1.        ]",1.2413100375000001,1.4775249499528076
1231,102594914,1304062154,0,1063805343,residential,,0,False,6.707842982863547,,,,,,no,,"LINESTRING (-76.4864589 38.9800199, -76.48640779999999 38.9800653)",0.0674035749731079,0.0918783944,0.9081216056,0.0918783944,[0. 1. 2. 3. 4. 5. 6. 7. 8. 9.],"[0.90812161 0.90812161 0.90812163 0.9540608  0.99999997 1.
 1.         1.         1.         1.        ]",0.2756351832000001,0.866562692902624
1232,102594914,102614133,0,50319302,tertiary,King George Street,0,False,211.47383112663348,2,25 mph,,,,no,,"LINESTRING (-76.4864589 38.9800199, -76.4873084 38.9805729, -76.4883093 38.9811946, -76.4883541 38.9812224)",0.27836563208675535,0.2096788602,0.7903211398,0.2096788602,[0. 1. 2. 3. 4. 5. 6. 7. 8. 9.],"[0.79032114 0.79032114 0.7903212  0.89516057 0.99999994 1.
 1.         1.         1.         1.        ]",0.6290365806000002,1.2212382906239716
1233,102627696,7045788067,0,11514407,residential,Steele Avenue,0,True,15.511243792756717,,,,,,no,,"LINESTRING (-76.5021148 38.9761153, -76.50195119999999 38.976058)",0.0,0.0,1.0,0.0,[0. 1. 2. 3. 4. 5. 6. 7. 8. 9.],[1. 1. 1. 1. 1. 1. 1. 1. 1. 1.],0.0,0.0
1234,102627696,7111865720,0,11519668,residential,Monticello Avenue,0,True,10.51771025592853,,,,,,no,,"LINESTRING (-76.5021148 38.9761153, -76.5020736 38.9760263)",0.0,0.0,1.0,0.0,[0. 1. 2. 3. 4. 5. 6. 7. 8. 9.],[1. 1. 1. 1. 1. 1. 1. 1. 1. 1.],0.0,0.0
1235,102627696,9630733081,0,1303099420,residential,Monticello Avenue,0,False,47.32839739936268,,,,,,no,,"LINESTRING (-76.5021148 38.9761153, -76.5021661 38.9762095, -76.5022043 38.9762873, -76.5022991 38.9764856, -76.50231049999999 38.9765127)",0.0,0.0,1.0,0.0,[0. 1. 2. 3. 4. 5. 6. 7. 8. 9.],[1. 1. 1. 1. 1. 1. 1. 1. 1. 1.],0.0,0.0
1236,102595015,639278235,0,11511464,tertiary,Market Space,1,False,42.886050774985605,,,,,,no,,"LINESTRING (-76.48698950000001 38.9778662, -76.4870708 38.977805, -76.4871385 38.977749, -76.4873302 38.977586)",1.6870435676870361,0.442477105,0.557522895,0.442477105,[0. 1. 2. 3. 4. 5. 6. 7. 8. 9.],"[0.55752289 0.55752289 0.55752302 0.77876145 0.99999987 1.
 1.         1.         1.         1.        ]",1.3274313150000001,1.4900404545865198
1237,102595015,102608850,0,115407719,tertiary,Market Space,0,False,14.358391000329522,4,,,,,no,,"LINESTRING (-76.48698950000001 38.9778662, -76.486959 38.9778935, -76.4868821 38.9779647)",1.9220871529874817,0.4614792195,0.5385207805000001,0.4614792195,[0. 1. 2. 3. 4. 5. 6. 7. 8. 9.],"[0.53852078 0.53852078 0.53852091 0.76926039 0.99999987 1.
 1.         1.         1.         1.        ]",1.3844376584999998,1.4955420001999316
1238,3455012039,7257212315,0,11509404,residential,Colonial Avenue,0,True,50.61932556947973,,,,,,no,,"LINESTRING (-76.4991225 38.9770357, -76.4992611 38.97739, -76.4992714 38.9774164, -76.49930879999999 38.9774658)",0.0,0.0,1.0,0.0,[0. 1. 2. 3. 4. 5. 6. 7. 8. 9.],[1. 1. 1. 1. 1. 1. 1. 1. 1. 1.],0.0,0.0
1239,3455012039,102572036,0,338423266,residential,Colonial Avenue,0,True,35.58145489507917,,,,,,no,,"LINESTRING (-76.4991225 38.9770357, -76.4991066 38.9769843, -76.4991048 38.9769693, -76.49911059999999 38.9769566, -76.4991124 38.9769439, -76.49909700000001 38.976898, -76.4990676 38.9767936, -76.4990614 38.9767784, -76.4990531 38.9767658, -76.49901869999999 38.9767342)",0.0,0.0,1.0,0.0,[0. 1. 2. 3. 4. 5. 6. 7. 8. 9.],[1. 1. 1. 1. 1. 1. 1. 1. 1. 1.],0.0,0.0
1240,7308540717,102589412,0,822098161,primary,Calvert Street,0,False,7.913839588422441,2,,,,,no,,"LINESTRING (-76.4958602 38.9783438, -76.49581240000001 38.9782831)",0.0,0.0,1.0,0.0,[0. 1. 2. 3. 4. 5. 6. 7. 8. 9.],[1. 1. 1. 1. 1. 1. 1. 1. 1. 1.],0.0,0.0
1241,7308540717,102589409,0,822098161,primary,Calvert Street,0,True,138.66816941172073,2,,,,,no,,"LINESTRING (-76.4958602 38.9783438, -76.49586480000001 38.9783747, -76.495853 38.978419, -76.4958419 38.9784523, -76.4956644 38.9788696, -76.4954 38.9795354)",0.0,0.0,1.0,0.0,[0. 1. 2. 3. 4. 5. 6. 7. 8. 9.],[1. 1. 1. 1. 1. 1. 1. 1. 1. 1.],0.0,0.0
1242,102562636,3158507919,0,43931120,secondary,King George Street,0,False,8.043565289309512,2,25 mph,MD 450,,,no,,"LINESTRING (-76.490246 38.9824567, -76.4903224 38.982498)",0.0,0.0,1.0,0.0,[0. 1. 2. 3. 4. 5. 6. 7. 8. 9.],[1. 1. 1. 1. 1. 1. 1. 1. 1. 1.],0.0,0.0
1243,102562636,4836067814,0,43931120,secondary,King George Street,0,True,80.18379628582102,2,25 mph,MD 450,,,no,,"LINESTRING (-76.490246 38.9824567, -76.4899083 38.982237, -76.489536 38.9819926)",0.0,0.0,1.0,0.0,[0. 1. 2. 3. 4. 5. 6. 7. 8. 9.],[1. 1. 1. 1. 1. 1. 1. 1. 1. 1.],0.0,0.0
1244,102562636,503729146,0,"[581832628, 436237645]",residential,"['Wagner Street', 'Hanover Street']",0,True,198.6659422588061,,15 mph,,,,no,,"LINESTRING (-76.490246 38.9824567, -76.4894262 38.9832117, -76.48917779999999 38.9830546, -76.4886314 38.9827056)",10.6299768950517,0.7027976746,0.2972023254,0.7027976746,[0. 1. 2. 3. 4. 5. 6. 7. 8. 9.],"[0.29720233 0.29720233 0.29720253 0.64860116 0.9999998  1.
 1.         1.         1.         1.        ]",2.1083930238,1.3710794048572548
1245,102562641,102610294,0,11513994,residential,Upshur Road,0,True,258.39631436870263,,,,,,no,,"LINESTRING (-76.48979300000001 38.9829977, -76.4920948 38.9844805)",9.286938336091739,0.6853722079,0.3146277921,0.6853722079,[0. 1. 2. 3. 4. 5. 6. 7. 8. 9.],"[0.31462779 0.31462779 0.31462799 0.6573139  0.9999998  1.
 1.         1.         1.         1.        ]",2.0561166237,1.3931026834718954
1246,102562646,4836073073,0,11503226,residential,Balch Road,0,True,5.466692593930711,,,,,,no,,"LINESTRING (-76.48858269999999 38.9840896, -76.4886236 38.9840521)",11.758995440202456,0.7155247939,0.2844752061,0.7155247939,[0. 1. 2. 3. 4. 5. 6. 7. 8. 9.],"[0.28447521 0.28447521 0.28447541 0.6422376  0.99999979 1.
 1.         1.         1.         1.        ]",2.1465743817000003,1.3534926632067459
1247,102562646,102571991,0,11504726,residential,Decatur Road,0,False,96.48716063257694,,,,,,no,,"LINESTRING (-76.48858269999999 38.9840896, -76.4877276 38.9835318)",11.918754008012515,0.7172063393,0.2827936607,0.7172063393,[0. 1. 2. 3. 4. 5. 6. 7. 8. 9.],"[0.28279366 0.28279366 0.28279387 0.64139683 0.99999979 1.
 1.         1.         1.         1.        ]",2.1516190179,1.3510712334530475
1248,102562646,4835974727,0,11506074,residential,Decatur Avenue,0,True,4.235389814425136,,,,,,no,,"LINESTRING (-76.48858269999999 38.9840896, -76.48861909999999 38.9841151)",11.758995440202456,0.7155247939,0.2844752061,0.7155247939,[0. 1. 2. 3. 4. 5. 6. 7. 8. 9.],"[0.28447521 0.28447521 0.28447541 0.6422376  0.99999979 1.
 1.         1.         1.         1.        ]",2.1465743817000003,1.3534926632067459
1249,503282524,7698084111,0,824427561,residential,Sellers Road,0,True,183.67332814238387,,,,,,no,,"LINESTRING (-76.4933056 38.9910113, -76.494598 38.990805, -76.49464 38.9907425, -76.4945082 38.9901962)",0.0,0.0,1.0,0.0,[0. 1. 2. 3. 4. 5. 6. 7. 8. 9.],[1. 1. 1. 1. 1. 1. 1. 1. 1. 1.],0.0,0.0
1250,503282524,503282524,0,1195533993,residential,Sellers Road,1,False,94.67559659565403,,,,,,no,,"LINESTRING (-76.4933056 38.9910113, -76.4931603 38.9909671, -76.4930243 38.9909424, -76.4929557 38.9909732, -76.4929174 38.9910461, -76.4929279 38.9911159, -76.4929966 38.9911692, -76.49308240000001 38.9911908, -76.4931722 38.9911733, -76.4932263 38.9911261, -76.4933056 38.9910113)",0.0,0.0,1.0,0.0,[0. 1. 2. 3. 4. 5. 6. 7. 8. 9.],[1. 1. 1. 1. 1. 1. 1. 1. 1. 1.],0.0,0.0
1251,102595470,102595472,0,11509546,residential,Taney Avenue,0,False,141.0345448363857,,,,,,no,,"LINESTRING (-76.49538870000001 38.9730945, -76.4962708 38.973479, -76.4965412 38.9735994, -76.49680240000001 38.9737271)",0.0,0.0,1.0,0.0,[0. 1. 2. 3. 4. 5. 6. 7. 8. 9.],[1. 1. 1. 1. 1. 1. 1. 1. 1. 1.],0.0,0.0
1252,102595472,102607662,0,1303089561,residential,Franklin Street,0,False,92.52466713672122,,,,,,no,,"LINESTRING (-76.49680240000001 38.9737271, -76.4962735 38.9744505)",0.0,0.0,1.0,0.0,[0. 1. 2. 3. 4. 5. 6. 7. 8. 9.],[1. 1. 1. 1. 1. 1. 1. 1. 1. 1.],0.0,0.0
1253,102595472,102595470,0,11509546,residential,Taney Avenue,0,True,141.0345448363857,,,,,,no,,"LINESTRING (-76.49680240000001 38.9737271, -76.4965412 38.9735994, -76.4962708 38.973479, -76.49538870000001 38.9730945)",0.0,0.0,1.0,0.0,[0. 1. 2. 3. 4. 5. 6. 7. 8. 9.],[1. 1. 1. 1. 1. 1. 1. 1. 1. 1.],0.0,0.0
1254,102595472,102588622,0,"[11508112, 1303089561]",residential,"['Cheston Avenue', 'Franklin Street']",0,True,213.58205806296542,,,,,,no,,"LINESTRING (-76.49680240000001 38.9737271, -76.4972693 38.9731074, -76.49592029999999 38.9725189)",0.0,0.0,1.0,0.0,[0. 1. 2. 3. 4. 5. 6. 7. 8. 9.],[1. 1. 1. 1. 1. 1. 1. 1. 1. 1.],0.0,0.0
1255,102562755,10031857089,0,1063805343,residential,,0,False,50.80428187145629,,,,,,no,,"LINESTRING (-76.4863759 38.9800926, -76.4859931 38.9804393)",0.0,0.0,1.0,0.0,[0. 1. 2. 3. 4. 5. 6. 7. 8. 9.],[1. 1. 1. 1. 1. 1. 1. 1. 1. 1.],0.0,0.0
1256,102562755,1304062154,0,1063805343,residential,,0,True,4.101015128386387,,,,,,no,,"LINESTRING (-76.4863759 38.9800926, -76.48640779999999 38.9800653)",0.0674035749731079,0.0918783944,0.9081216056,0.0918783944,[0. 1. 2. 3. 4. 5. 6. 7. 8. 9.],"[0.90812161 0.90812161 0.90812163 0.9540608  0.99999997 1.
 1.         1.         1.         1.        ]",0.2756351832000001,0.866562692902624
1257,102562796,102619684,0,11517476,residential,Stehle Street,0,False,44.63174760672053,,,,,,no,,"LINESTRING (-76.5022408 38.9741273, -76.5027118 38.9739629)",0.0,0.0,1.0,0.0,[0. 1. 2. 3. 4. 5. 6. 7. 8. 9.],[1. 1. 1. 1. 1. 1. 1. 1. 1. 1.],0.0,0.0
1258,102562796,102644233,0,11517476,residential,Stehle Street,0,True,84.71726560309394,,,,,,no,,"LINESTRING (-76.5022408 38.9741273, -76.50134679999999 38.9744394)",0.0,0.0,1.0,0.0,[0. 1. 2. 3. 4. 5. 6. 7. 8. 9.],[1. 1. 1. 1. 1. 1. 1. 1. 1. 1.],0.0,0.0
1259,102562796,102562801,0,"[11503252, 11503253]",residential,Archwood Avenue,0,True,192.65373516580473,,,,,,no,,"LINESTRING (-76.5022408 38.9741273, -76.5020087 38.9737263, -76.50176519999999 38.973333, -76.5013174 38.9725506)",0.0,0.0,1.0,0.0,[0. 1. 2. 3. 4. 5. 6. 7. 8. 9.],[1. 1. 1. 1. 1. 1. 1. 1. 1. 1.],0.0,0.0
1260,102562800,102562801,0,11503253,residential,Archwood Avenue,0,False,92.86411436244381,,,,,,no,,"LINESTRING (-76.5008792 38.9717881, -76.5013174 38.9725506)",0.0,0.0,1.0,0.0,[0. 1. 2. 3. 4. 5. 6. 7. 8. 9.],[1. 1. 1. 1. 1. 1. 1. 1. 1. 1.],0.0,0.0
1261,102562800,102564288,0,11512063,residential,Granada Avenue,0,True,84.56999050733224,,,,,,no,,"LINESTRING (-76.5008792 38.9717881, -76.4999856 38.9720976)",0.0,0.0,1.0,0.0,[0. 1. 2. 3. 4. 5. 6. 7. 8. 9.],[1. 1. 1. 1. 1. 1. 1. 1. 1. 1.],0.0,0.0
1262,102562800,102613280,0,11517586,residential,Grainfield Road,0,False,62.93401008271534,,,,,,no,,"LINESTRING (-76.5008792 38.9717881, -76.50154310000001 38.9715559)",0.0,0.0,1.0,0.0,[0. 1. 2. 3. 4. 5. 6. 7. 8. 9.],[1. 1. 1. 1. 1. 1. 1. 1. 1. 1.],0.0,0.0
1263,102562801,102562800,0,11503253,residential,Archwood Avenue,0,True,92.86411436244381,,,,,,no,,"LINESTRING (-76.5013174 38.9725506, -76.5008792 38.9717881)",0.0,0.0,1.0,0.0,[0. 1. 2. 3. 4. 5. 6. 7. 8. 9.],[1. 1. 1. 1. 1. 1. 1. 1. 1. 1.],0.0,0.0
1264,102562801,102625022,0,11513973,residential,Academy Street,0,True,84.9356477934136,,,,,,no,,"LINESTRING (-76.5013174 38.9725506, -76.50041779999999 38.9728577)",0.0,0.0,1.0,0.0,[0. 1. 2. 3. 4. 5. 6. 7. 8. 9.],[1. 1. 1. 1. 1. 1. 1. 1. 1. 1.],0.0,0.0
1265,102562801,102562796,0,"[11503252, 11503253]",residential,Archwood Avenue,0,False,192.65373516580473,,,,,,no,,"LINESTRING (-76.5013174 38.9725506, -76.50176519999999 38.973333, -76.5020087 38.9737263, -76.5022408 38.9741273)",0.0,0.0,1.0,0.0,[0. 1. 2. 3. 4. 5. 6. 7. 8. 9.],[1. 1. 1. 1. 1. 1. 1. 1. 1. 1.],0.0,0.0
1266,102562801,102619678,0,11513973,residential,Academy Street,0,False,58.196290945459,,,,,,no,,"LINESTRING (-76.5013174 38.9725506, -76.5018712 38.9723813, -76.5019491 38.9723768)",0.0,0.0,1.0,0.0,[0. 1. 2. 3. 4. 5. 6. 7. 8. 9.],[1. 1. 1. 1. 1. 1. 1. 1. 1. 1.],0.0,0.0
1267,7607685709,9630733136,0,1303099417,residential,Southgate Avenue,0,False,21.801074470820073,,,,,,no,,"LINESTRING (-76.5007481 38.9765293, -76.5008251 38.976716)",0.0,0.0,1.0,0.0,[0. 1. 2. 3. 4. 5. 6. 7. 8. 9.],[1. 1. 1. 1. 1. 1. 1. 1. 1. 1.],0.0,0.0
1268,7607685709,102594718,0,"[1303099417, 11516618]",residential,Southgate Avenue,0,True,122.28643823117824,,,,,,no,,"LINESTRING (-76.5007481 38.9765293, -76.5007279 38.9764776, -76.4995697 38.9759458)",0.0,0.0,1.0,0.0,[0. 1. 2. 3. 4. 5. 6. 7. 8. 9.],[1. 1. 1. 1. 1. 1. 1. 1. 1. 1.],0.0,0.0
1269,3615881099,3615881104,0,534660291,residential,Porter Road,0,False,25.951528632673146,,,,,,no,,"LINESTRING (-76.4850789 38.9799385, -76.484849 38.9797884)",0.9227335653600708,0.3569335427,0.6430664573,0.3569335427,[0. 1. 2. 3. 4. 5. 6. 7. 8. 9.],"[0.64306646 0.64306646 0.64306656 0.82153323 0.9999999  1.
 1.         1.         1.         1.        ]",1.0708006281000002,1.437285047728143
1270,3615881099,3615881096,0,534660291,residential,Porter Road,0,True,9.581471272624205,,,,,,no,,"LINESTRING (-76.4850789 38.9799385, -76.4851638 38.9799939)",0.19944812872982176,0.1761389073,0.8238610927,0.1761389073,[0. 1. 2. 3. 4. 5. 6. 7. 8. 9.],"[0.82386109 0.82386109 0.82386114 0.91193055 0.99999995 1.
 1.         1.         1.         1.        ]",0.5284167219000001,1.1428150050110635
1271,102563102,102622198,0,11513535,residential,Lafayette Avenue,0,False,183.58161910444676,,,,,,no,,"LINESTRING (-76.499144 38.9739048, -76.500193 38.9724693)",0.0,0.0,1.0,0.0,[0. 1. 2. 3. 4. 5. 6. 7. 8. 9.],[1. 1. 1. 1. 1. 1. 1. 1. 1. 1.],0.0,0.0
1272,102563102,102622194,0,11513535,residential,Lafayette Avenue,0,True,88.13096335013829,,,,,,no,,"LINESTRING (-76.499144 38.9739048, -76.49862829999999 38.9745885)",0.0,0.0,1.0,0.0,[0. 1. 2. 3. 4. 5. 6. 7. 8. 9.],[1. 1. 1. 1. 1. 1. 1. 1. 1. 1.],0.0,0.0
1273,102563102,102563105,0,11503294,residential,Stewart Avenue,0,False,218.21903423729782,,,,,,no,,"LINESTRING (-76.499144 38.9739048, -76.5004048 38.9744768, -76.500789 38.9746522, -76.50132619999999 38.9748913)",0.0,0.0,1.0,0.0,[0. 1. 2. 3. 4. 5. 6. 7. 8. 9.],[1. 1. 1. 1. 1. 1. 1. 1. 1. 1.],0.0,0.0
1274,102563105,102563102,0,11503294,residential,Stewart Avenue,0,True,218.21903423729782,,,,,,no,,"LINESTRING (-76.50132619999999 38.9748913, -76.500789 38.9746522, -76.5004048 38.9744768, -76.499144 38.9739048)",0.0,0.0,1.0,0.0,[0. 1. 2. 3. 4. 5. 6. 7. 8. 9.],[1. 1. 1. 1. 1. 1. 1. 1. 1. 1.],0.0,0.0
1275,10031857041,102626772,0,1303089565,residential,Cathedral Street,0,True,25.431977367519796,,,,,,no,,"LINESTRING (-76.49496190000001 38.9777295, -76.49474069999999 38.9775787)",0.0,0.0,1.0,0.0,[0. 1. 2. 3. 4. 5. 6. 7. 8. 9.],[1. 1. 1. 1. 1. 1. 1. 1. 1. 1.],0.0,0.0
1276,10031857041,7308529654,0,1303089565,residential,Cathedral Street,0,False,84.42752362445154,,,,,,no,,"LINESTRING (-76.49496190000001 38.9777295, -76.49552009999999 38.9781102, -76.49567070000001 38.9782042, -76.4957038 38.978223)",0.0,0.0,1.0,0.0,[0. 1. 2. 3. 4. 5. 6. 7. 8. 9.],[1. 1. 1. 1. 1. 1. 1. 1. 1. 1.],0.0,0.0
1277,10031857042,10031857048,0,1303089565,residential,Cathedral Street,0,False,36.077002828370496,,,,,,no,,"LINESTRING (-76.49427489999999 38.9772716, -76.4945926 38.977482)",0.0,0.0,1.0,0.0,[0. 1. 2. 3. 4. 5. 6. 7. 8. 9.],[1. 1. 1. 1. 1. 1. 1. 1. 1. 1.],0.0,0.0
1278,10031857042,102607664,0,1303089565,residential,Cathedral Street,0,True,6.565132453709126,,,,,,no,,"LINESTRING (-76.49427489999999 38.9772716, -76.4942171 38.9772333)",0.0,0.0,1.0,0.0,[0. 1. 2. 3. 4. 5. 6. 7. 8. 9.],[1. 1. 1. 1. 1. 1. 1. 1. 1. 1.],0.0,0.0
1279,10031857043,102607664,0,11511296,residential,Franklin Street,0,False,4.821622959108059,,,,,,no,,"LINESTRING (-76.49425220000001 38.9771996, -76.4942171 38.9772333)",0.0,0.0,1.0,0.0,[0. 1. 2. 3. 4. 5. 6. 7. 8. 9.],[1. 1. 1. 1. 1. 1. 1. 1. 1. 1.],0.0,0.0
1280,10031857043,1648584953,0,11511296,residential,Franklin Street,0,True,73.55643405269737,,,,,,no,,"LINESTRING (-76.49425220000001 38.9771996, -76.4945092 38.9769524, -76.4946212 38.9768174, -76.494727 38.9766539)",0.0,0.0,1.0,0.0,[0. 1. 2. 3. 4. 5. 6. 7. 8. 9.],[1. 1. 1. 1. 1. 1. 1. 1. 1. 1.],0.0,0.0
1281,10031857046,10031857051,0,11514260,residential,Dean Street,1,False,29.377348933576652,,,,,,no,,"LINESTRING (-76.49478430000001 38.977536, -76.4949958 38.9773292)",0.0,0.0,1.0,0.0,[0. 1. 2. 3. 4. 5. 6. 7. 8. 9.],[1. 1. 1. 1. 1. 1. 1. 1. 1. 1.],0.0,0.0
1282,10031857048,4341122944,0,1303089565,residential,Cathedral Street,0,False,10.028674965114252,,,,,,no,,"LINESTRING (-76.4945926 38.977482, -76.49468090000001 38.9775405)",0.0,0.0,1.0,0.0,[0. 1. 2. 3. 4. 5. 6. 7. 8. 9.],[1. 1. 1. 1. 1. 1. 1. 1. 1. 1.],0.0,0.0
1283,10031857048,10031857042,0,1303089565,residential,Cathedral Street,0,True,36.077002828370496,,,,,,no,,"LINESTRING (-76.4945926 38.977482, -76.49427489999999 38.9772716)",0.0,0.0,1.0,0.0,[0. 1. 2. 3. 4. 5. 6. 7. 8. 9.],[1. 1. 1. 1. 1. 1. 1. 1. 1. 1.],0.0,0.0
1284,10031857051,10031857063,0,11514260,residential,Dean Street,1,False,54.07141042448827,,,,,,no,,"LINESTRING (-76.4949958 38.9773292, -76.4950958 38.9772313, -76.495204 38.9771188, -76.4952971 38.9769807, -76.49533599999999 38.9769233)",0.0,0.0,1.0,0.0,[0. 1. 2. 3. 4. 5. 6. 7. 8. 9.],[1. 1. 1. 1. 1. 1. 1. 1. 1. 1.],0.0,0.0
1285,10031857063,10031857067,0,11514260,residential,Dean Street,1,False,47.114040996958344,,,,,,no,,"LINESTRING (-76.49533599999999 38.9769233, -76.4955902 38.9765485)",0.0,0.0,1.0,0.0,[0. 1. 2. 3. 4. 5. 6. 7. 8. 9.],[1. 1. 1. 1. 1. 1. 1. 1. 1. 1.],0.0,0.0
1286,10031857067,10031857071,0,11514260,residential,Dean Street,1,False,36.03757425634949,,,,,,no,,"LINESTRING (-76.4955902 38.9765485, -76.49578459999999 38.9762618)",0.0,0.0,1.0,0.0,[0. 1. 2. 3. 4. 5. 6. 7. 8. 9.],[1. 1. 1. 1. 1. 1. 1. 1. 1. 1.],0.0,0.0
1287,10031857071,102593346,0,11514260,residential,Dean Street,1,False,3.492385088407778,,,,,,no,,"LINESTRING (-76.49578459999999 38.9762618, -76.4958034 38.976234)",0.0,0.0,1.0,0.0,[0. 1. 2. 3. 4. 5. 6. 7. 8. 9.],[1. 1. 1. 1. 1. 1. 1. 1. 1. 1.],0.0,0.0
1288,10031857076,102593344,0,1303089564,residential,Shaw Street,0,False,7.70563112967877,,,,,,no,,"LINESTRING (-76.49526299999999 38.9760146, -76.49518399999999 38.9759825)",0.0,0.0,1.0,0.0,[0. 1. 2. 3. 4. 5. 6. 7. 8. 9.],[1. 1. 1. 1. 1. 1. 1. 1. 1. 1.],0.0,0.0
1289,10031857076,102593346,0,1303089564,residential,Shaw Street,0,True,52.701063643097626,,,,,,no,,"LINESTRING (-76.49526299999999 38.9760146, -76.4958034 38.976234)",0.0,0.0,1.0,0.0,[0. 1. 2. 3. 4. 5. 6. 7. 8. 9.],[1. 1. 1. 1. 1. 1. 1. 1. 1. 1.],0.0,0.0
1290,10031857077,10031857081,0,11511296,residential,Franklin Street,0,False,65.64519939131235,,,,,,no,,"LINESTRING (-76.49516629999999 38.9760085, -76.49481110000001 38.9765303)",0.0,0.0,1.0,0.0,[0. 1. 2. 3. 4. 5. 6. 7. 8. 9.],[1. 1. 1. 1. 1. 1. 1. 1. 1. 1.],0.0,0.0
1291,10031857077,102593344,0,11511296,residential,Franklin Street,0,True,3.27099140482404,,,,,,no,,"LINESTRING (-76.49516629999999 38.9760085, -76.49518399999999 38.9759825)",0.0,0.0,1.0,0.0,[0. 1. 2. 3. 4. 5. 6. 7. 8. 9.],[1. 1. 1. 1. 1. 1. 1. 1. 1. 1.],0.0,0.0
1292,10031857081,10031857084,0,11511296,residential,Franklin Street,0,False,6.85237246177785,,,,,,no,,"LINESTRING (-76.49481110000001 38.9765303, -76.4947741 38.9765848)",0.0,0.0,1.0,0.0,[0. 1. 2. 3. 4. 5. 6. 7. 8. 9.],[1. 1. 1. 1. 1. 1. 1. 1. 1. 1.],0.0,0.0
1293,10031857081,10031857077,0,11511296,residential,Franklin Street,0,True,65.64519939131235,,,,,,no,,"LINESTRING (-76.49481110000001 38.9765303, -76.49516629999999 38.9760085)",0.0,0.0,1.0,0.0,[0. 1. 2. 3. 4. 5. 6. 7. 8. 9.],[1. 1. 1. 1. 1. 1. 1. 1. 1. 1.],0.0,0.0
1294,10031857084,1648584953,0,11511296,residential,Franklin Street,0,False,8.69565254924992,,,,,,no,,"LINESTRING (-76.4947741 38.9765848, -76.494727 38.9766539)",0.0,0.0,1.0,0.0,[0. 1. 2. 3. 4. 5. 6. 7. 8. 9.],[1. 1. 1. 1. 1. 1. 1. 1. 1. 1.],0.0,0.0
1295,10031857084,10031857081,0,11511296,residential,Franklin Street,0,True,6.85237246177785,,,,,,no,,"LINESTRING (-76.4947741 38.9765848, -76.49481110000001 38.9765303)",0.0,0.0,1.0,0.0,[0. 1. 2. 3. 4. 5. 6. 7. 8. 9.],[1. 1. 1. 1. 1. 1. 1. 1. 1. 1.],0.0,0.0
1296,10031857089,102580425,0,1063805343,residential,,0,False,8.209933609047127,,,,,,no,,"LINESTRING (-76.4859931 38.9804393, -76.4859312 38.9804953)",0.0,0.0,1.0,0.0,[0. 1. 2. 3. 4. 5. 6. 7. 8. 9.],[1. 1. 1. 1. 1. 1. 1. 1. 1. 1.],0.0,0.0
1297,10031857089,102562755,0,1063805343,residential,,0,True,50.80428187145629,,,,,,no,,"LINESTRING (-76.4859931 38.9804393, -76.4863759 38.9800926)",0.0,0.0,1.0,0.0,[0. 1. 2. 3. 4. 5. 6. 7. 8. 9.],[1. 1. 1. 1. 1. 1. 1. 1. 1. 1.],0.0,0.0
1298,10031857091,102557198,0,377864873,residential,Cooper Road,0,False,5.745625305482859,,,,private,,no,,"LINESTRING (-76.48449170000001 38.9787506, -76.48445769999999 38.978795)",12.539877005386044,0.7234933555,0.27650664449999995,0.7234933555,[0. 1. 2. 3. 4. 5. 6. 7. 8. 9.],"[0.27650664 0.27650664 0.27650685 0.63825332 0.99999979 1.
 1.         1.         1.         1.        ]",2.1704800665,1.3418112050464428
1299,10031857091,10031857095,0,1095425932,residential,King George Street,1,False,4.87732808217257,1,,,private,,no,,"LINESTRING (-76.48449170000001 38.9787506, -76.4844487 38.9787222)",12.539877005386044,0.7234933555,0.27650664449999995,0.7234933555,[0. 1. 2. 3. 4. 5. 6. 7. 8. 9.],"[0.27650664 0.27650664 0.27650685 0.63825332 0.99999979 1.
 1.         1.         1.         1.        ]",2.1704800665,1.3418112050464428
1300,10031857093,102557198,0,377864873,residential,Cooper Road,0,True,2.805251640818291,,,,private,,no,,"LINESTRING (-76.4844368 38.9788143, -76.48445769999999 38.978795)",12.542607255744626,0.7235201499,0.2764798501,0.7235201499,[0. 1. 2. 3. 4. 5. 6. 7. 8. 9.],"[0.27647985 0.27647985 0.27648006 0.63823993 0.99999979 1.
 1.         1.         1.         1.        ]",2.1705604497000004,1.3417710359412611
1301,10031857093,5184736581,0,377864873,residential,Cooper Road,0,False,52.176488991391544,,,,private,,no,,"LINESTRING (-76.4844368 38.9788143, -76.484407 38.9788488, -76.4840583 38.9791796)",12.542607255744626,0.7235201499,0.2764798501,0.7235201499,[0. 1. 2. 3. 4. 5. 6. 7. 8. 9.],"[0.27647985 0.27647985 0.27648006 0.63823993 0.99999979 1.
 1.         1.         1.         1.        ]",2.1705604497000004,1.3417710359412611
1302,10031857094,102557198,0,61694557,residential,King George Street,1,False,5.74692226326544,1,,,private,,no,,"LINESTRING (-76.48440890000001 38.9787599, -76.48445769999999 38.978795)",12.542607255744626,0.7235201499,0.2764798501,0.7235201499,[0. 1. 2. 3. 4. 5. 6. 7. 8. 9.],"[0.27647985 0.27647985 0.27648006 0.63823993 0.99999979 1.
 1.         1.         1.         1.        ]",2.1705604497000004,1.3417710359412611
1303,10031857095,10031857099,0,"[1095425932, 115407700]",residential,King George Street,1,False,51.52135243925444,1,,,private,,no,,"LINESTRING (-76.4844487 38.9787222, -76.4842915 38.9786185, -76.4839831 38.9784331)",12.648532219695737,0.7245542309,0.27544576909999996,0.7245542309,[0. 1. 2. 3. 4. 5. 6. 7. 8. 9.],"[0.27544577 0.27544577 0.27544598 0.63772288 0.99999979 1.
 1.         1.         1.         1.        ]",2.1736626927,1.3402161792944536
1304,10031857098,10031857094,0,61694557,residential,King George Street,1,False,51.315345768695764,1,,,private,,no,,"LINESTRING (-76.4839448 38.9784723, -76.4841381 38.9785939, -76.48433780000001 38.9787123, -76.48440890000001 38.9787599)",12.648532219695737,0.7245542309,0.27544576909999996,0.7245542309,[0. 1. 2. 3. 4. 5. 6. 7. 8. 9.],"[0.27544577 0.27544577 0.27544598 0.63772288 0.99999979 1.
 1.         1.         1.         1.        ]",2.1736626927,1.3402161792944536
1305,10031857099,10031891817,0,115407700,residential,King George Street,1,False,106.45000229101545,1,,,private,,no,,"LINESTRING (-76.4839831 38.9784331, -76.4830091 38.9778473)",12.648532219695737,0.7245542309,0.27544576909999996,0.7245542309,[0. 1. 2. 3. 4. 5. 6. 7. 8. 9.],"[0.27544577 0.27544577 0.27544598 0.63772288 0.99999979 1.
 1.         1.         1.         1.        ]",2.1736626927,1.3402161792944536
1306,102563439,1685291747,0,11504734,residential,Murray Avenue,1,False,183.4929426085596,,,,,,no,,"LINESTRING (-76.49569080000001 38.9752391, -76.49752580000001 38.9760686)",0.0,0.0,1.0,0.0,[0. 1. 2. 3. 4. 5. 6. 7. 8. 9.],[1. 1. 1. 1. 1. 1. 1. 1. 1. 1.],0.0,0.0
1307,102563439,102563450,0,11511296,residential,Franklin Street,0,False,23.29769794394805,,,,,,no,,"LINESTRING (-76.49569080000001 38.9752391, -76.4955655 38.9754246)",0.0,0.0,1.0,0.0,[0. 1. 2. 3. 4. 5. 6. 7. 8. 9.],[1. 1. 1. 1. 1. 1. 1. 1. 1. 1.],0.0,0.0
1308,102563439,102607662,0,11511296,residential,Franklin Street,0,True,101.12656433038586,,,,,,no,,"LINESTRING (-76.49569080000001 38.9752391, -76.4962735 38.9744505)",0.0,0.0,1.0,0.0,[0. 1. 2. 3. 4. 5. 6. 7. 8. 9.],[1. 1. 1. 1. 1. 1. 1. 1. 1. 1.],0.0,0.0
1309,102563439,102563442,0,11503355,residential,South Acton Place,0,False,51.99743799989013,,,,,,no,,"LINESTRING (-76.49569080000001 38.9752391, -76.4956198 38.9752486, -76.49525319999999 38.9750713, -76.4951889 38.9750141)",0.0,0.0,1.0,0.0,[0. 1. 2. 3. 4. 5. 6. 7. 8. 9.],[1. 1. 1. 1. 1. 1. 1. 1. 1. 1.],0.0,0.0
1310,102563442,1685291737,0,11503355,residential,South Acton Place,0,False,63.660526690258465,,,,,,no,,"LINESTRING (-76.4951889 38.9750141, -76.4951664 38.9749705, -76.4951362 38.9749079, -76.4951035 38.9748589, -76.4950594 38.9748198, -76.4948916 38.9747259, -76.4946918 38.9746152)",0.0,0.0,1.0,0.0,[0. 1. 2. 3. 4. 5. 6. 7. 8. 9.],[1. 1. 1. 1. 1. 1. 1. 1. 1. 1.],0.0,0.0
1311,102563442,102563439,0,11503355,residential,South Acton Place,0,True,51.99743799989013,,,,,,no,,"LINESTRING (-76.4951889 38.9750141, -76.49525319999999 38.9750713, -76.4956198 38.9752486, -76.49569080000001 38.9752391)",0.0,0.0,1.0,0.0,[0. 1. 2. 3. 4. 5. 6. 7. 8. 9.],[1. 1. 1. 1. 1. 1. 1. 1. 1. 1.],0.0,0.0
1312,102563450,102593344,0,11511296,residential,Franklin Street,0,False,70.25680484037842,,,,,,no,,"LINESTRING (-76.4955655 38.9754246, -76.49518399999999 38.9759825)",0.0,0.0,1.0,0.0,[0. 1. 2. 3. 4. 5. 6. 7. 8. 9.],[1. 1. 1. 1. 1. 1. 1. 1. 1. 1.],0.0,0.0
1313,102563450,102563439,0,11511296,residential,Franklin Street,0,True,23.29769794394805,,,,,,no,,"LINESTRING (-76.4955655 38.9754246, -76.49569080000001 38.9752391)",0.0,0.0,1.0,0.0,[0. 1. 2. 3. 4. 5. 6. 7. 8. 9.],[1. 1. 1. 1. 1. 1. 1. 1. 1. 1.],0.0,0.0
1314,102563450,9687753888,0,11503358,residential,North Acton Place,1,False,51.99040060082969,,,,,,no,,"LINESTRING (-76.4955655 38.9754246, -76.49512420000001 38.9751983, -76.49505240000001 38.9751891)",0.0,0.0,1.0,0.0,[0. 1. 2. 3. 4. 5. 6. 7. 8. 9.],[1. 1. 1. 1. 1. 1. 1. 1. 1. 1.],0.0,0.0
1315,7308541583,102607811,0,415630020,residential,Lafayette Avenue,0,True,7.647489972383786,,,,,,no,,"LINESTRING (-76.4975802 38.9779401, -76.49754299999999 38.9778777)",0.0,0.0,1.0,0.0,[0. 1. 2. 3. 4. 5. 6. 7. 8. 9.],[1. 1. 1. 1. 1. 1. 1. 1. 1. 1.],0.0,0.0
1316,7308541583,4166433371,0,415630020,residential,Lafayette Avenue,0,False,28.399877588611638,,,,,,no,,"LINESTRING (-76.4975802 38.9779401, -76.4975927 38.9779593, -76.49760089999999 38.9779742, -76.4976805 38.9781829)",0.0,0.0,1.0,0.0,[0. 1. 2. 3. 4. 5. 6. 7. 8. 9.],[1. 1. 1. 1. 1. 1. 1. 1. 1. 1.],0.0,0.0
1317,8064433823,102587077,0,1303091350,residential,Giddings Avenue,0,True,43.81069377292241,,,,,,no,,"LINESTRING (-76.5033912 38.9889576, -76.5030435 38.9892443)",0.0,0.0,1.0,0.0,[0. 1. 2. 3. 4. 5. 6. 7. 8. 9.],[1. 1. 1. 1. 1. 1. 1. 1. 1. 1.],0.0,0.0
1318,8064433823,102621697,0,1303091350,residential,Giddings Avenue,0,False,105.59311690221307,,,,,,no,,"LINESTRING (-76.5033912 38.9889576, -76.50372419999999 38.9886829, -76.5042291 38.9882665)",0.0,0.0,1.0,0.0,[0. 1. 2. 3. 4. 5. 6. 7. 8. 9.],[1. 1. 1. 1. 1. 1. 1. 1. 1. 1.],0.0,0.0
1319,4535779004,102576071,0,50319297,secondary,Compromise Street,0,False,13.851445902339522,,,,,,no,,"LINESTRING (-76.4860465 38.9754465, -76.48610619999999 38.9755621)",1.6145273647604004,0.4361039117,0.5638960882999999,0.4361039117,[0. 1. 2. 3. 4. 5. 6. 7. 8. 9.],"[0.56389609 0.56389609 0.56389621 0.78194804 0.99999987 1.
 1.         1.         1.         1.        ]",1.3083117351000002,1.487701619660043
1320,4535779004,473363995,0,50319297,secondary,Compromise Street,0,True,61.69883600167095,,,,,,no,,"LINESTRING (-76.4860465 38.9754465, -76.48591930000001 38.9751978, -76.48588239999999 38.9750918, -76.4858536 38.9749158)",1.6145273647604004,0.4361039117,0.5638960882999999,0.4361039117,[0. 1. 2. 3. 4. 5. 6. 7. 8. 9.],"[0.56389609 0.56389609 0.56389621 0.78194804 0.99999987 1.
 1.         1.         1.         1.        ]",1.3083117351000002,1.487701619660043
1321,7308541762,102607804,0,509105507,secondary,Church Circle,1,False,5.404241870335381,,,MD 450,,roundabout,no,,"LINESTRING (-76.4933242 38.978431, -76.4933217 38.9784098, -76.4933164 38.9783828)",0.0,0.0,1.0,0.0,[0. 1. 2. 3. 4. 5. 6. 7. 8. 9.],[1. 1. 1. 1. 1. 1. 1. 1. 1. 1.],0.0,0.0
1322,102563658,102566156,0,1075128737,secondary,Duke of Gloucester Street,1,False,51.919389630955855,2,25 mph,,,,no,,"LINESTRING (-76.4876472 38.9751545, -76.4871658 38.9748753)",0.0,0.0,1.0,0.0,[0. 1. 2. 3. 4. 5. 6. 7. 8. 9.],[1. 1. 1. 1. 1. 1. 1. 1. 1. 1.],0.0,0.0
1323,102563658,102563660,0,11503396,residential,Newman Street,1,False,153.27501052102264,,,,,,no,,"LINESTRING (-76.4876472 38.9751545, -76.4870394 38.9757116, -76.4868364 38.9758765, -76.4864353 38.9761574)",2.215120276003839,0.4822499221,0.5177500778999999,0.4822499221,[0. 1. 2. 3. 4. 5. 6. 7. 8. 9.],"[0.51775008 0.51775008 0.51775022 0.75887504 0.99999986 1.
 1.         1.         1.         1.        ]",1.4467497663000002,1.4990546906506412
1324,102563660,8433971740,0,50319297,secondary,Compromise Street,0,False,47.50213560860034,,,,,,no,,"LINESTRING (-76.4864353 38.9761574, -76.48662229999999 38.9765591)",2.215120276003839,0.4822499221,0.5177500778999999,0.4822499221,[0. 1. 2. 3. 4. 5. 6. 7. 8. 9.],"[0.51775008 0.51775008 0.51775022 0.75887504 0.99999986 1.
 1.         1.         1.         1.        ]",1.4467497663000002,1.4990546906506412
1325,102563660,10245603663,0,50319297,secondary,Compromise Street,0,True,36.525179904349336,,,,,,no,,"LINESTRING (-76.4864353 38.9761574, -76.48626849999999 38.9758556)",2.215120276003839,0.4822499221,0.5177500778999999,0.4822499221,[0. 1. 2. 3. 4. 5. 6. 7. 8. 9.],"[0.51775008 0.51775008 0.51775022 0.75887504 0.99999986 1.
 1.         1.         1.         1.        ]",1.4467497663000002,1.4990546906506412
1326,102563660,12111989963,0,581825956,residential,Newman Street,0,False,16.863586330758356,,,,,,no,,"LINESTRING (-76.4864353 38.9761574, -76.4862938 38.9762618)",2.215120276003839,0.4822499221,0.5177500778999999,0.4822499221,[0. 1. 2. 3. 4. 5. 6. 7. 8. 9.],"[0.51775008 0.51775008 0.51775022 0.75887504 0.99999986 1.
 1.         1.         1.         1.        ]",1.4467497663000002,1.4990546906506412
1327,102596476,4341131050,0,11517930,residential,Clay Street,0,False,51.897270244922225,,,,,,no,,"LINESTRING (-76.5019095 38.9808308, -76.50249770000001 38.9809244)",0.0,0.0,1.0,0.0,[0. 1. 2. 3. 4. 5. 6. 7. 8. 9.],[1. 1. 1. 1. 1. 1. 1. 1. 1. 1.],0.0,0.0
1328,102596476,102652979,0,11519252,residential,Ridge Avenue,0,True,41.33093226570895,,,,,,no,,"LINESTRING (-76.5019095 38.9808308, -76.502027 38.9804705)",0.0,0.0,1.0,0.0,[0. 1. 2. 3. 4. 5. 6. 7. 8. 9.],[1. 1. 1. 1. 1. 1. 1. 1. 1. 1.],0.0,0.0
1329,102596476,10128286939,0,11509674,residential,Adams Park Road,0,False,130.66041927342366,,,,,,no,,"LINESTRING (-76.5019095 38.9808308, -76.50190360000001 38.9810262, -76.5018755 38.9812076, -76.5017548 38.9813431, -76.5012346 38.9818289)",0.0,0.0,1.0,0.0,[0. 1. 2. 3. 4. 5. 6. 7. 8. 9.],[1. 1. 1. 1. 1. 1. 1. 1. 1. 1.],0.0,0.0
1330,102596478,10128286932,0,11509674,residential,Adams Park Road,0,True,86.46438126262724,,,,,,no,,"LINESTRING (-76.5003413 38.982591, -76.50055519999999 38.9824946, -76.5010047 38.9820437, -76.501017 38.9820322)",0.0,0.0,1.0,0.0,[0. 1. 2. 3. 4. 5. 6. 7. 8. 9.],[1. 1. 1. 1. 1. 1. 1. 1. 1. 1.],0.0,0.0
